fecha_hora,pm25,n_registros,n_esperados,pm25_imputado,temperatura,humedad_relativa,velocidad_viento,visibilidad,viento_u,viento_v
2026-01-01 00:00:00,71.23076923076923,26,30,False,26.0,74.0,7.0,6.21,-4.499513267805774,-5.362311101832846
2026-01-01 01:00:00,21.93103448275862,29,30,False,24.0,78.38,7.0,6.21,1.7145055188062944e-15,-7.0
2026-01-01 02:00:00,16.928571428571427,28,30,False,25.5,73.92,5.0,6.21,-4.8296291314453415,1.2940952255126041
2026-01-01 03:00:00,14.1,30,30,False,24.5,97.1,12.0,6.21,2.0837781320031654,11.817693036146496
2026-01-01 04:00:00,4.482758620689655,29,30,False,24.0,100.0,13.0,6.21,-6.499999999999999,11.258330249197703
2026-01-01 05:00:00,6.9655172413793105,29,30,False,23.0,94.11,13.0,6.21,-4.446261863233696,12.216004070216808
2026-01-01 06:00:00,7.642857142857143,28,30,False,22.0,73.3,14.0,6.21,-6.999999999999999,12.124355652982143
2026-01-01 07:00:00,7.107142857142857,28,30,False,23.0,64.74,12.0,6.21,-5.999999999999999,10.392304845413264
2026-01-01 08:00:00,7.785714285714286,28,30,False,24.0,57.17,13.0,6.21,-8.356238925925012,9.958577760546714
2026-01-01 09:00:00,9.5,28,30,False,25.0,53.86,14.0,6.21,-6.999999999999999,12.124355652982143
2026-01-01 10:00:00,3.555555555555556,27,30,False,25.0,61.19,14.0,6.21,-6.999999999999999,12.124355652982143
2026-01-01 11:00:00,3.0,29,30,False,25.0,61.19,13.0,6.21,-6.499999999999999,11.258330249197703
2026-01-01 12:00:00,3.0,28,30,False,25.0,57.42,13.0,6.21,-6.499999999999999,11.258330249197703
2026-01-01 13:00:00,3.0,29,30,False,26.0,54.11,12.0,6.21,-5.999999999999999,10.392304845413264
2026-01-01 14:00:00,3.0,28,30,False,26.0,54.11,10.0,6.21,-3.420201433256689,9.396926207859083
2026-01-01 15:00:00,3.0,28,30,False,25.0,53.86,10.0,6.21,-4.999999999999999,8.660254037844387
2026-01-01 16:00:00,3.0,28,30,False,26.0,47.58,13.0,6.21,-6.499999999999999,11.258330249197703
2026-01-01 17:00:00,3.0,28,30,False,25.0,50.49,11.0,6.21,-8.426488874308758,7.070663706551933
2026-01-01 18:00:00,3.0,29,30,False,24.0,53.6,10.0,6.21,-7.66044443118978,6.427876096865393
2026-01-01 19:00:00,3.0,28,30,False,22.0,56.67,9.0,6.21,-6.894399988070802,5.785088487178855
2026-01-01 20:00:00,3.0,29,30,False,22.0,60.48,6.0,6.21,-5.196152422706632,2.9999999999999987
2026-01-01 21:00:00,3.0,27,30,False,21.0,64.3,4.0,6.21,-3.464101615137755,1.9999999999999991
2026-01-01 22:00:00,3.0,28,30,False,21.0,68.59,3.0,6.21,-2.598076211353316,1.4999999999999993
2026-01-01 23:00:00,4.178571428571429,28,30,False,21.0,68.59,0.0,6.21,0.0,0.0
2026-01-02 00:00:00,12.76923076923077,26,30,False,19.0,72.76,3.0,6.21,-1.4999999999999998,-2.598076211353316
2026-01-02 01:00:00,15.241379310344827,29,30,False,17.0,82.51,4.0,6.21,-0.6945927106677213,-3.939231012048832
2026-01-02 02:00:00,11.142857142857142,28,30,False,17.0,77.31,0.0,6.21,0.0,0.0
2026-01-02 03:00:00,13.566666666666666,30,30,False,17.0,82.51,0.0,6.21,0.0,0.0
2026-01-02 04:00:00,12.285714285714286,28,30,False,16.0,87.93,0.0,6.21,0.0,0.0
2026-01-02 05:00:00,16.214285714285715,28,30,False,16.0,87.93,0.0,6.21,0.0,0.0
2026-01-02 06:00:00,6.620689655172414,29,30,False,17.0,88.01,0.0,6.21,0.0,0.0
2026-01-02 07:00:00,6.75,28,30,False,18.0,88.1,0.0,6.21,0.0,0.0
2026-01-02 08:00:00,6.56,25,30,False,,,,,,
2026-01-02 09:00:00,6.695652173913044,23,30,False,24.0,69.19,13.0,6.21,6.500000000000002,11.258330249197702
2026-01-02 10:00:00,5.607142857142857,28,30,False,24.0,69.19,14.0,6.21,-1.7145055188062944e-15,14.0
2026-01-02 11:00:00,3.7857142857142856,28,30,False,22.0,68.79,11.0,6.21,-1.3471114790620886e-15,11.0
2026-01-02 12:00:00,3.107142857142857,28,30,False,23.0,56.92,13.0,6.21,-1.592040838891559e-15,13.0
2026-01-02 13:00:00,3.142857142857143,28,30,False,23.0,53.33,9.0,6.21,-1.102182119232618e-15,9.0
2026-01-02 14:00:00,3.0,28,30,False,23.0,53.33,8.0,6.21,-9.797174393178826e-16,8.0
2026-01-02 15:00:00,3.0,28,30,False,23.0,35.69,9.0,6.21,-1.102182119232618e-15,9.0
2026-01-02 16:00:00,3.0,28,30,False,23.0,38.21,7.0,6.21,1.2155372436685132,6.893654271085456
2026-01-02 17:00:00,3.0,30,30,False,22.0,37.92,5.0,6.21,-6.123233995736766e-16,5.0
2026-01-02 18:00:00,3.0,28,30,False,22.0,40.6,5.0,6.21,-4.698463103929543,1.7101007166283435
2026-01-02 19:00:00,3.0,28,30,False,21.0,43.16,0.0,6.21,0.0,0.0
2026-01-02 20:00:00,16.642857142857142,28,30,False,19.0,48.85,3.0,6.21,-2.598076211353316,-1.5000000000000004
2026-01-02 21:00:00,9.75,24,30,False,18.0,52.0,3.0,6.21,-2.598076211353316,-1.5000000000000004
2026-01-02 22:00:00,14.892857142857142,28,30,False,18.0,55.65,4.0,6.21,-3.7587704831436333,-1.3680805733026753
2026-01-02 23:00:00,24.321428571428573,28,30,False,17.0,55.39,4.0,6.21,-0.6945927106677213,-3.939231012048832
2026-01-03 00:00:00,19.5,28,30,False,15.0,67.34,1.0,6.21,0.3420201433256686,-0.9396926207859084
2026-01-03 01:00:00,3.25,28,30,False,15.0,67.34,4.0,6.21,1.3680805733026746,3.7587704831436337
2026-01-03 02:00:00,5.0,29,30,False,18.67,61.41,13.0,6.21,-1.592040838891559e-15,13.0
2026-01-03 03:00:00,4.2,30,30,False,17.0,82.51,26.0,6.21,-3.184081677783118e-15,26.0
2026-01-03 04:00:00,3.0,28,30,False,17.0,67.76,23.0,6.21,3.9939080863394008,22.650578319280786
2026-01-03 05:00:00,3.0,28,30,False,17.0,59.27,14.0,6.21,4.788282006559362,13.155696691002717
2026-01-03 06:00:00,3.0,28,30,False,16.0,55.13,18.0,6.21,3.1256671980047486,17.726539554219745
2026-01-03 07:00:00,3.0,29,30,False,16.0,51.46,13.0,6.21,-1.592040838891559e-15,13.0
2026-01-03 08:00:00,3.0,29,30,False,17.0,39.14,15.0,6.21,-1.83697019872103e-15,15.0
2026-01-03 09:00:00,3.0,26,30,False,17.0,48.29,12.0,6.21,2.0837781320031654,11.817693036146496
2026-01-03 10:00:00,3.0,29,30,False,17.0,45.05,17.0,6.21,5.814342436536367,15.974774553360444
2026-01-03 11:00:00,3.0,28,30,False,19.0,42.59,14.0,6.21,4.788282006559362,13.155696691002717
2026-01-03 12:00:00,3.0,28,30,False,20.0,37.34,15.0,6.21,7.500000000000002,12.990381056766578
2026-01-03 13:00:00,3.0,28,30,False,19.0,48.85,15.0,6.21,7.500000000000002,12.990381056766578
2026-01-03 14:00:00,3.0,27,30,False,20.0,42.87,15.0,6.21,5.13030214988503,14.095389311788626
2026-01-03 15:00:00,3.0,28,30,False,20.0,42.87,14.0,6.21,7.000000000000002,12.12435565298214
2026-01-03 16:00:00,3.0,28,30,False,19.0,39.73,15.0,6.21,9.641814145298088,11.490666646784671
2026-01-03 17:00:00,3.0,28,30,False,19.0,42.59,15.0,6.21,9.641814145298088,11.490666646784671
2026-01-03 18:00:00,3.0,28,30,False,19.0,37.04,16.0,6.21,10.284601754984628,12.25671108990365
2026-01-03 19:00:00,3.0,28,30,False,18.0,42.3,14.0,6.21,7.000000000000002,12.12435565298214
2026-01-03 20:00:00,3.0,28,30,False,18.0,52.0,10.0,6.21,3.4202014332566866,9.396926207859085
2026-01-03 21:00:00,3.0,26,30,False,17.0,51.73,12.0,6.21,6.000000000000002,10.392304845413264
2026-01-03 22:00:00,3.0,29,30,False,17.0,51.73,15.0,6.21,2.604722665003957,14.772116295183121
2026-01-03 23:00:00,3.0,28,30,False,17.0,51.73,13.0,6.21,4.446261863233692,12.21600407021681
2026-01-04 00:00:00,3.0,27,30,False,17.0,48.29,14.0,6.21,7.000000000000002,12.12435565298214
2026-01-04 01:00:00,3.0,29,30,False,16.0,51.46,14.0,6.21,7.000000000000002,12.12435565298214
2026-01-04 02:00:00,3.0,28,30,False,16.0,51.46,11.0,6.21,7.070663706551931,8.42648887430876
2026-01-04 03:00:00,3.0,30,30,False,16.0,48.01,14.0,6.21,8.999026535611549,10.724622203665694
2026-01-04 04:00:00,3.0,29,30,False,16.0,48.01,11.0,6.21,8.426488874308756,7.070663706551934
2026-01-04 05:00:00,3.0,29,30,False,15.0,54.86,8.0,6.21,6.128355544951823,5.142300877492316
2026-01-04 06:00:00,3.0,28,30,False,16.0,51.46,8.0,6.21,6.928203230275508,4.0000000000000036
2026-01-04 07:00:00,3.0,29,30,False,17.0,51.73,12.0,6.21,7.713451316238471,9.192533317427738
2026-01-04 08:00:00,3.0,28,30,False,17.0,51.73,11.0,6.21,7.070663706551931,8.42648887430876
2026-01-04 09:00:00,3.0,27,30,False,19.0,45.62,12.0,6.21,7.713451316238471,9.192533317427738
2026-01-04 10:00:00,3.0,28,30,False,19.0,48.85,14.0,6.21,8.999026535611549,10.724622203665694
2026-01-04 11:00:00,3.0,28,30,False,19.0,48.85,15.0,6.21,7.500000000000002,12.990381056766578
2026-01-04 12:00:00,3.0,28,30,False,20.0,42.87,13.0,6.21,8.35623892592501,9.958577760546715
2026-01-04 13:00:00,3.0,28,30,False,20.0,49.12,14.0,6.21,8.999026535611549,10.724622203665694
2026-01-04 14:00:00,3.0,28,30,False,21.0,46.19,13.0,6.21,6.500000000000002,11.258330249197702
2026-01-04 15:00:00,3.0,28,30,False,21.0,46.19,11.0,6.21,5.500000000000001,9.526279441628825
2026-01-04 16:00:00,3.0,28,30,False,21.0,43.16,9.0,6.21,3.0781812899310177,8.457233587073176
2026-01-04 17:00:00,3.0,29,30,False,21.0,43.16,9.0,6.21,4.500000000000001,7.794228634059947
2026-01-04 18:00:00,3.0,28,30,False,21.0,43.16,5.0,6.21,1.7101007166283433,4.698463103929543
2026-01-04 19:00:00,3.344827586206897,29,30,False,19.0,52.27,0.0,6.21,0.0,0.0
2026-01-04 20:00:00,3.0,25,30,False,18.0,55.65,3.0,6.21,-1.0260604299770066,2.819077862357725
2026-01-04 21:00:00,3.1785714285714284,28,30,False,18.0,59.52,3.0,6.21,-1.4999999999999998,2.598076211353316
2026-01-04 22:00:00,3.3333333333333335,30,30,False,17.0,67.76,4.0,6.21,-3.064177772475912,2.5711504387461575
2026-01-04 23:00:00,21.821428571428573,28,30,False,14.0,82.13,3.0,6.21,-0.520944533000791,-2.954423259036624
2026-01-05 00:00:00,14.75,28,30,False,15.0,76.99,0.0,6.21,0.0,0.0
2026-01-05 01:00:00,13.142857142857142,28,30,False,14.0,82.13,0.0,6.21,0.0,0.0
2026-01-05 02:00:00,21.25,28,30,False,13.0,87.65,0.0,6.21,0.0,0.0
2026-01-05 03:00:00,11.066666666666666,30,30,False,12.0,93.6,5.0,6.21,1.2246467991473533e-15,-5.0
2026-01-05 04:00:00,11.620689655172415,29,30,False,13.0,87.65,3.0,6.21,-1.9283628290596178,-2.298133329356934
2026-01-05 05:00:00,9.392857142857142,28,30,False,11.0,93.55,3.0,6.21,1.5000000000000013,-2.598076211353315
2026-01-05 06:00:00,13.178571428571429,28,30,False,11.0,93.55,3.0,6.21,7.347880794884119e-16,-3.0
2026-01-05 07:00:00,8.241379310344827,29,30,False,14.0,82.13,3.0,6.21,1.9283628290596186,-2.2981333293569333
2026-01-05 08:00:00,5.961538461538462,26,30,False,17.0,67.76,0.0,6.21,0.0,0.0
2026-01-05 09:00:00,3.9545454545454546,22,30,False,20.0,52.54,3.0,6.21,1.0260604299770058,-2.8190778623577253
2026-01-05 10:00:00,3.1379310344827585,29,30,False,21.0,46.19,3.0,6.21,1.5000000000000013,-2.598076211353315
2026-01-05 11:00:00,3.0,29,30,False,23.0,43.73,3.0,6.21,-1.4999999999999998,2.598076211353316
2026-01-05 12:00:00,3.0,29,30,False,25.0,41.46,2.0,6.21,-0.6840402866513378,1.8793852415718166
2026-01-05 13:00:00,3.0,28,30,False,25.0,41.46,7.0,6.21,-4.499513267805776,5.362311101832845
2026-01-05 14:00:00,3.0,28,30,False,25.0,41.46,8.0,6.21,-3.9999999999999996,6.92820323027551
2026-01-05 15:00:00,3.0,28,30,False,25.0,41.46,11.0,6.21,-7.070663706551934,8.426488874308756
2026-01-05 16:00:00,3.0,28,30,False,25.0,44.3,11.0,6.21,-7.070663706551934,8.426488874308756
2026-01-05 17:00:00,3.0,27,30,False,24.0,47.03,12.0,6.21,-7.713451316238474,9.192533317427735
2026-01-05 18:00:00,3.0,28,30,False,24.0,50.22,14.0,6.21,-10.724622203665692,8.99902653561155
2026-01-05 19:00:00,3.0,29,30,False,23.0,60.72,15.0,6.21,-12.99038105676658,7.4999999999999964
2026-01-05 20:00:00,3.0,27,30,False,21.0,68.59,13.0,6.21,-12.21600407021681,4.446261863233693
2026-01-05 21:00:00,3.0,26,30,False,21.0,60.24,12.0,6.21,-11.817693036146496,2.0837781320031636
2026-01-05 22:00:00,3.0,28,30,False,20.0,56.16,10.0,6.21,-10.0,-6.123233995736766e-16
2026-01-05 23:00:00,3.0,28,30,False,19.0,59.76,11.0,6.21,-11.0,-6.735557395310443e-16
2026-01-06 00:00:00,4.379310344827586,29,30,False,18.0,63.62,8.0,6.21,-7.5175409662872665,-2.7361611466053506
2026-01-06 01:00:00,6.827586206896552,29,30,False,17.0,72.4,6.0,6.21,-2.0521208599540124,-5.638155724715451
2026-01-06 02:00:00,7.357142857142857,28,30,False,17.0,67.76,6.0,6.21,-2.0521208599540124,-5.638155724715451
2026-01-06 03:00:00,6.566666666666666,30,30,False,17.0,59.27,10.0,6.21,-4.999999999999999,-8.660254037844387
2026-01-06 04:00:00,3.25,28,30,False,17.0,63.39,9.0,6.21,-4.499999999999999,-7.794228634059948
2026-01-06 05:00:00,3.0,28,30,False,16.0,77.15,7.0,6.21,-2.394141003279681,-6.5778483455013586
2026-01-06 06:00:00,6.107142857142857,28,30,False,16.0,77.15,8.0,6.21,-2.7361611466053497,-7.517540966287267
2026-01-06 07:00:00,6.0,29,30,False,17.0,77.31,11.0,6.21,-3.762221576582356,-10.336618828644992
2026-01-06 08:00:00,6.678571428571429,28,30,False,20.0,64.07,11.0,6.21,-3.762221576582356,-10.336618828644992
2026-01-06 09:00:00,4.576923076923077,26,30,False,23.0,49.95,10.0,6.21,-1.7364817766693033,-9.84807753012208
2026-01-06 10:00:00,4.857142857142857,28,30,False,26.0,41.75,11.0,6.21,-1.9101299543362336,-10.832885283134289
2026-01-06 11:00:00,3.0,28,30,False,28.0,32.51,8.0,6.21,-2.7361611466053497,-7.517540966287267
2026-01-06 12:00:00,3.0,28,30,False,29.0,30.68,8.0,6.21,-2.7361611466053497,-7.517540966287267
2026-01-06 13:00:00,3.142857142857143,28,30,False,29.0,28.69,3.0,6.21,-1.0260604299770062,-2.8190778623577253
2026-01-06 14:00:00,3.0,30,30,False,31.0,25.58,6.0,6.21,-4.596266658713868,-3.8567256581192364
2026-01-06 15:00:00,3.0,28,30,False,30.0,35.33,8.0,6.21,-7.878462024097664,-1.3891854213354433
2026-01-06 16:00:00,3.0,28,30,False,28.0,48.13,15.0,6.21,-14.095389311788626,5.130302149885031
2026-01-06 17:00:00,3.0,29,30,False,27.0,47.85,14.0,6.21,-12.124355652982143,6.9999999999999964
2026-01-06 18:00:00,3.0,28,30,False,26.0,65.39,11.0,6.21,-9.526279441628827,5.499999999999997
2026-01-06 19:00:00,3.1785714285714284,28,30,False,25.0,73.83,8.0,6.21,-6.128355544951824,5.142300877492315
2026-01-06 20:00:00,5.6,30,30,False,24.0,88.61,7.0,6.21,-6.062177826491071,3.4999999999999982
2026-01-06 21:00:00,6.24,25,30,False,24.0,88.61,0.0,6.21,0.0,0.0
2026-01-06 22:00:00,13.413793103448276,29,30,False,23.0,100.0,0.0,6.21,0.0,0.0
2026-01-06 23:00:00,18.925925925925927,27,30,False,23.0,100.0,0.0,6.21,0.0,0.0
2026-01-07 00:00:00,20.25,28,30,False,22.0,64.52,7.0,6.21,-4.499513267805774,-5.362311101832846
2026-01-07 01:00:00,7.766666666666667,30,30,False,22.0,68.79,6.0,6.21,-2.9999999999999996,-5.196152422706632
2026-01-07 02:00:00,8.214285714285714,28,30,False,22.0,73.3,6.0,6.21,-3.8567256581192355,-4.596266658713868
2026-01-07 03:00:00,8.9,30,30,False,21.0,83.0,5.0,6.21,-2.4999999999999996,-4.330127018922194
2026-01-07 04:00:00,8.035714285714286,28,30,False,21.0,83.0,5.0,6.21,-3.2139380484326963,-3.83022221559489
2026-01-07 05:00:00,6.821428571428571,28,30,False,21.0,83.0,5.0,6.21,-2.4999999999999996,-4.330127018922194
2026-01-07 06:00:00,3.9642857142857144,28,30,False,20.0,88.28,4.0,6.21,-0.6945927106677213,-3.939231012048832
2026-01-07 07:00:00,6.142857142857143,28,30,False,22.0,73.3,5.0,6.21,1.2246467991473533e-15,-5.0
2026-01-07 08:00:00,5.928571428571429,28,30,False,22.0,73.3,7.0,6.21,2.3941410032796804,-6.5778483455013586
2026-01-07 09:00:00,4.9523809523809526,21,30,False,25.0,50.49,6.0,6.21,4.596266658713869,-3.8567256581192355
2026-01-07 10:00:00,3.3214285714285716,28,30,False,26.0,65.5,7.5,5.59,7.471460235688092,-0.6536680706074341
2026-01-07 11:00:00,3.357142857142857,28,30,False,24.0,88.61,10.0,5.59,9.84807753012208,1.7364817766693033
2026-01-07 12:00:00,3.0,29,30,False,23.0,94.11,7.0,6.21,2.394141003279681,6.5778483455013586
2026-01-07 13:00:00,3.1724137931034484,29,30,False,24.0,83.36,7.0,6.21,-8.572527594031472e-16,7.0
2026-01-07 14:00:00,3.0,28,30,False,25.0,73.83,14.0,6.21,-1.7145055188062944e-15,14.0
2026-01-07 15:00:00,3.357142857142857,28,30,False,24.0,78.38,15.0,6.21,-1.83697019872103e-15,15.0
2026-01-07 16:00:00,8.586206896551724,29,30,False,22.33,87.21,13.67,3.73,-0.786900248537286,13.647332633113766
2026-01-07 17:00:00,7.75,28,30,False,20.0,100.0,18.0,6.21,-3.125667198004745,17.726539554219745
2026-01-07 18:00:00,9.214285714285714,28,30,False,19.0,93.93,22.0,6.21,-7.524443153164715,20.673237657289985
2026-01-07 19:00:00,9.206896551724137,29,30,False,19.0,82.76,19.0,6.21,-6.498382723187708,17.854159794932258
2026-01-07 20:00:00,9.655172413793103,29,30,False,18.0,72.58,15.0,6.21,-7.499999999999999,12.99038105676658
2026-01-07 21:00:00,6.153846153846154,26,30,False,18.0,59.52,16.0,6.21,-7.999999999999999,13.85640646055102
2026-01-07 22:00:00,3.0,28,30,False,17.0,67.76,15.0,6.21,-5.130302149885033,14.095389311788624
2026-01-07 23:00:00,3.0,28,30,False,17.0,59.27,12.0,6.21,-4.1042417199080266,11.2763114494309
2026-01-08 00:00:00,3.0,28,30,False,17.0,63.39,11.0,6.21,-1.9101299543362331,10.832885283134289
2026-01-08 01:00:00,3.0,28,30,False,16.0,67.55,14.0,6.21,-6.999999999999999,12.124355652982143
2026-01-08 02:00:00,3.0,28,30,False,16.0,67.55,12.0,6.21,-5.999999999999999,10.392304845413264
2026-01-08 03:00:00,3.0,30,30,False,16.0,67.55,13.0,6.21,-6.499999999999999,11.258330249197703
2026-01-08 04:00:00,3.0,28,30,False,16.0,67.55,12.0,6.21,-5.999999999999999,10.392304845413264
2026-01-08 05:00:00,3.0,29,30,False,16.0,63.16,13.0,6.21,-6.499999999999999,11.258330249197703
2026-01-08 06:00:00,3.0,28,30,False,16.0,72.21,11.0,6.21,-7.070663706551934,8.426488874308756
2026-01-08 07:00:00,3.0,28,30,False,17.0,63.39,11.0,6.21,-8.426488874308758,7.070663706551933
2026-01-08 08:00:00,3.0,29,30,False,18.0,55.65,12.0,6.21,-9.192533317427737,7.713451316238473
2026-01-08 09:00:00,3.0,26,30,False,19.0,55.91,11.0,6.21,-8.426488874308758,7.070663706551933
2026-01-08 10:00:00,3.0,28,30,False,20.0,52.54,12.0,6.21,-7.713451316238474,9.192533317427735
2026-01-08 11:00:00,3.0,28,30,False,20.0,56.16,13.0,6.21,-9.958577760546714,8.356238925925012
2026-01-08 12:00:00,3.0,27,30,False,22.0,49.67,14.0,6.21,-12.124355652982143,6.9999999999999964
2026-01-08 13:00:00,3.4642857142857144,28,30,False,22.0,53.07,15.0,6.21,-12.99038105676658,7.4999999999999964
2026-01-08 14:00:00,3.0,29,30,False,22.0,53.07,15.0,6.21,-11.49066664678467,9.64181414529809
2026-01-08 15:00:00,3.0,28,30,False,23.0,53.33,14.0,6.21,-10.724622203665692,8.99902653561155
2026-01-08 16:00:00,3.0,28,30,False,22.0,53.07,16.0,6.21,-10.284601754984632,12.256711089903646
2026-01-08 17:00:00,3.0,28,30,False,22.0,56.67,17.0,6.21,-10.927389364671171,13.022755533022625
2026-01-08 18:00:00,3.0,29,30,False,21.0,60.24,16.0,6.21,-12.256711089903648,10.28460175498463
2026-01-08 19:00:00,3.0,28,30,False,20.0,68.38,15.0,6.21,-11.49066664678467,9.64181414529809
2026-01-08 20:00:00,3.0,28,30,False,19.0,68.18,16.0,6.21,-13.85640646055102,7.9999999999999964
2026-01-08 21:00:00,4.769230769230769,26,30,False,19.0,72.76,16.0,6.21,-15.035081932574535,5.472322293210699
2026-01-08 22:00:00,5.107142857142857,28,30,False,19.0,68.18,14.0,6.21,-13.787308542170912,2.4310744873370242
2026-01-08 23:00:00,3.892857142857143,28,30,False,18.0,72.58,12.0,6.21,-12.0,-7.347880794884119e-16
2026-01-09 00:00:00,5.357142857142857,28,30,False,18.0,72.58,8.0,6.21,-8.0,-4.898587196589413e-16
2026-01-09 01:00:00,6.571428571428571,28,30,False,18.0,72.58,6.0,6.21,-5.908846518073248,-1.0418890660015825
2026-01-09 02:00:00,7.428571428571429,28,30,False,17.0,77.31,4.0,6.21,-4.0,-2.4492935982947064e-16
2026-01-09 03:00:00,5.866666666666667,30,30,False,17.0,72.4,5.0,6.21,-4.92403876506104,0.8682408883346515
2026-01-09 04:00:00,5.714285714285714,28,30,False,18.0,67.97,4.0,6.21,-3.939231012048832,0.6945927106677212
2026-01-09 05:00:00,5.758620689655173,29,30,False,18.0,72.58,7.0,6.21,-6.893654271085456,1.2155372436685121
2026-01-09 06:00:00,4.333333333333333,30,30,False,18.0,77.46,6.0,6.21,-6.0,-3.6739403974420594e-16
2026-01-09 07:00:00,6.586206896551724,29,30,False,18.0,72.58,6.0,6.21,-5.908846518073248,-1.0418890660015825
2026-01-09 08:00:00,4.730769230769231,26,30,False,19.0,68.18,6.0,6.21,-6.0,-3.6739403974420594e-16
2026-01-09 09:00:00,4.64,25,30,False,21.0,64.3,10.0,6.21,-10.0,-6.123233995736766e-16
2026-01-09 10:00:00,3.6785714285714284,28,30,False,22.0,64.52,12.0,6.21,-10.392304845413264,5.999999999999997
2026-01-09 11:00:00,3.3793103448275863,29,30,False,23.0,64.74,15.0,6.21,-14.095389311788626,5.130302149885031
2026-01-09 12:00:00,3.392857142857143,28,30,False,24.0,64.96,16.0,6.21,-13.85640646055102,7.9999999999999964
2026-01-09 13:00:00,3.0,29,30,False,24.0,69.19,16.0,6.21,-12.256711089903648,10.28460175498463
2026-01-09 14:00:00,3.0,28,30,False,23.0,78.23,16.0,6.21,-12.256711089903648,10.28460175498463
2026-01-09 15:00:00,3.5185185185185186,27,30,False,23.0,83.24,15.0,6.21,-11.49066664678467,9.64181414529809
2026-01-09 16:00:00,3.2758620689655173,29,30,False,23.0,78.23,18.0,6.21,-15.588457268119896,8.999999999999996
2026-01-09 17:00:00,6.2592592592592595,27,30,False,23.0,78.23,17.0,6.21,-14.722431864335459,8.499999999999996
2026-01-09 18:00:00,7.482758620689655,29,30,False,23.0,78.23,17.0,6.21,-15.974774553360444,5.814342436536368
2026-01-09 19:00:00,6.137931034482759,29,30,False,23.0,73.48,12.0,6.21,-11.817693036146496,-2.083778132003165
2026-01-09 20:00:00,6.607142857142857,28,30,False,22.0,73.3,11.0,6.21,-10.336618828644992,-3.7622215765823572
2026-01-09 21:00:00,3.8461538461538463,26,30,False,20.0,82.88,14.0,6.21,-13.787308542170912,2.4310744873370242
2026-01-09 22:00:00,3.3214285714285716,28,30,False,18.0,93.89,14.0,6.21,-14.0,-8.572527594031472e-16
2026-01-09 23:00:00,5.241379310344827,29,30,False,18.0,93.89,15.0,6.21,-14.772116295183121,2.6047226650039548
2026-01-10 00:00:00,4.035714285714286,28,30,False,18.0,100.0,15.0,5.59,-14.772116295183121,2.6047226650039548
2026-01-10 01:00:00,3.0,27,30,False,17.0,100.0,13.0,4.97,-12.802500789158705,2.2574263096700937
2026-01-10 02:00:00,3.0,28,30,False,18.0,100.0,10.0,5.59,-9.396926207859085,3.420201433256687
2026-01-10 03:00:00,3.566666666666667,30,30,False,18.0,100.0,12.0,6.21,-7.713451316238474,9.192533317427735
2026-01-10 04:00:00,3.0,28,30,False,19.0,88.19,14.0,6.21,-8.999026535611552,10.72462220366569
2026-01-10 05:00:00,5.3,30,30,False,19.5,96.99,14.5,3.42,-8.316858327090166,11.877704642190382
2026-01-10 06:00:00,3.107142857142857,28,30,False,18.5,100.0,13.5,1.24,-8.677632730768282,10.341599982106201
2026-01-10 07:00:00,3.0,28,30,False,17.5,100.0,13.5,0.84,-9.545941546018392,9.54594154601839
2026-01-10 08:00:00,3.0,28,30,False,18.67,100.0,15.33,0.97,-7.664999999999999,13.276169440015446
2026-01-10 09:00:00,3.230769230769231,26,30,False,18.0,100.0,20.5,2.8,-5.305790424601681,19.8014794389259
2026-01-10 10:00:00,7.857142857142857,28,30,False,18.0,100.0,20.33,0.89,-2.489706942666569e-15,20.33
2026-01-10 11:00:00,4.068965517241379,29,30,False,18.0,100.0,27.33,0.62,-3.346959702069716e-15,27.33
2026-01-10 12:00:00,3.0,28,30,False,17.75,100.0,28.25,0.62,-2.462149732621344,28.14250022109181
2026-01-10 13:00:00,3.0,29,30,False,18.0,100.0,29.0,0.52,-1.669356781827454,28.95191268180682
2026-01-10 14:00:00,3.0,28,30,False,18.0,100.0,26.5,1.4,2.3096271828129353,26.399159499431256
2026-01-10 15:00:00,3.0,28,30,False,18.0,100.0,25.0,0.78,4.341204441673262,24.6201938253052
2026-01-10 16:00:00,3.0,28,30,False,18.0,100.0,27.0,0.62,4.688500797007123,26.589809331329615
2026-01-10 17:00:00,3.0,28,30,False,18.0,100.0,25.0,0.62,8.550503583141717,23.49231551964771
2026-01-10 18:00:00,3.0,28,30,False,18.0,100.0,24.0,0.59,3.1326286132812315,23.794676672971452
2026-01-10 19:00:00,3.0,28,30,False,18.0,100.0,24.0,1.18,2.091737825943791,23.908672754201895
2026-01-10 20:00:00,6.714285714285714,28,30,False,18.0,100.0,22.5,3.73,-2.7554552980815448e-15,22.5
2026-01-10 21:00:00,5.653846153846154,26,30,False,18.0,100.0,20.0,1.86,3.4729635533386096,19.69615506024416
2026-01-10 22:00:00,6.535714285714286,28,30,False,18.0,100.0,20.0,4.97,6.840402866513373,18.79385241571817
2026-01-10 23:00:00,3.0,28,30,False,18.0,100.0,20.0,6.21,6.840402866513373,18.79385241571817
2026-01-11 00:00:00,3.0,28,30,False,19.0,100.0,17.0,6.21,2.952019020337818,16.741731801207536
2026-01-11 01:00:00,3.103448275862069,29,30,False,19.0,100.0,18.0,4.97,3.1256671980047486,17.726539554219745
2026-01-11 02:00:00,3.0,27,30,False,19.0,100.0,15.0,4.35,2.604722665003957,14.772116295183121
2026-01-11 03:00:00,3.0,30,30,False,19.0,100.0,15.0,6.21,5.13030214988503,14.095389311788626
2026-01-11 04:00:00,3.0,30,30,False,19.0,100.0,15.0,6.21,2.604722665003957,14.772116295183121
2026-01-11 05:00:00,3.0,28,30,False,19.0,100.0,13.0,6.21,2.257426309670096,12.802500789158705
2026-01-11 06:00:00,3.0,28,30,False,20.0,93.98,15.0,6.21,2.604722665003957,14.772116295183121
2026-01-11 07:00:00,3.0,29,30,False,20.0,93.98,15.0,6.21,2.604722665003957,14.772116295183121
2026-01-11 08:00:00,3.0,27,30,False,20.0,93.98,14.0,6.21,4.788282006559362,13.155696691002717
2026-01-11 09:00:00,3.925925925925926,27,30,False,21.0,94.02,12.0,6.21,4.104241719908024,11.276311449430901
2026-01-11 10:00:00,4.241379310344827,29,30,False,22.0,83.12,15.0,6.21,2.604722665003957,14.772116295183121
2026-01-11 11:00:00,3.4642857142857144,28,30,False,23.0,83.24,12.0,6.21,2.0837781320031654,11.817693036146496
2026-01-11 12:00:00,3.0,28,30,False,24.0,83.36,12.0,6.21,2.0837781320031654,11.817693036146496
2026-01-11 13:00:00,3.0,29,30,False,24.0,78.38,12.0,6.21,2.0837781320031654,11.817693036146496
2026-01-11 14:00:00,3.0,27,30,False,24.0,78.38,10.0,6.21,3.4202014332566866,9.396926207859085
2026-01-11 15:00:00,3.0,28,30,False,24.0,78.38,10.0,6.21,3.4202014332566866,9.396926207859085
2026-01-11 16:00:00,3.0,29,30,False,24.0,78.38,10.0,6.21,3.4202014332566866,9.396926207859085
2026-01-11 17:00:00,3.0,28,30,False,24.0,78.38,6.0,6.21,1.0418890660015827,5.908846518073248
2026-01-11 18:00:00,3.0,29,30,False,23.0,83.24,6.0,6.21,-7.347880794884119e-16,6.0
2026-01-11 19:00:00,3.0,27,30,False,21.5,91.24,4.5,6.21,-1.53909064496551,4.228616793536587
2026-01-11 20:00:00,3.3461538461538463,26,30,False,21.0,94.02,4.0,6.21,-2.571150438746158,3.0641777724759116
2026-01-11 21:00:00,4.413793103448276,29,30,False,20.0,93.98,5.0,6.21,-4.095760221444959,2.8678821817552307
2026-01-11 22:00:00,8.814814814814815,27,30,False,20.0,93.98,3.0,6.21,-2.8190778623577253,1.0260604299770062
2026-01-11 23:00:00,9.862068965517242,29,30,False,19.0,100.0,1.5,6.21,-0.5130302149885031,-1.4095389311788626
2026-01-12 00:00:00,11.655172413793103,29,30,False,19.0,100.0,4.0,6.21,-2.571150438746157,-3.064177772475912
2026-01-12 01:00:00,17.75,28,30,False,18.0,100.0,2.0,6.21,4.898587196589413e-16,-2.0
2026-01-12 02:00:00,15.566666666666666,30,30,False,18.0,100.0,4.0,6.21,-1.9999999999999998,-3.464101615137755
2026-01-12 03:00:00,3.0,30,30,False,19.0,100.0,6.0,6.21,-3.8567256581192355,-4.596266658713868
2026-01-12 04:00:00,6.928571428571429,28,30,False,18.0,100.0,3.5,6.21,-2.249756633902887,-2.681155550916423
2026-01-12 05:00:00,14.413793103448276,29,30,False,18.0,100.0,2.0,6.21,-0.6840402866513374,-1.8793852415718169
2026-01-12 06:00:00,3.4,30,30,False,18.0,100.0,4.0,6.21,-3.7587704831436333,-1.3680805733026753
2026-01-12 07:00:00,3.107142857142857,28,30,False,19.0,100.0,2.0,6.21,-0.6840402866513374,-1.8793852415718169
2026-01-12 08:00:00,8.192307692307692,26,30,False,20.0,100.0,3.0,6.21,-0.520944533000791,-2.954423259036624
2026-01-12 09:00:00,8.863636363636363,22,30,False,23.0,83.24,3.0,6.21,-1.9283628290596178,-2.298133329356934
2026-01-12 10:00:00,5.535714285714286,28,30,False,25.0,69.38,0.0,6.21,0.0,0.0
2026-01-12 11:00:00,3.7241379310344827,29,30,False,27.0,54.37,0.0,6.21,0.0,0.0
2026-01-12 12:00:00,3.0,30,30,False,28.0,65.82,3.0,6.21,-2.598076211353316,1.4999999999999993
2026-01-12 13:00:00,5.428571428571429,28,30,False,29.0,62.11,6.0,6.21,-5.196152422706632,2.9999999999999987
2026-01-12 14:00:00,4.071428571428571,28,30,False,29.0,62.11,8.0,6.21,-6.128355544951824,5.142300877492315
2026-01-12 15:00:00,3.8214285714285716,28,30,False,29.0,58.4,8.0,6.21,-6.128355544951824,5.142300877492315
2026-01-12 16:00:00,3.793103448275862,29,30,False,29.0,51.55,7.0,6.21,-5.362311101832846,4.499513267805775
2026-01-12 17:00:00,3.0,27,30,False,29.0,51.55,6.0,6.21,-4.596266658713868,3.8567256581192364
2026-01-12 18:00:00,3.5357142857142856,28,30,False,28.0,48.13,6.0,6.21,-4.596266658713868,3.8567256581192364
2026-01-12 19:00:00,3.0,29,30,False,26.0,57.67,7.0,6.21,-6.5778483455013586,2.394141003279681
2026-01-12 20:00:00,3.0,28,30,False,24.0,73.66,6.0,6.21,-5.638155724715451,2.0521208599540124
2026-01-12 21:00:00,7.857142857142857,28,30,False,23.0,88.53,6.0,6.21,-6.0,-3.6739403974420594e-16
2026-01-12 22:00:00,12.75,28,30,False,23.0,94.11,0.0,6.21,0.0,0.0
2026-01-12 23:00:00,11.551724137931034,29,30,False,23.0,94.11,5.0,6.21,-5.0,-3.061616997868383e-16
2026-01-13 00:00:00,10.074074074074074,27,30,False,22.0,88.45,5.0,6.21,-5.0,-3.061616997868383e-16
2026-01-13 01:00:00,11.758620689655173,29,30,False,22.0,83.12,3.0,6.21,-2.598076211353316,-1.5000000000000004
2026-01-13 02:00:00,8.571428571428571,28,30,False,21.0,88.36,4.0,6.21,-1.9999999999999998,-3.464101615137755
2026-01-13 03:00:00,8.4,30,30,False,21.0,94.02,3.0,6.21,-1.4999999999999998,-2.598076211353316
2026-01-13 04:00:00,9.185185185185185,27,30,False,20.0,100.0,5.0,6.21,-2.4999999999999996,-4.330127018922194
2026-01-13 05:00:00,10.413793103448276,29,30,False,19.0,100.0,5.0,6.21,-1.7101007166283435,-4.698463103929543
2026-01-13 06:00:00,11.821428571428571,28,30,False,19.0,100.0,1.0,6.21,-0.3420201433256687,-0.9396926207859084
2026-01-13 07:00:00,10.357142857142858,28,30,False,20.0,100.0,1.0,6.21,-0.3420201433256687,-0.9396926207859084
2026-01-13 08:00:00,10.222222222222221,27,30,False,21.0,94.02,6.0,6.21,-3.8567256581192355,-4.596266658713868
2026-01-13 09:00:00,11.789473684210526,19,30,False,23.0,88.53,7.0,6.21,-1.2155372436685123,-6.893654271085456
2026-01-13 10:00:00,3.1578947368421053,19,30,False,25.0,73.83,4.0,6.21,-0.6945927106677213,-3.939231012048832
2026-01-13 11:00:00,3.0,29,30,False,27.0,65.6,4.0,6.21,3.4641016151377544,-2.0000000000000004
2026-01-13 12:00:00,3.0,28,30,False,26.0,78.67,10.0,6.21,-6.427876096865395,7.660444431189779
2026-01-13 13:00:00,3.0,29,30,False,25.0,83.47,12.0,6.21,-5.999999999999999,10.392304845413264
2026-01-13 14:00:00,3.0,28,30,False,27.0,74.17,12.0,6.21,-10.392304845413264,5.999999999999997
2026-01-13 15:00:00,3.0,28,30,False,27.0,74.17,10.0,6.21,-7.66044443118978,6.427876096865393
2026-01-13 16:00:00,3.0,29,30,False,27.0,69.77,11.0,6.21,-9.526279441628827,5.499999999999997
2026-01-13 17:00:00,3.103448275862069,29,30,False,27.0,74.17,10.0,6.21,-6.427876096865395,7.660444431189779
2026-01-13 18:00:00,3.0,29,30,False,26.0,78.67,12.0,6.21,-9.192533317427737,7.713451316238473
2026-01-13 19:00:00,3.0,28,30,False,25.0,83.47,8.0,6.21,-6.92820323027551,3.9999999999999982
2026-01-13 20:00:00,3.0,29,30,False,24.0,94.16,7.0,6.21,-6.062177826491071,3.4999999999999982
2026-01-13 21:00:00,3.0,27,30,False,23.0,100.0,8.0,6.21,-6.128355544951824,5.142300877492315
2026-01-13 22:00:00,3.111111111111111,27,30,False,23.0,100.0,4.0,6.21,-1.3680805733026755,3.7587704831436333
2026-01-13 23:00:00,3.206896551724138,29,30,False,23.0,100.0,6.0,6.21,-2.9999999999999996,5.196152422706632
2026-01-14 00:00:00,3.111111111111111,27,30,False,23.0,100.0,7.0,6.21,-5.362311101832846,4.499513267805775
2026-01-14 01:00:00,3.0,28,30,False,23.0,100.0,4.0,6.21,-2.571150438746158,3.0641777724759116
2026-01-14 02:00:00,4.035714285714286,28,30,False,22.0,100.0,0.0,6.21,0.0,0.0
2026-01-14 03:00:00,5.2,30,30,False,22.0,100.0,4.0,6.21,-1.9999999999999998,-3.464101615137755
2026-01-14 04:00:00,3.4482758620689653,29,30,False,22.0,100.0,1.0,6.21,-0.3420201433256687,-0.9396926207859084
2026-01-14 05:00:00,3.4285714285714284,28,30,False,21.0,100.0,2.0,6.21,0.6840402866513372,-1.8793852415718169
2026-01-14 06:00:00,3.6,30,30,False,21.0,100.0,0.0,6.21,0.0,0.0
2026-01-14 07:00:00,3.0,29,30,False,21.0,100.0,2.0,6.21,-0.6840402866513374,-1.8793852415718169
2026-01-14 08:00:00,5.481481481481482,27,30,False,24.0,94.16,2.0,6.21,-0.9999999999999999,-1.7320508075688774
2026-01-14 09:00:00,6.68,25,30,False,26.0,83.59,0.0,6.21,0.0,0.0
2026-01-14 10:00:00,7.178571428571429,28,30,False,28.0,74.34,0.0,6.21,0.0,0.0
2026-01-14 11:00:00,3.0,28,30,False,28.0,74.34,4.0,6.21,-3.064177772475912,2.5711504387461575
2026-01-14 12:00:00,3.0,28,30,False,29.0,74.51,7.0,6.21,-4.499513267805776,5.362311101832845
2026-01-14 13:00:00,3.4482758620689653,29,30,False,28.0,78.96,9.0,6.21,-6.894399988070802,5.785088487178855
2026-01-14 14:00:00,3.607142857142857,28,30,False,28.0,78.96,10.0,6.21,-7.66044443118978,6.427876096865393
2026-01-14 15:00:00,3.0,29,30,False,28.0,74.34,12.0,6.21,-10.392304845413264,5.999999999999997
2026-01-14 16:00:00,3.0,28,30,False,28.0,74.34,10.0,6.21,-7.66044443118978,6.427876096865393
2026-01-14 17:00:00,3.0,28,30,False,27.0,83.7,13.0,6.21,-11.258330249197703,6.499999999999997
2026-01-14 18:00:00,3.0,29,30,False,27.0,78.81,14.0,6.21,-12.124355652982143,6.9999999999999964
2026-01-14 19:00:00,3.0,30,30,False,26.0,78.67,13.0,6.21,-12.21600407021681,4.446261863233693
2026-01-14 20:00:00,3.0,28,30,False,25.0,88.7,10.0,6.21,-9.84807753012208,1.736481776669303
2026-01-14 21:00:00,3.0,26,30,False,25.0,88.7,8.0,6.21,-7.878462024097664,1.3891854213354424
2026-01-14 22:00:00,4.074074074074074,27,30,False,25.0,88.7,8.0,6.21,-7.878462024097664,-1.3891854213354433
2026-01-14 23:00:00,7.535714285714286,28,30,False,25.0,83.47,7.0,6.21,-6.5778483455013586,-2.3941410032796817
2026-01-15 00:00:00,4.285714285714286,28,30,False,25.0,83.47,6.0,6.21,-4.596266658713868,-3.8567256581192364
2026-01-15 01:00:00,3.206896551724138,29,30,False,24.0,78.38,8.0,6.21,-5.142300877492314,-6.128355544951824
2026-01-15 02:00:00,3.0,29,30,False,23.0,83.24,7.0,6.21,-4.499513267805774,-5.362311101832846
2026-01-15 03:00:00,3.3,30,30,False,23.0,88.53,7.0,6.21,-2.394141003279681,-6.5778483455013586
2026-01-15 04:00:00,3.7241379310344827,29,30,False,23.0,88.53,6.0,6.21,-2.0521208599540124,-5.638155724715451
2026-01-15 05:00:00,5.25,28,30,False,23.0,88.53,7.0,6.21,-3.4999999999999996,-6.062177826491071
2026-01-15 06:00:00,4.214285714285714,28,30,False,23.0,94.11,7.0,6.21,-2.394141003279681,-6.5778483455013586
2026-01-15 07:00:00,6.178571428571429,28,30,False,24.0,88.61,7.0,6.21,-2.394141003279681,-6.5778483455013586
2026-01-15 08:00:00,6.814814814814815,27,30,False,27.0,78.81,9.0,6.21,-3.0781812899310186,-8.457233587073176
2026-01-15 09:00:00,8.178571428571429,28,30,False,28.0,74.34,10.0,6.21,-1.7364817766693033,-9.84807753012208
2026-01-15 10:00:00,5.0,28,30,False,30.0,70.35,7.0,6.21,-1.2155372436685123,-6.893654271085456
2026-01-15 11:00:00,3.107142857142857,28,30,False,33.0,55.88,8.0,6.21,4.0000000000000036,-6.928203230275507
2026-01-15 12:00:00,3.206896551724138,29,30,False,33.0,55.88,8.0,6.21,6.128355544951825,-5.142300877492314
2026-01-15 13:00:00,3.0,28,30,False,33.0,52.59,13.0,6.21,12.802500789158707,-2.2574263096700897
2026-01-15 14:00:00,3.0,28,30,False,32.0,46.24,8.0,6.21,5.142300877492314,6.128355544951825
2026-01-15 15:00:00,3.5172413793103448,29,30,False,33.0,43.72,12.0,6.21,11.276311449430901,4.104241719908023
2026-01-15 16:00:00,4.071428571428571,28,30,False,33.0,43.72,5.0,6.21,4.330127018922193,-2.5000000000000004
2026-01-15 17:00:00,3.466666666666667,30,30,False,34.0,41.34,8.0,6.21,7.878462024097665,-1.3891854213354398
2026-01-15 18:00:00,4.0,28,30,False,30.0,53.27,14.5,6.21,12.557368354874358,7.250000000000006
2026-01-15 19:00:00,8.821428571428571,28,30,False,23.5,88.74,9.25,2.8,4.625000000000001,8.010734985006057
2026-01-15 20:00:00,10.642857142857142,28,30,False,22.0,100.0,2.5,3.73,-2.349231551964771,-0.8550503583141721
2026-01-15 21:00:00,6.777777777777778,27,30,False,22.0,100.0,0.0,3.11,0.0,0.0
2026-01-15 22:00:00,4.321428571428571,28,30,False,22.0,100.0,0.0,5.59,0.0,0.0
2026-01-15 23:00:00,3.25,28,30,False,22.0,100.0,3.5,6.21,-3.446827135542728,-0.6077686218342564
2026-01-16 00:00:00,3.3703703703703702,27,30,False,22.0,100.0,0.0,6.21,0.0,0.0
2026-01-16 01:00:00,3.107142857142857,28,30,False,21.0,100.0,0.0,6.21,0.0,0.0
2026-01-16 02:00:00,3.0,29,30,False,22.0,100.0,5.0,6.21,0.8682408883346524,4.92403876506104
2026-01-16 03:00:00,5.1,30,30,False,22.0,97.04,8.0,6.21,-3.380946093925596,7.2504622962931995
2026-01-16 04:00:00,5.586206896551724,29,30,False,22.0,94.07,15.0,6.21,-2.6047226650039543,14.772116295183121
2026-01-16 05:00:00,3.0,28,30,False,20.0,82.88,12.0,6.21,-5.999999999999999,10.392304845413264
2026-01-16 06:00:00,3.0,28,30,False,21.0,64.3,10.0,6.21,-4.999999999999999,8.660254037844387
2026-01-16 07:00:00,3.142857142857143,28,30,False,21.0,68.59,10.0,6.21,-6.427876096865395,7.660444431189779
2026-01-16 08:00:00,3.24,25,30,False,23.0,56.92,11.0,6.21,-7.070663706551934,8.426488874308756
2026-01-16 09:00:00,3.0,28,30,False,23.0,60.72,9.0,6.21,-5.7850884871788555,6.894399988070801
2026-01-16 10:00:00,4.172413793103448,29,30,False,24.0,50.22,9.0,6.21,-6.894399988070802,5.785088487178855
2026-01-16 11:00:00,10.724137931034482,29,30,False,24.0,57.17,9.0,6.21,-4.499999999999999,7.794228634059948
2026-01-16 12:00:00,4.407407407407407,27,30,False,25.0,57.42,8.0,6.21,-3.9999999999999996,6.92820323027551
2026-01-16 13:00:00,3.0,29,30,False,25.0,57.42,7.0,6.21,-2.394141003279682,6.5778483455013586
2026-01-16 14:00:00,3.0,28,30,False,24.0,64.96,10.0,6.21,-6.427876096865395,7.660444431189779
2026-01-16 15:00:00,3.0,28,30,False,24.0,60.96,10.0,6.21,-6.427876096865395,7.660444431189779
2026-01-16 16:00:00,3.0,29,30,False,24.0,57.17,10.0,6.21,-6.427876096865395,7.660444431189779
2026-01-16 17:00:00,3.0,28,30,False,24.0,57.17,9.0,6.21,-6.894399988070802,5.785088487178855
2026-01-16 18:00:00,3.0,28,30,False,24.0,41.18,6.0,6.21,-5.196152422706632,2.9999999999999987
2026-01-16 19:00:00,3.0,30,30,False,22.0,53.07,9.0,6.21,-7.794228634059948,4.499999999999998
2026-01-16 20:00:00,3.0,28,30,False,21.0,60.24,5.0,6.21,-4.330127018922194,2.499999999999999
2026-01-16 21:00:00,3.3333333333333335,27,30,False,20.0,68.38,6.0,6.21,-5.638155724715451,2.0521208599540124
2026-01-16 22:00:00,5.535714285714286,28,30,False,20.0,72.95,6.0,6.21,-5.638155724715451,2.0521208599540124
2026-01-16 23:00:00,5.148148148148148,27,30,False,19.0,82.76,4.0,6.21,-3.7587704831436337,1.3680805733026749
2026-01-17 00:00:00,6.928571428571429,28,30,False,18.0,88.1,3.0,6.21,-2.954423259036624,-0.5209445330007912
2026-01-17 01:00:00,8.206896551724137,29,30,False,18.0,88.1,3.0,6.21,-2.819077862357725,-1.0260604299770064
2026-01-17 02:00:00,7.642857142857143,28,30,False,16.0,87.93,3.0,6.21,-2.298133329356934,-1.9283628290596182
2026-01-17 03:00:00,8.7,30,30,False,16.0,87.93,0.0,6.21,0.0,0.0
2026-01-17 04:00:00,9.310344827586206,29,30,False,15.0,87.84,3.0,6.21,-0.520944533000791,-2.954423259036624
2026-01-17 05:00:00,8.642857142857142,28,30,False,15.0,87.84,5.0,6.21,-1.7101007166283435,-4.698463103929543
2026-01-17 06:00:00,7.068965517241379,29,30,False,14.0,93.7,3.0,6.21,-0.520944533000791,-2.954423259036624
2026-01-17 07:00:00,6.310344827586207,29,30,False,15.0,87.84,0.0,6.21,0.0,0.0
2026-01-17 08:00:00,7.8,25,30,False,19.0,82.76,8.0,6.21,1.959434878635765e-15,-8.0
2026-01-17 09:00:00,6.642857142857143,28,30,False,21.0,73.13,8.0,6.21,1.959434878635765e-15,-8.0
2026-01-17 10:00:00,3.586206896551724,29,30,False,24.0,57.17,8.0,6.21,1.959434878635765e-15,-8.0
2026-01-17 11:00:00,3.2758620689655173,29,30,False,27.0,39.36,6.0,6.21,3.8567256581192373,-4.5962666587138665
2026-01-17 12:00:00,3.5357142857142856,28,30,False,29.0,32.8,4.0,6.21,9.797174393178826e-16,-4.0
2026-01-17 13:00:00,3.1785714285714284,28,30,False,30.0,45.69,8.0,6.21,-9.797174393178826e-16,8.0
2026-01-17 14:00:00,3.0,28,30,False,30.0,42.88,6.0,6.21,-5.196152422706632,2.9999999999999987
2026-01-17 15:00:00,3.0,28,30,False,31.0,35.61,8.0,6.21,-6.92820323027551,3.9999999999999982
2026-01-17 16:00:00,3.0,28,30,False,31.0,35.61,8.0,6.21,-6.128355544951824,5.142300877492315
2026-01-17 17:00:00,3.0,28,30,False,30.0,42.88,10.0,6.21,-8.660254037844387,4.999999999999998
2026-01-17 18:00:00,3.0,28,30,False,30.0,40.22,10.0,6.21,-8.660254037844387,4.999999999999998
2026-01-17 19:00:00,3.0,30,30,False,28.0,48.13,8.0,6.21,-6.92820323027551,3.9999999999999982
2026-01-17 20:00:00,3.0,26,30,False,26.0,57.67,6.0,6.21,-3.856725658119237,4.596266658713867
2026-01-17 21:00:00,5.103448275862069,29,30,False,25.0,69.38,5.0,6.21,-2.4999999999999996,4.330127018922194
2026-01-17 22:00:00,10.586206896551724,29,30,False,25.0,69.38,6.0,6.21,-3.856725658119237,4.596266658713867
2026-01-17 23:00:00,8.793103448275863,29,30,False,24.0,83.36,6.0,6.21,-5.908846518073248,-1.0418890660015825
2026-01-18 00:00:00,3.111111111111111,27,30,False,24.0,57.17,5.0,6.21,4.92403876506104,0.8682408883346516
2026-01-18 01:00:00,3.6,30,30,False,24.0,78.38,6.0,6.21,-2.9999999999999996,5.196152422706632
2026-01-18 02:00:00,8.222222222222221,27,30,False,23.0,83.24,12.0,6.21,-5.999999999999999,10.392304845413264
2026-01-18 03:00:00,9.366666666666667,30,30,False,23.0,88.53,14.0,6.21,-6.999999999999999,12.124355652982143
2026-01-18 04:00:00,9.464285714285714,28,30,False,22.0,94.07,15.0,6.21,-9.641814145298092,11.490666646784668
2026-01-18 05:00:00,11.655172413793103,29,30,False,22.0,88.45,16.0,6.21,-5.472322293210702,15.035081932574533
2026-01-18 06:00:00,9.666666666666666,27,30,False,21.0,94.02,14.0,6.21,-6.999999999999999,12.124355652982143
2026-01-18 07:00:00,9.035714285714286,28,30,False,21.0,94.02,14.0,6.21,-6.999999999999999,12.124355652982143
2026-01-18 08:00:00,10.555555555555555,27,30,False,22.0,83.12,15.0,6.21,-7.499999999999999,12.99038105676658
2026-01-18 09:00:00,4.413793103448276,29,30,False,21.0,83.0,13.0,6.21,-2.2574263096700937,12.802500789158705
2026-01-18 10:00:00,4.551724137931035,29,30,False,22.0,60.48,17.0,6.21,-5.814342436536371,15.974774553360442
2026-01-18 11:00:00,3.7586206896551726,29,30,False,22.0,60.48,16.0,6.21,-5.472322293210702,15.035081932574533
2026-01-18 12:00:00,3.0,27,30,False,23.0,56.92,17.0,6.21,-2.9520190203378145,16.741731801207536
2026-01-18 13:00:00,3.0,29,30,False,22.0,58.58,15.5,6.21,-4.0116951990890755,14.971850307480556
2026-01-18 14:00:00,3.0,29,30,False,23.0,53.33,14.0,6.21,-2.431074487337024,13.787308542170912
2026-01-18 15:00:00,3.0,27,30,False,22.0,53.07,18.0,6.21,-6.15636257986204,16.91446717414635
2026-01-18 16:00:00,3.0,28,30,False,22.0,49.67,13.0,6.21,-2.2574263096700937,12.802500789158705
2026-01-18 17:00:00,3.0,28,30,False,21.0,49.4,18.0,6.21,-6.15636257986204,16.91446717414635
2026-01-18 18:00:00,3.0,28,30,False,20.0,49.12,13.0,6.21,-4.446261863233696,12.216004070216808
2026-01-18 19:00:00,3.0,28,30,False,20.0,42.87,14.0,6.21,-4.788282006559364,13.155696691002717
2026-01-18 20:00:00,3.0,26,30,False,19.0,48.85,12.0,6.21,-4.1042417199080266,11.2763114494309
2026-01-18 21:00:00,3.0,29,30,False,18.0,52.0,13.0,6.21,-4.446261863233696,12.216004070216808
2026-01-18 22:00:00,3.0,29,30,False,18.0,52.0,10.0,6.21,-3.420201433256689,9.396926207859083
2026-01-18 23:00:00,3.0,28,30,False,18.0,52.0,9.0,6.21,-4.499999999999999,7.794228634059948
2026-01-19 00:00:00,3.0,28,30,False,19.0,52.27,9.0,6.21,-4.499999999999999,7.794228634059948
2026-01-19 01:00:00,3.0,27,30,False,18.0,55.65,6.0,6.21,-2.9999999999999996,5.196152422706632
2026-01-19 02:00:00,3.0,28,30,False,18.0,55.65,7.0,6.21,-3.4999999999999996,6.062177826491071
2026-01-19 03:00:00,3.0,30,30,False,17.0,63.39,8.0,6.21,-3.9999999999999996,6.92820323027551
2026-01-19 04:00:00,3.0,28,30,False,17.0,55.39,4.0,6.21,-2.571150438746158,3.0641777724759116
2026-01-19 05:00:00,3.0,29,30,False,17.0,55.39,5.0,6.21,-2.4999999999999996,4.330127018922194
2026-01-19 06:00:00,3.0,28,30,False,16.0,63.16,5.0,6.21,-1.7101007166283444,4.698463103929542
2026-01-19 07:00:00,4.111111111111111,27,30,False,17.0,55.39,5.0,6.21,-6.123233995736766e-16,5.0
2026-01-19 08:00:00,3.923076923076923,26,30,False,18.0,55.65,8.0,6.21,-1.3891854213354422,7.878462024097664
2026-01-19 09:00:00,3.36,25,30,False,19.0,48.85,8.0,6.21,-2.736161146605351,7.5175409662872665
2026-01-19 10:00:00,3.2857142857142856,28,30,False,20.0,45.91,9.0,6.21,-4.499999999999999,7.794228634059948
2026-01-19 11:00:00,3.0,28,30,False,20.0,45.91,8.0,6.21,-2.736161146605351,7.5175409662872665
2026-01-19 12:00:00,3.0,29,30,False,20.0,45.91,9.0,6.21,-6.894399988070802,5.785088487178855
2026-01-19 13:00:00,3.0,27,30,False,21.0,43.16,12.0,6.21,-11.276311449430901,4.104241719908025
2026-01-19 14:00:00,3.0,29,30,False,22.0,49.67,11.0,6.21,-9.526279441628827,5.499999999999997
2026-01-19 15:00:00,3.0,27,30,False,22.0,49.67,13.0,6.21,-11.258330249197703,6.499999999999997
2026-01-19 16:00:00,3.0,28,30,False,22.0,53.07,14.0,6.21,-10.724622203665692,8.99902653561155
2026-01-19 17:00:00,3.0,28,30,False,22.0,53.07,13.0,6.21,-11.258330249197703,6.499999999999997
2026-01-19 18:00:00,3.0,28,30,False,21.0,60.24,13.0,6.21,-11.258330249197703,6.499999999999997
2026-01-19 19:00:00,3.0,28,30,False,20.0,68.38,13.0,6.21,-11.258330249197703,6.499999999999997
2026-01-19 20:00:00,3.0,28,30,False,19.0,68.18,13.0,6.21,-11.258330249197703,6.499999999999997
2026-01-19 21:00:00,3.0,26,30,False,19.0,72.76,8.0,6.21,-7.517540966287267,2.7361611466053497
2026-01-19 22:00:00,3.5172413793103448,29,30,False,19.0,68.18,11.0,6.21,-10.832885283134289,1.9101299543362333
2026-01-19 23:00:00,3.0,28,30,False,19.0,72.76,9.0,6.21,-9.0,-5.51091059616309e-16
2026-01-20 00:00:00,3.5925925925925926,27,30,False,17.0,88.01,7.0,6.21,-7.0,-4.286263797015736e-16
2026-01-20 01:00:00,5.068965517241379,29,30,False,17.0,82.51,7.0,6.21,-6.06217782649107,-3.500000000000001
2026-01-20 02:00:00,3.1,30,30,False,16.0,87.93,6.0,6.21,-5.908846518073248,-1.0418890660015825
2026-01-20 03:00:00,3.533333333333333,30,30,False,15.0,93.74,5.0,6.21,-4.92403876506104,-0.8682408883346521
2026-01-20 04:00:00,5.931034482758621,29,30,False,14.0,93.7,0.0,6.21,0.0,0.0
2026-01-20 05:00:00,10.931034482758621,29,30,False,14.0,93.7,0.0,6.21,0.0,0.0
2026-01-20 06:00:00,11.0,28,30,False,13.0,100.0,2.0,6.21,1.2855752193730792,-1.5320888862379556
2026-01-20 07:00:00,14.321428571428571,28,30,False,14.0,100.0,1.0,6.21,0.9396926207859083,-0.342020143325669
2026-01-20 08:00:00,10.076923076923077,26,30,False,18.0,77.46,0.0,6.21,0.0,0.0
2026-01-20 09:00:00,4.7,30,30,False,21.0,56.42,0.0,6.21,0.0,0.0
2026-01-20 10:00:00,4.428571428571429,28,30,False,22.0,56.67,0.0,6.21,0.0,0.0
2026-01-20 11:00:00,3.0,28,30,False,23.0,43.73,5.0,6.21,-4.330127018922194,2.499999999999999
2026-01-20 12:00:00,3.0,28,30,False,23.0,46.75,6.0,6.21,-2.9999999999999996,5.196152422706632
2026-01-20 13:00:00,3.0,29,30,False,24.0,44.02,7.0,6.21,-4.499513267805776,5.362311101832845
2026-01-20 14:00:00,3.0,27,30,False,25.0,38.79,9.0,6.21,-3.07818128993102,8.457233587073175
2026-01-20 15:00:00,3.0,28,30,False,25.0,47.3,11.0,6.21,-7.070663706551934,8.426488874308756
2026-01-20 16:00:00,3.0,28,30,False,24.0,50.22,12.0,6.21,-7.713451316238474,9.192533317427735
2026-01-20 17:00:00,3.0,28,30,False,24.0,50.22,13.0,6.21,-9.958577760546714,8.356238925925012
2026-01-20 18:00:00,3.0,27,30,False,24.0,50.22,14.0,6.21,-10.724622203665692,8.99902653561155
2026-01-20 19:00:00,3.0,29,30,False,23.0,56.92,12.0,6.21,-10.392304845413264,5.999999999999997
2026-01-20 20:00:00,3.0,26,30,False,21.0,60.24,12.0,6.21,-11.276311449430901,4.104241719908025
2026-01-20 21:00:00,3.0,27,30,False,21.0,64.3,10.0,6.21,-9.396926207859085,3.420201433256687
2026-01-20 22:00:00,4.413793103448276,29,30,False,21.0,64.3,8.0,6.21,-8.0,-4.898587196589413e-16
2026-01-20 23:00:00,3.0,29,30,False,20.0,68.38,7.0,6.21,-6.893654271085456,-1.2155372436685128
2026-01-21 00:00:00,3.3214285714285716,28,30,False,19.0,72.76,7.0,6.21,-6.06217782649107,-3.500000000000001
2026-01-21 01:00:00,6.551724137931035,29,30,False,18.0,77.46,6.0,6.21,-4.596266658713868,-3.8567256581192364
2026-01-21 02:00:00,4.821428571428571,28,30,False,18.0,82.63,6.0,6.21,-3.8567256581192355,-4.596266658713868
2026-01-21 03:00:00,4.333333333333333,30,30,False,17.0,88.01,4.0,6.21,-3.064177772475912,-2.5711504387461575
2026-01-21 04:00:00,7.620689655172414,29,30,False,16.0,93.79,2.0,6.21,-1.2855752193730785,-1.532088886237956
2026-01-21 05:00:00,5.428571428571429,28,30,False,16.0,93.79,3.0,6.21,-1.9283628290596178,-2.298133329356934
2026-01-21 06:00:00,7.0,28,30,False,16.0,93.79,4.0,6.21,-2.571150438746157,-3.064177772475912
2026-01-21 07:00:00,6.071428571428571,28,30,False,17.0,88.01,5.0,6.21,-2.4999999999999996,-4.330127018922194
2026-01-21 08:00:00,5.115384615384615,26,30,False,19.0,77.62,8.0,6.21,-3.9999999999999996,-6.92820323027551
2026-01-21 09:00:00,3.814814814814815,27,30,False,22.0,64.52,9.0,6.21,-3.0781812899310186,-8.457233587073176
2026-01-21 10:00:00,3.111111111111111,27,30,False,23.0,60.72,9.0,6.21,-1.562833599002373,-8.863269777109872
2026-01-21 11:00:00,3.0,28,30,False,25.0,47.3,9.0,6.21,-4.499999999999999,-7.794228634059948
2026-01-21 12:00:00,3.0,29,30,False,26.0,47.58,4.0,6.21,-3.4641016151377544,-2.0000000000000004
2026-01-21 13:00:00,3.0,26,30,False,26.0,50.76,8.0,6.21,-6.92820323027551,3.9999999999999982
2026-01-21 14:00:00,3.206896551724138,29,30,False,26.0,54.11,10.0,6.21,-7.66044443118978,6.427876096865393
2026-01-21 15:00:00,3.0,27,30,False,26.0,50.76,13.0,6.21,-11.258330249197703,6.499999999999997
2026-01-21 16:00:00,3.0,30,30,False,26.0,54.11,15.0,6.21,-12.99038105676658,7.4999999999999964
2026-01-21 17:00:00,3.0,27,30,False,25.0,53.86,17.0,6.21,-15.974774553360444,5.814342436536368
2026-01-21 18:00:00,3.0,29,30,False,25.0,57.42,15.0,6.21,-14.095389311788626,5.130302149885031
2026-01-21 19:00:00,3.0,27,30,False,24.0,57.17,16.0,6.21,-15.035081932574535,5.472322293210699
2026-01-21 20:00:00,3.0,29,30,False,22.0,73.3,13.0,6.21,-12.21600407021681,4.446261863233693
2026-01-21 21:00:00,3.0,28,30,False,22.0,60.48,12.0,6.21,-11.817693036146496,2.0837781320031636
2026-01-21 22:00:00,3.0,28,30,False,22.0,53.07,12.0,6.21,-11.817693036146496,-2.083778132003165
2026-01-21 23:00:00,3.0,29,30,False,20.0,60.0,9.0,6.21,-8.457233587073175,-3.0781812899310195
2026-01-22 00:00:00,3.0,27,30,False,19.0,68.18,9.0,6.21,-8.457233587073175,-3.0781812899310195
2026-01-22 01:00:00,3.0,26,30,False,19.0,68.18,10.0,6.21,-7.66044443118978,-6.427876096865393
2026-01-22 02:00:00,3.857142857142857,28,30,False,18.0,77.46,7.0,6.21,-4.499513267805774,-5.362311101832846
2026-01-22 03:00:00,4.666666666666667,30,30,False,18.0,77.46,6.0,6.21,-2.9999999999999996,-5.196152422706632
2026-01-22 04:00:00,3.555555555555556,27,30,False,17.0,82.51,5.0,6.21,-1.7101007166283435,-4.698463103929543
2026-01-22 05:00:00,3.0,28,30,False,16.0,87.93,2.0,6.21,-0.9999999999999999,-1.7320508075688774
2026-01-22 06:00:00,3.5357142857142856,28,30,False,16.0,93.79,4.0,6.21,-1.3680805733026749,-3.7587704831436337
2026-01-22 07:00:00,3.5517241379310347,29,30,False,16.0,93.79,4.0,6.21,-1.9999999999999998,-3.464101615137755
2026-01-22 08:00:00,3.8620689655172415,29,30,False,20.0,72.95,7.0,6.21,-3.4999999999999996,-6.062177826491071
2026-01-22 09:00:00,3.0,25,30,False,23.0,64.74,11.0,6.21,-5.499999999999999,-9.526279441628827
2026-01-22 10:00:00,3.206896551724138,29,30,False,25.0,50.49,9.0,6.21,-4.499999999999999,-7.794228634059948
2026-01-22 11:00:00,3.0,28,30,False,25.0,47.3,8.0,6.21,-2.7361611466053497,-7.517540966287267
2026-01-22 12:00:00,3.0,30,30,False,26.0,47.58,6.0,6.21,-4.596266658713868,-3.8567256581192364
2026-01-22 13:00:00,3.0,28,30,False,27.0,42.03,7.0,6.21,-6.893654271085456,-1.2155372436685128
2026-01-22 14:00:00,3.0,30,30,False,28.0,39.65,8.0,6.21,-7.5175409662872665,-2.7361611466053506
2026-01-22 15:00:00,3.0,30,30,False,26.0,61.42,14.0,6.21,-12.124355652982143,6.9999999999999964
2026-01-22 16:00:00,3.0,29,30,False,26.0,61.42,15.0,6.21,-12.99038105676658,7.4999999999999964
2026-01-22 17:00:00,3.0,28,30,False,26.0,65.39,14.0,6.21,-12.124355652982143,6.9999999999999964
2026-01-22 18:00:00,3.0,28,30,False,26.0,65.39,11.0,6.21,-8.426488874308758,7.070663706551933
2026-01-22 19:00:00,3.0,28,30,False,25.0,69.38,9.0,6.21,-7.794228634059948,4.499999999999998
2026-01-22 20:00:00,3.0,29,30,False,24.0,73.66,7.0,6.21,-6.062177826491071,3.4999999999999982
2026-01-22 21:00:00,6.56,25,30,False,24.0,64.96,7.0,6.21,-6.893654271085456,-1.2155372436685128
2026-01-22 22:00:00,6.428571428571429,28,30,False,23.0,64.74,8.0,6.21,-7.5175409662872665,-2.7361611466053506
2026-01-22 23:00:00,3.642857142857143,28,30,False,22.0,73.3,8.0,6.21,-7.878462024097664,-1.3891854213354433
2026-01-23 00:00:00,3.3214285714285716,28,30,False,21.0,83.0,9.0,6.21,-7.794228634059947,-4.500000000000001
2026-01-23 01:00:00,3.5,28,30,False,21.0,83.0,8.0,6.21,-6.128355544951824,-5.142300877492315
2026-01-23 02:00:00,3.4285714285714284,28,30,False,20.0,88.28,9.0,6.21,-5.785088487178854,-6.894399988070802
2026-01-23 03:00:00,3.8,30,30,False,20.0,88.28,8.0,6.21,-5.142300877492314,-6.128355544951824
2026-01-23 04:00:00,4.0,29,30,False,19.0,93.93,8.0,6.21,-5.142300877492314,-6.128355544951824
2026-01-23 05:00:00,6.111111111111111,27,30,False,19.0,93.93,8.0,6.21,-5.142300877492314,-6.128355544951824
2026-01-23 06:00:00,7.448275862068965,29,30,False,19.0,93.93,8.0,6.21,-5.142300877492314,-6.128355544951824
2026-01-23 07:00:00,6.586206896551724,29,30,False,20.0,88.28,6.0,6.21,-2.9999999999999996,-5.196152422706632
2026-01-23 08:00:00,5.153846153846154,26,30,False,22.0,78.08,10.0,6.21,-4.999999999999999,-8.660254037844387
2026-01-23 09:00:00,6.24,25,30,False,25.0,65.17,12.0,6.21,-7.713451316238471,-9.192533317427737
2026-01-23 10:00:00,4.428571428571429,28,30,False,26.0,57.67,10.0,6.21,-3.420201433256687,-9.396926207859085
2026-01-23 11:00:00,3.0,28,30,False,27.0,54.37,14.0,6.21,-6.999999999999999,-12.124355652982143
2026-01-23 12:00:00,3.206896551724138,29,30,False,29.0,45.42,6.0,6.21,-2.0521208599540124,-5.638155724715451
2026-01-23 13:00:00,3.111111111111111,27,30,False,29.0,48.4,6.0,6.21,-6.0,-3.6739403974420594e-16
2026-01-23 14:00:00,3.0,27,30,False,28.0,58.16,11.0,6.21,-9.526279441628827,5.499999999999997
2026-01-23 15:00:00,3.0,29,30,False,27.0,61.65,16.0,6.21,-13.85640646055102,7.9999999999999964
2026-01-23 16:00:00,3.0,29,30,False,27.0,61.65,14.0,6.21,-12.124355652982143,6.9999999999999964
2026-01-23 17:00:00,3.0,28,30,False,27.0,65.6,14.0,6.21,-12.124355652982143,6.9999999999999964
2026-01-23 18:00:00,3.0,28,30,False,26.0,65.39,14.0,6.21,-12.124355652982143,6.9999999999999964
2026-01-23 19:00:00,3.0,28,30,False,25.0,65.17,12.0,6.21,-11.276311449430901,4.104241719908025
2026-01-23 20:00:00,3.107142857142857,28,30,False,23.0,73.48,8.0,6.21,-7.517540966287267,2.7361611466053497
2026-01-23 21:00:00,8.62962962962963,27,30,False,22.0,83.12,6.0,6.21,-5.908846518073248,1.0418890660015818
2026-01-23 22:00:00,12.785714285714286,28,30,False,24.0,57.17,8.0,6.21,-6.128355544951824,-5.142300877492315
2026-01-23 23:00:00,7.413793103448276,29,30,False,23.0,60.72,10.0,6.21,-7.66044443118978,-6.427876096865393
2026-01-24 00:00:00,4.592592592592593,27,30,False,22.0,68.79,11.0,6.21,-7.070663706551931,-8.426488874308758
2026-01-24 01:00:00,4.428571428571429,28,30,False,21.0,77.93,10.0,6.21,-6.4278760968653925,-7.66044443118978
2026-01-24 02:00:00,4.724137931034483,29,30,False,20.0,82.88,11.0,6.21,-7.070663706551931,-8.426488874308758
2026-01-24 03:00:00,6.066666666666666,30,30,False,20.0,88.28,10.0,6.21,-6.4278760968653925,-7.66044443118978
2026-01-24 04:00:00,6.037037037037037,27,30,False,20.0,88.28,9.0,6.21,-4.499999999999999,-7.794228634059948
2026-01-24 05:00:00,7.5,28,30,False,19.0,93.93,9.0,6.21,-4.499999999999999,-7.794228634059948
2026-01-24 06:00:00,7.607142857142857,28,30,False,19.0,93.93,8.0,6.21,-3.9999999999999996,-6.92820323027551
2026-01-24 07:00:00,8.10344827586207,29,30,False,20.0,88.28,9.0,6.21,-4.499999999999999,-7.794228634059948
2026-01-24 08:00:00,6.538461538461538,26,30,False,22.0,78.08,12.0,6.21,-5.999999999999999,-10.392304845413264
2026-01-24 09:00:00,3.857142857142857,28,30,False,24.0,69.19,13.0,6.21,-6.499999999999999,-11.258330249197703
2026-01-24 10:00:00,3.103448275862069,29,30,False,25.0,65.17,13.0,6.21,-6.499999999999999,-11.258330249197703
2026-01-24 11:00:00,3.0,28,30,False,27.0,57.91,11.0,6.21,-1.9101299543362336,-10.832885283134289
2026-01-24 12:00:00,3.0,28,30,False,28.0,54.63,8.0,6.21,-2.7361611466053497,-7.517540966287267
2026-01-24 13:00:00,3.6206896551724137,29,30,False,29.0,48.4,6.0,6.21,-4.596266658713868,-3.8567256581192364
2026-01-24 14:00:00,3.0,27,30,False,31.0,37.99,6.0,6.21,-1.041889066001582,-5.908846518073248
2026-01-24 15:00:00,3.0,29,30,False,28.0,54.63,13.0,6.21,-9.958577760546714,8.356238925925012
2026-01-24 16:00:00,3.0,28,30,False,27.0,54.37,14.0,6.21,-12.124355652982143,6.9999999999999964
2026-01-24 17:00:00,3.0,29,30,False,26.0,57.67,13.0,6.21,-11.258330249197703,6.499999999999997
2026-01-24 18:00:00,3.0,29,30,False,24.0,69.19,14.0,6.21,-12.124355652982143,6.9999999999999964
2026-01-24 19:00:00,3.0,27,30,False,24.0,69.19,12.0,6.21,-10.392304845413264,5.999999999999997
2026-01-24 20:00:00,3.0,27,30,False,22.0,83.12,10.0,6.21,-8.660254037844387,4.999999999999998
2026-01-24 21:00:00,7.464285714285714,28,30,False,22.0,83.12,7.0,6.21,-6.062177826491071,3.4999999999999982
2026-01-24 22:00:00,10.620689655172415,29,30,False,23.0,78.23,6.0,6.21,-5.196152422706632,2.9999999999999987
2026-01-24 23:00:00,13.76923076923077,26,30,False,23.0,78.23,5.0,6.21,-4.698463103929542,-1.7101007166283442
2026-01-25 00:00:00,9.310344827586206,29,30,False,24.0,57.17,9.0,6.21,-5.785088487178854,-6.894399988070802
2026-01-25 01:00:00,5.592592592592593,27,30,False,22.0,68.79,7.0,6.21,-3.4999999999999996,-6.062177826491071
2026-01-25 02:00:00,4.607142857142857,28,30,False,21.0,88.36,11.0,6.21,-5.499999999999999,-9.526279441628827
2026-01-25 03:00:00,7.233333333333333,30,30,False,21.0,88.36,11.0,6.21,-5.499999999999999,-9.526279441628827
2026-01-25 04:00:00,5.655172413793103,29,30,False,20.0,100.0,11.0,6.21,-5.499999999999999,-9.526279441628827
2026-01-25 05:00:00,6.413793103448276,29,30,False,20.0,100.0,10.0,6.21,-4.999999999999999,-8.660254037844387
2026-01-25 06:00:00,7.0,29,30,False,20.0,100.0,10.0,6.21,-4.999999999999999,-8.660254037844387
2026-01-25 07:00:00,6.321428571428571,28,30,False,21.0,94.02,10.0,6.21,-4.999999999999999,-8.660254037844387
2026-01-25 08:00:00,7.730769230769231,26,30,False,22.0,88.45,12.0,6.21,-5.999999999999999,-10.392304845413264
2026-01-25 09:00:00,3.0,28,30,False,25.0,78.52,12.0,6.21,-4.104241719908025,-11.276311449430901
2026-01-25 10:00:00,3.0,28,30,False,26.0,74.0,10.0,6.21,-3.420201433256687,-9.396926207859085
2026-01-25 11:00:00,3.0,28,30,False,29.0,66.03,12.0,6.21,-5.999999999999999,-10.392304845413264
2026-01-25 12:00:00,3.0,28,30,False,29.0,58.4,10.0,6.21,-6.4278760968653925,-7.66044443118978
2026-01-25 13:00:00,3.0,29,30,False,30.0,51.81,8.0,6.21,-5.142300877492314,-6.128355544951824
2026-01-25 14:00:00,3.0,28,30,False,30.0,55.13,10.0,6.21,-7.66044443118978,6.427876096865393
2026-01-25 15:00:00,3.0,27,30,False,28.0,61.88,14.0,6.21,-10.724622203665692,8.99902653561155
2026-01-25 16:00:00,3.0,28,30,False,27.0,65.6,14.0,6.21,-12.124355652982143,6.9999999999999964
2026-01-25 17:00:00,3.0,29,30,False,26.0,65.39,14.0,6.21,-12.124355652982143,6.9999999999999964
2026-01-25 18:00:00,3.0,28,30,False,26.0,61.42,14.0,6.21,-12.124355652982143,6.9999999999999964
2026-01-25 19:00:00,3.0,29,30,False,25.0,73.83,12.0,6.21,-10.392304845413264,5.999999999999997
2026-01-25 20:00:00,3.555555555555556,27,30,False,24.0,83.36,10.0,6.21,-9.396926207859085,3.420201433256687
2026-01-25 21:00:00,7.714285714285714,28,30,False,23.0,88.53,9.0,6.21,-8.457233587073176,3.0781812899310186
2026-01-25 22:00:00,9.785714285714286,28,30,False,23.0,88.53,7.0,6.21,-6.893654271085456,-1.2155372436685128
2026-01-25 23:00:00,11.035714285714286,28,30,False,25.0,78.52,10.0,6.21,-8.660254037844386,-5.000000000000001
2026-01-26 00:00:00,5.821428571428571,28,30,False,24.0,83.36,11.0,6.21,-8.426488874308758,-7.070663706551933
2026-01-26 01:00:00,7.214285714285714,28,30,False,23.0,88.53,8.0,6.21,-5.142300877492314,-6.128355544951824
2026-01-26 02:00:00,8.035714285714286,28,30,False,22.0,94.07,11.0,6.21,-7.070663706551931,-8.426488874308758
2026-01-26 03:00:00,7.933333333333334,30,30,False,22.0,94.07,13.0,6.21,-6.499999999999999,-11.258330249197703
2026-01-26 04:00:00,7.464285714285714,28,30,False,22.0,94.07,11.0,6.21,-5.499999999999999,-9.526279441628827
2026-01-26 05:00:00,8.310344827586206,29,30,False,22.0,94.07,13.0,6.21,-6.499999999999999,-11.258330249197703
2026-01-26 06:00:00,10.464285714285714,28,30,False,22.0,94.07,13.0,6.21,-6.499999999999999,-11.258330249197703
2026-01-26 07:00:00,10.5,28,30,False,22.0,94.07,11.0,6.21,-5.499999999999999,-9.526279441628827
2026-01-26 08:00:00,8.481481481481481,27,30,False,24.0,83.36,10.0,6.21,-4.999999999999999,-8.660254037844387
2026-01-26 09:00:00,5.64,25,30,False,27.0,74.17,10.0,6.21,-3.420201433256687,-9.396926207859085
2026-01-26 10:00:00,3.7,30,30,False,29.0,66.03,11.0,6.21,-3.762221576582356,-10.336618828644992
2026-01-26 11:00:00,7.518518518518518,27,30,False,31.0,58.88,11.0,6.21,-1.9101299543362336,-10.832885283134289
2026-01-26 12:00:00,3.107142857142857,28,30,False,32.0,55.64,8.0,6.21,1.389185421335443,-7.878462024097664
2026-01-26 13:00:00,3.0,28,30,False,33.0,46.52,6.0,6.21,1.4695761589768238e-15,-6.0
2026-01-26 14:00:00,3.6666666666666665,27,30,False,33.0,43.72,6.0,6.21,3.0000000000000027,-5.19615242270663
2026-01-26 15:00:00,5.586206896551724,29,30,False,32.0,55.64,3.0,6.21,-1.9283628290596178,-2.298133329356934
2026-01-26 16:00:00,3.206896551724138,29,30,False,30.0,58.64,10.0,6.21,-7.66044443118978,6.427876096865393
2026-01-26 17:00:00,3.0,27,30,False,30.0,58.64,8.0,6.21,-6.128355544951824,5.142300877492315
2026-01-26 18:00:00,3.0,28,30,False,26.0,74.0,7.0,6.21,-6.062177826491071,3.4999999999999982
2026-01-26 19:00:00,3.0,29,30,False,29.0,58.4,7.0,6.21,-6.062177826491071,3.4999999999999982
2026-01-26 20:00:00,3.0,28,30,False,26.0,74.0,7.0,6.21,-6.062177826491071,3.4999999999999982
2026-01-26 21:00:00,9.62962962962963,27,30,False,25.0,83.47,7.0,6.21,-6.062177826491071,3.4999999999999982
2026-01-26 22:00:00,10.379310344827585,29,30,False,24.0,88.61,8.0,6.21,-6.92820323027551,3.9999999999999982
2026-01-26 23:00:00,13.464285714285714,28,30,False,24.0,88.61,7.0,6.21,-6.893654271085456,1.2155372436685121
2026-01-27 00:00:00,12.777777777777779,27,30,False,26.0,74.0,3.0,6.21,-1.9283628290596178,-2.298133329356934
2026-01-27 01:00:00,11.642857142857142,28,30,False,26.0,74.0,1.0,6.21,-0.49999999999999994,-0.8660254037844387
2026-01-27 02:00:00,11.833333333333334,30,30,False,25.0,78.52,0.0,6.21,0.0,0.0
2026-01-27 03:00:00,13.2,30,30,False,25.0,78.52,2.0,6.21,-0.6840402866513374,-1.8793852415718169
2026-01-27 04:00:00,13.333333333333334,27,30,False,24.0,88.61,0.0,6.21,0.0,0.0
2026-01-27 05:00:00,12.586206896551724,29,30,False,24.0,88.61,0.0,6.21,0.0,0.0
2026-01-27 06:00:00,14.241379310344827,29,30,False,24.0,88.61,3.0,6.21,-2.298133329356934,1.9283628290596182
2026-01-27 07:00:00,13.11111111111111,27,30,False,24.5,86.04,1.5,6.21,-1.3594616805549748,-0.6339273926110491
2026-01-27 08:00:00,15.038461538461538,26,30,False,24.0,94.16,0.0,1.86,0.0,0.0
2026-01-27 09:00:00,5.074074074074074,27,30,False,23.0,100.0,0.0,3.42,0.0,0.0
2026-01-27 10:00:00,4.931034482758621,29,30,False,22.0,100.0,7.0,6.21,-6.893654271085456,1.2155372436685121
2026-01-27 11:00:00,5.931034482758621,29,30,False,25.0,88.7,0.0,6.21,0.0,0.0
2026-01-27 12:00:00,3.0,28,30,False,28.0,83.82,2.0,6.21,-1.532088886237956,1.2855752193730787
2026-01-27 13:00:00,3.4642857142857144,28,30,False,27.0,78.81,7.0,6.21,3.500000000000001,6.06217782649107
2026-01-27 14:00:00,3.2962962962962963,27,30,False,27.0,78.81,8.0,6.21,1.3891854213354438,7.878462024097664
2026-01-27 15:00:00,3.0,27,30,False,27.0,78.81,10.0,6.21,-1.2246467991473533e-15,10.0
2026-01-27 16:00:00,3.0,28,30,False,26.0,88.78,10.0,6.21,-1.2246467991473533e-15,10.0
2026-01-27 17:00:00,3.310344827586207,29,30,False,25.0,88.7,12.0,6.21,-1.4695761589768238e-15,12.0
2026-01-27 18:00:00,6.892857142857143,28,30,False,26.0,83.59,9.0,6.21,-3.07818128993102,8.457233587073175
2026-01-27 19:00:00,5.703703703703703,27,30,False,24.0,94.16,9.0,6.21,-1.5628335990023725,8.863269777109872
2026-01-27 20:00:00,5.884615384615385,26,30,False,23.0,100.0,10.0,6.21,-3.420201433256689,9.396926207859083
2026-01-27 21:00:00,9.862068965517242,29,30,False,23.0,100.0,7.0,6.21,-2.394141003279682,6.5778483455013586
2026-01-27 22:00:00,12.25925925925926,27,30,False,23.0,100.0,8.0,6.21,-2.736161146605351,7.5175409662872665
2026-01-27 23:00:00,10.448275862068966,29,30,False,22.0,100.0,8.0,6.21,-2.736161146605351,7.5175409662872665
2026-01-28 00:00:00,9.11111111111111,27,30,False,22.0,100.0,8.0,6.21,-2.736161146605351,7.5175409662872665
2026-01-28 01:00:00,8.75,28,30,False,22.0,94.07,7.0,6.21,-2.394141003279682,6.5778483455013586
2026-01-28 02:00:00,9.931034482758621,29,30,False,22.0,94.07,6.0,6.21,-2.0521208599540133,5.63815572471545
2026-01-28 03:00:00,9.833333333333334,30,30,False,22.0,94.07,5.0,6.21,-1.7101007166283444,4.698463103929542
2026-01-28 04:00:00,10.928571428571429,28,30,False,22.0,100.0,6.0,6.21,-7.347880794884119e-16,6.0
2026-01-28 05:00:00,9.689655172413794,29,30,False,22.0,94.07,6.0,6.21,-2.0521208599540133,5.63815572471545
2026-01-28 06:00:00,8.620689655172415,29,30,False,22.0,100.0,6.0,6.21,-2.0521208599540133,5.63815572471545
2026-01-28 07:00:00,6.678571428571429,28,30,False,22.0,100.0,6.0,6.21,-2.9999999999999996,5.196152422706632
2026-01-28 08:00:00,4.84,25,30,False,22.0,100.0,6.0,6.21,-2.9999999999999996,5.196152422706632
2026-01-28 09:00:00,5.76,25,30,False,23.0,94.11,6.0,6.21,-2.9999999999999996,5.196152422706632
2026-01-28 10:00:00,3.8275862068965516,29,30,False,24.0,88.61,7.0,6.21,-3.4999999999999996,6.062177826491071
2026-01-28 11:00:00,3.0,28,30,False,25.0,83.47,8.0,6.21,-3.9999999999999996,6.92820323027551
2026-01-28 12:00:00,3.0,28,30,False,25.0,83.47,10.0,6.21,-4.999999999999999,8.660254037844387
2026-01-28 13:00:00,3.2142857142857144,28,30,False,26.0,83.59,8.0,6.21,-3.9999999999999996,6.92820323027551
2026-01-28 14:00:00,3.0,28,30,False,26.0,78.67,10.0,6.21,-3.420201433256689,9.396926207859083
2026-01-28 15:00:00,3.0,28,30,False,26.0,83.59,10.0,6.21,-3.420201433256689,9.396926207859083
2026-01-28 16:00:00,3.0,30,30,False,26.0,83.59,12.0,6.21,-2.083778132003163,11.817693036146496
2026-01-28 17:00:00,3.0,27,30,False,25.0,83.47,10.0,6.21,-1.7364817766693028,9.84807753012208
2026-01-28 18:00:00,3.5172413793103448,29,30,False,24.0,88.61,12.0,6.21,-4.1042417199080266,11.2763114494309
2026-01-28 19:00:00,3.0,29,30,False,23.0,94.11,10.0,6.21,-4.999999999999999,8.660254037844387
2026-01-28 20:00:00,5.074074074074074,27,30,False,23.0,94.11,9.0,6.21,-4.499999999999999,7.794228634059948
2026-01-28 21:00:00,6.230769230769231,26,30,False,23.0,94.11,9.0,6.21,-4.499999999999999,7.794228634059948
2026-01-28 22:00:00,7.517241379310345,29,30,False,23.0,94.11,7.0,6.21,-3.4999999999999996,6.062177826491071
2026-01-28 23:00:00,6.714285714285714,28,30,False,23.0,94.11,5.0,6.21,-3.83022221559489,3.2139380484326967
2026-01-29 00:00:00,5.962962962962963,27,30,False,23.0,100.0,6.0,6.21,-5.196152422706632,2.9999999999999987
2026-01-29 01:00:00,6.310344827586207,29,30,False,23.0,100.0,7.0,6.21,-6.5778483455013586,2.394141003279681
2026-01-29 02:00:00,5.586206896551724,29,30,False,22.0,100.0,3.0,6.21,-2.8190778623577253,1.0260604299770062
2026-01-29 03:00:00,4.3,30,30,False,22.0,100.0,5.0,6.21,-3.2139380484326976,3.8302222155948895
2026-01-29 04:00:00,4.448275862068965,29,30,False,22.0,100.0,4.0,6.21,-2.571150438746158,3.0641777724759116
2026-01-29 05:00:00,3.555555555555556,27,30,False,22.0,100.0,5.0,6.21,-3.83022221559489,3.2139380484326967
2026-01-29 06:00:00,3.0,29,30,False,22.0,100.0,6.0,6.21,-3.856725658119237,4.596266658713867
2026-01-29 07:00:00,3.107142857142857,28,30,False,23.0,100.0,3.0,6.21,-1.9283628290596184,2.2981333293569337
2026-01-29 08:00:00,3.6538461538461537,26,30,False,23.0,100.0,6.0,6.21,-4.596266658713868,3.8567256581192364
2026-01-29 09:00:00,5.586206896551724,29,30,False,24.0,94.16,6.0,6.21,-4.596266658713868,3.8567256581192364
2026-01-29 10:00:00,4.827586206896552,29,30,False,25.0,88.7,7.0,6.21,-5.362311101832846,4.499513267805775
2026-01-29 11:00:00,3.0,28,30,False,25.0,88.7,7.0,6.21,-4.499513267805776,5.362311101832845
2026-01-29 12:00:00,3.0,28,30,False,26.0,83.59,9.0,6.21,-5.7850884871788555,6.894399988070801
2026-01-29 13:00:00,3.0,28,30,False,26.0,83.59,11.0,6.21,-7.070663706551934,8.426488874308756
2026-01-29 14:00:00,3.0,28,30,False,26.0,83.59,12.0,6.21,-7.713451316238474,9.192533317427735
2026-01-29 15:00:00,3.0,28,30,False,26.0,83.59,13.0,6.21,-8.356238925925012,9.958577760546714
2026-01-29 16:00:00,3.0,28,30,False,26.0,83.59,14.0,6.21,-6.999999999999999,12.124355652982143
2026-01-29 17:00:00,3.0,28,30,False,25.0,83.47,14.0,6.21,-8.999026535611552,10.72462220366569
2026-01-29 18:00:00,3.0,28,30,False,25.0,83.47,15.0,6.21,-11.49066664678467,9.64181414529809
2026-01-29 19:00:00,3.2857142857142856,28,30,False,24.0,88.61,15.0,6.21,-11.49066664678467,9.64181414529809
2026-01-29 20:00:00,3.730769230769231,26,30,False,23.0,94.11,14.0,6.21,-10.724622203665692,8.99902653561155
2026-01-29 21:00:00,3.0,29,30,False,23.0,94.11,12.0,6.21,-9.192533317427737,7.713451316238473
2026-01-29 22:00:00,3.4642857142857144,28,30,False,23.0,94.11,12.0,6.21,-10.392304845413264,5.999999999999997
2026-01-29 23:00:00,5.214285714285714,28,30,False,23.0,94.11,11.0,6.21,-10.832885283134289,1.9101299543362333
2026-01-30 00:00:00,4.821428571428571,28,30,False,23.0,88.53,9.0,6.21,-8.863269777109872,1.5628335990023727
2026-01-30 01:00:00,3.103448275862069,29,30,False,22.0,94.07,8.0,6.21,-7.878462024097664,1.3891854213354424
2026-01-30 02:00:00,3.814814814814815,27,30,False,22.0,94.07,5.0,6.21,-4.92403876506104,0.8682408883346515
2026-01-30 03:00:00,3.0,30,30,False,22.0,94.07,5.0,6.21,-4.92403876506104,0.8682408883346515
2026-01-30 04:00:00,3.0,29,30,False,22.0,94.07,0.0,6.21,0.0,0.0
2026-01-30 05:00:00,4.068965517241379,29,30,False,22.0,94.07,0.0,6.21,0.0,0.0
2026-01-30 06:00:00,7.178571428571429,28,30,False,22.0,100.0,5.0,6.21,-4.330127018922194,2.499999999999999
2026-01-30 07:00:00,7.448275862068965,29,30,False,22.0,100.0,6.0,6.21,-4.596266658713868,3.8567256581192364
2026-01-30 08:00:00,7.173913043478261,23,30,False,23.0,94.11,9.0,6.21,-7.794228634059948,4.499999999999998
2026-01-30 09:00:00,4.48,25,30,False,24.0,88.61,12.0,6.21,-7.713451316238474,9.192533317427735
2026-01-30 10:00:00,3.9310344827586206,29,30,False,24.0,83.36,12.0,6.21,-9.192533317427737,7.713451316238473
2026-01-30 11:00:00,8.172413793103448,29,30,False,25.0,78.52,12.0,6.21,-10.392304845413264,5.999999999999997
2026-01-30 12:00:00,5.035714285714286,28,30,False,25.0,78.52,13.0,6.21,-9.958577760546714,8.356238925925012
2026-01-30 13:00:00,3.103448275862069,29,30,False,26.0,74.0,16.0,6.21,-12.256711089903648,10.28460175498463
2026-01-30 14:00:00,3.0,28,30,False,26.0,69.58,15.0,6.21,-11.49066664678467,9.64181414529809
2026-01-30 15:00:00,3.2142857142857144,28,30,False,26.0,69.58,16.0,6.21,-13.85640646055102,7.9999999999999964
2026-01-30 16:00:00,3.0,28,30,False,26.0,65.39,16.0,6.21,-15.035081932574535,5.472322293210699
2026-01-30 17:00:00,3.0,29,30,False,25.0,69.38,18.0,6.21,-15.588457268119896,8.999999999999996
2026-01-30 18:00:00,3.0,28,30,False,24.0,69.19,18.0,6.21,-15.588457268119896,8.999999999999996
2026-01-30 19:00:00,3.0,28,30,False,24.0,73.66,18.0,6.21,-15.588457268119896,8.999999999999996
2026-01-30 20:00:00,3.2222222222222223,27,30,False,23.0,78.23,14.0,6.21,-12.124355652982143,6.9999999999999964
2026-01-30 21:00:00,6.538461538461538,26,30,False,22.0,78.08,15.0,6.21,-12.99038105676658,7.4999999999999964
2026-01-30 22:00:00,5.724137931034483,29,30,False,22.0,73.3,14.0,6.21,-12.124355652982143,6.9999999999999964
2026-01-30 23:00:00,4.7407407407407405,27,30,False,22.0,78.08,13.0,6.21,-12.21600407021681,4.446261863233693
2026-01-31 00:00:00,6.571428571428571,28,30,False,21.0,77.93,9.0,6.21,-8.863269777109872,1.5628335990023727
2026-01-31 01:00:00,6.821428571428571,28,30,False,20.0,82.88,8.0,6.21,-7.878462024097664,-1.3891854213354433
2026-01-31 02:00:00,5.310344827586207,29,30,False,19.0,88.19,4.0,6.21,-3.939231012048832,-0.6945927106677217
2026-01-31 03:00:00,5.4,30,30,False,19.0,88.19,2.0,6.21,-1.969615506024416,0.3472963553338606
2026-01-31 04:00:00,5.448275862068965,29,30,False,19.0,88.19,0.0,6.21,0.0,0.0
2026-01-31 05:00:00,5.413793103448276,29,30,False,19.0,88.19,0.0,6.21,0.0,0.0
2026-01-31 06:00:00,5.571428571428571,28,30,False,20.0,88.28,0.0,6.21,0.0,0.0
2026-01-31 07:00:00,6.724137931034483,29,30,False,19.0,93.94,1.0,5.28,-0.17364817766693033,-0.984807753012208
2026-01-31 08:00:00,7.076923076923077,26,30,False,20.0,100.0,5.0,6.21,-4.698463103929543,1.7101007166283435
2026-01-31 09:00:00,3.0,27,30,False,22.0,88.45,8.0,6.21,-7.517540966287267,2.7361611466053497
2026-01-31 10:00:00,3.0,28,30,False,24.0,78.38,6.0,6.21,-5.638155724715451,2.0521208599540124
2026-01-31 11:00:00,3.0,29,30,False,25.0,73.83,8.0,6.21,-5.142300877492316,6.128355544951823
2026-01-31 12:00:00,3.0,29,30,False,25.0,73.83,9.0,6.21,-6.894399988070802,5.785088487178855
2026-01-31 13:00:00,3.0,28,30,False,25.0,69.38,7.0,6.21,-3.4999999999999996,6.062177826491071
2026-01-31 14:00:00,3.0,28,30,False,25.0,73.83,10.0,6.21,-4.999999999999999,8.660254037844387
2026-01-31 15:00:00,3.0,28,30,False,24.0,73.66,10.0,6.21,-4.999999999999999,8.660254037844387
2026-01-31 16:00:00,3.0,28,30,False,25.0,69.38,12.0,6.21,-5.999999999999999,10.392304845413264
2026-01-31 17:00:00,3.0,29,30,False,25.0,69.38,12.0,6.21,-7.713451316238474,9.192533317427735
2026-01-31 18:00:00,3.0,28,30,False,24.0,73.66,12.0,6.21,-7.713451316238474,9.192533317427735
2026-01-31 19:00:00,3.0,29,30,False,23.0,78.23,12.0,6.21,-9.192533317427737,7.713451316238473
2026-01-31 20:00:00,3.1923076923076925,26,30,False,22.0,83.12,8.0,6.21,-6.128355544951824,5.142300877492315
2026-01-31 21:00:00,3.6206896551724137,29,30,False,22.0,88.45,8.0,6.21,-5.142300877492316,6.128355544951823
2026-01-31 22:00:00,6.428571428571429,28,30,False,22.0,88.45,13.0,6.21,-11.258330249197703,6.499999999999997
2026-01-31 23:00:00,5.448275862068965,29,30,False,22.0,88.45,11.0,6.21,-10.336618828644992,3.762221576582356
2026-02-01 00:00:00,5.185185185185185,27,30,False,21.0,88.36,10.0,6.21,-9.84807753012208,1.736481776669303
2026-02-01 01:00:00,3.9642857142857144,28,30,False,21.0,88.36,6.0,6.21,-6.0,-3.6739403974420594e-16
2026-02-01 02:00:00,4.931034482758621,29,30,False,21.0,88.36,5.0,6.21,-4.698463103929543,1.7101007166283435
2026-02-01 03:00:00,5.466666666666667,30,30,False,20.0,93.98,0.0,6.21,0.0,0.0
2026-02-01 04:00:00,6.928571428571429,28,30,False,18.0,100.0,3.0,6.21,2.9544232590366244,-0.5209445330007899
2026-02-01 05:00:00,6.821428571428571,28,30,False,18.0,100.0,2.0,6.21,1.5320888862379562,-1.2855752193730785
2026-02-01 06:00:00,6.482758620689655,29,30,False,18.0,100.0,0.0,6.21,0.0,0.0
2026-02-01 07:00:00,5.321428571428571,28,30,False,21.0,88.36,0.0,6.21,0.0,0.0
2026-02-01 08:00:00,6.0,27,30,False,23.0,83.24,8.0,6.21,-9.797174393178826e-16,8.0
2026-02-01 09:00:00,3.0,28,30,False,24.0,73.66,6.0,6.21,-2.9999999999999996,5.196152422706632
2026-02-01 10:00:00,3.0,29,30,False,25.0,73.83,6.0,6.21,-2.0521208599540133,5.63815572471545
2026-02-01 11:00:00,3.0,28,30,False,25.0,73.83,8.0,6.21,-1.3891854213354422,7.878462024097664
2026-02-01 12:00:00,3.0,28,30,False,26.0,65.39,8.0,6.21,-2.736161146605351,7.5175409662872665
2026-02-01 13:00:00,3.0,29,30,False,26.0,65.39,10.0,6.21,-3.420201433256689,9.396926207859083
2026-02-01 14:00:00,3.0,28,30,False,26.0,65.39,10.0,6.21,-1.2246467991473533e-15,10.0
2026-02-01 15:00:00,3.0,27,30,False,26.0,69.58,8.0,6.21,-9.797174393178826e-16,8.0
2026-02-01 16:00:00,3.0,28,30,False,26.0,65.39,8.0,6.21,-1.3891854213354422,7.878462024097664
2026-02-01 17:00:00,3.0,29,30,False,26.0,61.42,10.0,6.21,-1.2246467991473533e-15,10.0
2026-02-01 18:00:00,3.0,29,30,False,25.0,65.17,10.0,6.21,-1.2246467991473533e-15,10.0
2026-02-01 19:00:00,3.0,28,30,False,24.0,73.66,8.0,6.21,-5.142300877492316,6.128355544951823
2026-02-01 20:00:00,3.0,28,30,False,23.0,78.23,5.0,6.21,-3.2139380484326976,3.8302222155948895
2026-02-01 21:00:00,3.7142857142857144,28,30,False,21.0,88.36,5.0,6.21,-4.92403876506104,0.8682408883346515
2026-02-01 22:00:00,6.103448275862069,29,30,False,21.0,88.36,5.0,6.21,-4.698463103929543,1.7101007166283435
2026-02-01 23:00:00,6.962962962962963,27,30,False,21.0,88.36,0.0,6.21,0.0,0.0
2026-02-02 00:00:00,6.214285714285714,28,30,False,19.0,100.0,0.0,6.21,0.0,0.0
2026-02-02 01:00:00,8.407407407407407,27,30,False,19.0,100.0,0.0,6.21,0.0,0.0
2026-02-02 02:00:00,6.233333333333333,30,30,False,19.0,100.0,5.0,6.21,-4.330127018922193,-2.5000000000000004
2026-02-02 03:00:00,6.8,30,30,False,18.0,100.0,0.0,6.21,0.0,0.0
2026-02-02 04:00:00,7.035714285714286,28,30,False,18.0,100.0,0.0,6.21,0.0,0.0
2026-02-02 05:00:00,9.03448275862069,29,30,False,18.0,100.0,0.0,6.21,0.0,0.0
2026-02-02 06:00:00,8.037037037037036,27,30,False,17.0,100.0,2.0,6.21,-0.6840402866513374,-1.8793852415718169
2026-02-02 07:00:00,8.571428571428571,28,30,False,18.0,100.0,4.0,6.21,-1.3680805733026749,-3.7587704831436337
2026-02-02 08:00:00,7.64,25,30,False,20.0,93.98,6.0,6.21,-2.0521208599540124,-5.638155724715451
2026-02-02 09:00:00,7.84,25,30,False,22.0,88.45,11.0,6.21,-1.9101299543362336,-10.832885283134289
2026-02-02 10:00:00,12.285714285714286,28,30,False,25.0,73.83,9.0,6.21,-1.562833599002373,-8.863269777109872
2026-02-02 11:00:00,16.689655172413794,29,30,False,27.0,65.6,7.0,6.21,-1.2155372436685123,-6.893654271085456
2026-02-02 12:00:00,6.724137931034483,29,30,False,28.0,51.29,6.0,6.21,3.0000000000000027,-5.19615242270663
2026-02-02 13:00:00,3.857142857142857,28,30,False,30.0,48.67,3.0,6.21,-1.4999999999999998,-2.598076211353316
2026-02-02 14:00:00,4.620689655172414,29,30,False,31.0,43.16,0.0,6.21,0.0,0.0
2026-02-02 15:00:00,3.142857142857143,28,30,False,32.0,43.44,7.0,6.21,-4.499513267805776,5.362311101832845
2026-02-02 16:00:00,3.103448275862069,29,30,False,32.0,43.44,8.0,6.21,-6.128355544951824,5.142300877492315
2026-02-02 17:00:00,3.0,28,30,False,29.0,62.11,9.0,6.21,-6.894399988070802,5.785088487178855
2026-02-02 18:00:00,3.0,27,30,False,28.0,65.82,9.0,6.21,-7.794228634059948,4.499999999999998
2026-02-02 19:00:00,3.0,29,30,False,26.0,74.0,9.0,6.21,-8.457233587073176,3.0781812899310186
2026-02-02 20:00:00,3.0,28,30,False,25.0,73.83,8.0,6.21,-7.517540966287267,2.7361611466053497
2026-02-02 21:00:00,8.923076923076923,26,30,False,25.0,78.52,4.0,6.21,-3.7587704831436337,1.3680805733026749
2026-02-02 22:00:00,36.535714285714285,28,30,False,25.0,83.47,4.0,6.21,-3.7587704831436337,1.3680805733026749
2026-02-02 23:00:00,10.571428571428571,28,30,False,24.0,83.36,3.0,6.21,-2.819077862357725,-1.0260604299770064
2026-02-03 00:00:00,11.035714285714286,28,30,False,24.0,64.96,5.0,6.21,-2.4999999999999996,-4.330127018922194
2026-02-03 01:00:00,13.517241379310345,29,30,False,24.0,69.19,5.0,6.21,-3.2139380484326963,-3.83022221559489
2026-02-03 02:00:00,9.566666666666666,30,30,False,23.0,73.48,8.0,6.21,-5.142300877492314,-6.128355544951824
2026-02-03 03:00:00,11.9,30,30,False,23.0,68.99,4.0,6.21,-1.9999999999999998,-3.464101615137755
2026-02-03 04:00:00,16.714285714285715,28,30,False,22.0,73.3,6.0,6.21,-2.0521208599540124,-5.638155724715451
2026-02-03 05:00:00,15.892857142857142,28,30,False,21.0,77.93,5.0,6.21,-1.7101007166283435,-4.698463103929543
2026-02-03 06:00:00,19.571428571428573,28,30,False,21.0,77.93,6.0,6.21,1.4695761589768238e-15,-6.0
2026-02-03 07:00:00,13.2,30,30,False,21.0,77.93,6.0,6.21,-1.041889066001582,-5.908846518073248
2026-02-03 08:00:00,12.62962962962963,27,30,False,24.0,69.19,6.0,6.21,1.0418890660015823,-5.908846518073248
2026-02-03 09:00:00,8.08,25,30,False,28.0,54.63,5.0,6.21,1.710100716628343,-4.698463103929543
2026-02-03 10:00:00,5.724137931034483,29,30,False,31.0,37.99,7.0,6.21,4.499513267805777,-5.362311101832844
2026-02-03 11:00:00,3.5517241379310347,29,30,False,33.0,33.93,10.0,6.21,8.660254037844386,-5.000000000000001
2026-02-03 12:00:00,3.0,28,30,False,33.0,33.93,13.0,6.21,12.21600407021681,4.446261863233691
2026-02-03 13:00:00,3.103448275862069,29,30,False,33.0,43.72,10.0,6.21,6.4278760968653925,7.660444431189781
2026-02-03 14:00:00,4.0,27,30,False,33.0,38.55,8.0,6.21,4.000000000000001,6.928203230275509
2026-02-03 15:00:00,5.035714285714286,28,30,False,33.0,38.55,10.0,6.21,5.000000000000001,8.660254037844386
2026-02-03 16:00:00,6.551724137931035,29,30,False,32.0,49.21,9.0,6.21,3.0781812899310177,8.457233587073176
2026-02-03 17:00:00,6.1,30,30,False,31.0,58.88,6.0,6.21,-7.347880794884119e-16,6.0
2026-02-03 18:00:00,6.482758620689655,29,30,False,28.0,69.97,3.0,6.21,1.026060429977006,2.8190778623577253
2026-02-03 19:00:00,8.785714285714286,28,30,False,28.0,65.82,0.0,6.21,0.0,0.0
2026-02-03 20:00:00,8.793103448275863,29,30,False,27.0,83.7,3.0,6.21,0.5209445330007914,2.954423259036624
2026-02-03 21:00:00,9.23076923076923,26,30,False,27.0,83.7,4.0,6.21,2.571150438746157,3.0641777724759125
2026-02-03 22:00:00,9.96551724137931,29,30,False,26.0,83.59,0.0,6.21,0.0,0.0
2026-02-03 23:00:00,11.10344827586207,29,30,False,26.0,88.78,0.0,6.21,0.0,0.0
2026-02-04 00:00:00,15.444444444444445,27,30,False,25.0,100.0,0.0,6.21,0.0,0.0
2026-02-04 01:00:00,27.103448275862068,29,30,False,24.0,100.0,0.0,6.21,0.0,0.0
2026-02-04 02:00:00,19.0,28,30,False,22.5,100.0,0.0,3.42,0.0,0.0
2026-02-04 03:00:00,13.1,30,30,False,22.5,100.0,0.0,3.42,0.0,0.0
2026-02-04 04:00:00,10.758620689655173,29,30,False,23.0,100.0,0.0,4.97,0.0,0.0
2026-02-04 05:00:00,10.928571428571429,28,30,False,21.25,100.0,0.0,1.76,0.0,0.0
2026-02-04 06:00:00,11.620689655172415,29,30,False,21.0,100.0,0.0,0.27,0.0,0.0
2026-02-04 07:00:00,12.185185185185185,27,30,False,23.5,100.0,0.0,3.73,0.0,0.0
2026-02-04 08:00:00,13.678571428571429,28,30,False,26.0,88.78,4.0,6.21,-2.571150438746158,3.0641777724759116
2026-02-04 09:00:00,11.333333333333334,24,30,False,28.0,65.82,0.0,6.21,0.0,0.0
2026-02-04 10:00:00,10.392857142857142,28,30,False,30.0,48.67,3.0,6.21,-1.9283628290596184,2.2981333293569337
2026-02-04 11:00:00,9.428571428571429,28,30,False,29.0,66.03,5.0,6.21,-3.2139380484326976,3.8302222155948895
2026-02-04 12:00:00,7.642857142857143,28,30,False,29.0,70.16,8.0,6.21,-1.3891854213354422,7.878462024097664
2026-02-04 13:00:00,11.285714285714286,28,30,False,29.0,79.1,9.0,6.21,-1.5628335990023725,8.863269777109872
2026-02-04 14:00:00,11.571428571428571,28,30,False,28.0,78.96,14.0,6.21,-1.7145055188062944e-15,14.0
2026-02-04 15:00:00,9.407407407407407,27,30,False,29.0,74.51,12.0,6.21,-2.083778132003163,11.817693036146496
2026-02-04 16:00:00,3.888888888888889,27,30,False,27.5,79.02,11.0,6.21,-3.7622215765823577,10.336618828644992
2026-02-04 17:00:00,3.0,29,30,False,26.0,83.59,11.0,6.21,-5.499999999999999,9.526279441628827
2026-02-04 18:00:00,3.0,27,30,False,26.0,83.59,8.0,6.21,-2.736161146605351,7.5175409662872665
2026-02-04 19:00:00,3.8214285714285716,28,30,False,25.0,88.7,9.0,6.21,-5.7850884871788555,6.894399988070801
2026-02-04 20:00:00,5.482758620689655,29,30,False,24.0,94.16,10.0,6.21,-8.660254037844387,4.999999999999998
2026-02-04 21:00:00,8.0,30,30,False,24.0,94.16,10.0,6.21,-9.396926207859085,3.420201433256687
2026-02-04 22:00:00,9.857142857142858,28,30,False,24.0,100.0,10.0,6.21,-9.396926207859085,3.420201433256687
2026-02-04 23:00:00,9.928571428571429,28,30,False,24.0,100.0,9.0,6.21,-9.0,-5.51091059616309e-16
2026-02-05 00:00:00,8.37037037037037,27,30,False,24.0,83.36,4.0,6.21,-4.0,-2.4492935982947064e-16
2026-02-05 01:00:00,6.269230769230769,26,30,False,24.0,78.38,2.0,6.21,-1.8793852415718169,0.6840402866513374
2026-02-05 02:00:00,5.793103448275862,29,30,False,23.0,83.24,3.0,6.21,-2.8190778623577253,1.0260604299770062
2026-02-05 03:00:00,7.8,30,30,False,23.0,78.23,4.0,6.21,-4.0,-2.4492935982947064e-16
2026-02-05 04:00:00,7.103448275862069,29,30,False,22.0,83.12,4.0,6.21,-3.939231012048832,-0.6945927106677217
2026-02-05 05:00:00,7.571428571428571,28,30,False,22.0,83.12,2.0,6.21,-2.0,-1.2246467991473532e-16
2026-02-05 06:00:00,6.25,28,30,False,22.0,88.45,3.0,6.21,-2.954423259036624,-0.5209445330007912
2026-02-05 07:00:00,7.142857142857143,28,30,False,24.0,78.38,6.0,6.21,-3.856725658119237,4.596266658713867
2026-02-05 08:00:00,6.379310344827586,29,30,False,25.0,88.7,6.0,6.21,-5.196152422706632,2.9999999999999987
2026-02-05 09:00:00,9.384615384615385,26,30,False,25.0,88.7,6.0,6.21,-7.347880794884119e-16,6.0
2026-02-05 10:00:00,8.0,28,30,False,25.0,94.2,8.0,6.21,-5.142300877492316,6.128355544951823
2026-02-05 11:00:00,6.071428571428571,28,30,False,26.0,88.78,10.0,6.21,-7.66044443118978,6.427876096865393
2026-02-05 12:00:00,6.0,29,30,False,26.0,88.78,9.0,6.21,-8.457233587073176,3.0781812899310186
2026-02-05 13:00:00,3.892857142857143,28,30,False,28.0,74.34,6.0,6.21,-5.908846518073248,1.0418890660015818
2026-02-05 14:00:00,3.9655172413793105,29,30,False,26.5,86.24,6.5,4.66,3.250000000000001,5.629165124598851
2026-02-05 15:00:00,3.206896551724138,29,30,False,25.0,100.0,11.0,6.21,1.9101299543362351,10.832885283134289
2026-02-05 16:00:00,3.0,28,30,False,24.0,100.0,9.0,6.21,1.5628335990023743,8.863269777109872
2026-02-05 17:00:00,3.0,28,30,False,24.0,94.16,6.0,6.21,-4.596266658713868,3.8567256581192364
2026-02-05 18:00:00,3.75,28,30,False,24.0,94.16,5.0,6.21,-2.4999999999999996,4.330127018922194
2026-02-05 19:00:00,3.344827586206897,29,30,False,24.0,94.16,2.0,6.21,-0.6840402866513378,1.8793852415718166
2026-02-05 20:00:00,3.2142857142857144,28,30,False,24.0,94.16,2.0,6.21,0.34729635533386094,1.969615506024416
2026-02-05 21:00:00,3.0,25,30,False,23.0,100.0,6.0,6.21,1.0418890660015827,5.908846518073248
2026-02-05 22:00:00,3.0,28,30,False,23.0,94.11,0.0,6.21,0.0,0.0
2026-02-05 23:00:00,3.0,28,30,False,22.0,100.0,0.0,6.21,0.0,0.0
2026-02-06 00:00:00,3.1153846153846154,26,30,False,22.5,97.06,2.0,5.9,-1.8126155740732999,-0.8452365234813989
2026-02-06 01:00:00,6.821428571428571,28,30,False,23.0,94.11,12.0,6.21,-2.083778132003163,11.817693036146496
2026-02-06 02:00:00,6.482758620689655,29,30,False,22.0,88.45,13.0,6.21,-2.2574263096700937,12.802500789158705
2026-02-06 03:00:00,4.3,30,30,False,22.0,88.45,12.0,6.21,-4.1042417199080266,11.2763114494309
2026-02-06 04:00:00,5.071428571428571,28,30,False,22.0,78.08,10.0,6.21,-3.420201433256689,9.396926207859083
2026-02-06 05:00:00,4.266666666666667,30,30,False,22.0,78.08,10.0,6.21,-3.420201433256689,9.396926207859083
2026-02-06 06:00:00,3.344827586206897,29,30,False,21.0,77.93,7.0,6.21,-8.572527594031472e-16,7.0
2026-02-06 07:00:00,3.962962962962963,27,30,False,21.0,77.93,8.0,6.21,-9.797174393178826e-16,8.0
2026-02-06 08:00:00,4.576923076923077,26,30,False,22.0,68.79,7.0,6.21,-1.215537243668512,6.893654271085456
2026-02-06 09:00:00,3.32,25,30,False,23.0,68.99,8.0,6.21,-9.797174393178826e-16,8.0
2026-02-06 10:00:00,5.285714285714286,28,30,False,24.0,64.96,7.0,6.21,3.500000000000001,6.06217782649107
2026-02-06 11:00:00,15.107142857142858,28,30,False,24.0,64.96,7.0,6.21,1.2155372436685132,6.893654271085456
2026-02-06 12:00:00,3.9310344827586206,29,30,False,24.0,60.96,8.0,6.21,1.3891854213354438,7.878462024097664
2026-02-06 13:00:00,3.5,28,30,False,24.0,53.6,10.0,6.21,5.000000000000001,8.660254037844386
2026-02-06 14:00:00,3.392857142857143,28,30,False,25.0,38.79,10.0,6.21,5.000000000000001,8.660254037844386
2026-02-06 15:00:00,3.0,29,30,False,25.0,38.79,9.0,6.21,1.5628335990023743,8.863269777109872
2026-02-06 16:00:00,3.0,28,30,False,25.0,36.27,9.0,6.21,-1.102182119232618e-15,9.0
2026-02-06 17:00:00,3.0,28,30,False,24.0,41.18,9.0,6.21,-1.102182119232618e-15,9.0
2026-02-06 18:00:00,3.0,29,30,False,23.0,43.73,8.0,6.21,-2.736161146605351,7.5175409662872665
2026-02-06 19:00:00,3.0,28,30,False,22.0,49.67,7.0,6.21,-4.499513267805776,5.362311101832845
2026-02-06 20:00:00,3.0,28,30,False,20.0,60.0,4.0,6.21,-3.464101615137755,1.9999999999999991
2026-02-06 21:00:00,5.1923076923076925,26,30,False,19.0,72.76,7.0,6.21,-7.0,-4.286263797015736e-16
2026-02-06 22:00:00,10.206896551724137,29,30,False,18.0,77.46,3.0,6.21,-2.298133329356934,-1.9283628290596182
2026-02-06 23:00:00,13.241379310344827,29,30,False,18.0,77.46,4.0,6.21,-1.3680805733026749,-3.7587704831436337
2026-02-07 00:00:00,9.666666666666666,27,30,False,17.0,82.51,6.0,6.21,-3.8567256581192355,-4.596266658713868
2026-02-07 01:00:00,10.10344827586207,29,30,False,16.0,82.38,3.0,6.21,-1.0260604299770062,-2.8190778623577253
2026-02-07 02:00:00,6.482758620689655,29,30,False,15.0,93.74,5.0,6.21,1.710100716628343,-4.698463103929543
2026-02-07 03:00:00,4.833333333333333,30,30,False,15.0,87.84,3.0,6.21,1.0260604299770058,-2.8190778623577253
2026-02-07 04:00:00,3.103448275862069,29,30,False,14.0,93.7,1.0,6.21,0.1736481776669304,-0.984807753012208
2026-02-07 05:00:00,4.785714285714286,28,30,False,15.0,87.84,6.0,6.21,1.4695761589768238e-15,-6.0
2026-02-07 06:00:00,6.0,28,30,False,14.0,93.7,3.0,6.21,0.5209445330007911,-2.954423259036624
2026-02-07 07:00:00,7.035714285714286,28,30,False,15.0,87.84,4.0,6.21,2.5711504387461583,-3.064177772475911
2026-02-07 08:00:00,10.666666666666666,27,30,False,18.0,77.46,8.0,6.21,4.0000000000000036,-6.928203230275507
2026-02-07 09:00:00,3.4814814814814814,27,30,False,21.0,64.3,9.0,6.21,3.0781812899310173,-8.457233587073176
2026-02-07 10:00:00,3.0,28,30,False,25.0,44.3,10.0,6.21,8.660254037844386,-5.000000000000001
2026-02-07 11:00:00,3.0,29,30,False,27.0,36.84,14.0,6.21,14.0,2.5717582782094417e-15
2026-02-07 12:00:00,3.0,27,30,False,27.0,44.86,14.0,6.21,13.787308542170912,2.4310744873370247
2026-02-07 13:00:00,3.0,28,30,False,27.0,47.85,13.0,6.21,12.21600407021681,4.446261863233691
2026-02-07 14:00:00,3.0,28,30,False,27.0,47.85,12.0,6.21,4.104241719908024,11.276311449430901
2026-02-07 15:00:00,3.0,29,30,False,26.0,50.76,10.0,6.21,1.7364817766693048,9.84807753012208
2026-02-07 16:00:00,3.0,28,30,False,26.0,34.18,10.0,6.21,-1.7364817766693028,9.84807753012208
2026-02-07 17:00:00,3.0,29,30,False,26.0,44.58,8.0,6.21,-1.3891854213354422,7.878462024097664
2026-02-07 18:00:00,3.0,27,30,False,25.0,50.49,8.0,6.21,-2.736161146605351,7.5175409662872665
2026-02-07 19:00:00,3.0,28,30,False,24.0,57.17,7.0,6.21,-5.362311101832846,4.499513267805775
2026-02-07 20:00:00,3.0,26,30,False,22.0,64.52,5.0,6.21,-4.330127018922194,2.499999999999999
2026-02-07 21:00:00,3.7241379310344827,29,30,False,22.0,64.52,0.0,6.21,0.0,0.0
2026-02-07 22:00:00,5.703703703703703,27,30,False,21.0,73.13,0.0,6.21,0.0,0.0
2026-02-07 23:00:00,4.0344827586206895,29,30,False,21.0,73.13,0.0,6.21,0.0,0.0
2026-02-08 00:00:00,4.178571428571429,28,30,False,21.0,73.13,0.0,6.21,0.0,0.0
2026-02-08 01:00:00,10.107142857142858,28,30,False,19.0,82.76,0.0,6.21,0.0,0.0
2026-02-08 02:00:00,9.333333333333334,30,30,False,18.0,88.1,3.0,6.21,-1.9283628290596178,-2.298133329356934
2026-02-08 03:00:00,6.533333333333333,30,30,False,17.0,93.84,0.0,6.21,0.0,0.0
2026-02-08 04:00:00,7.392857142857143,28,30,False,16.0,100.0,0.0,6.21,0.0,0.0
2026-02-08 05:00:00,8.620689655172415,29,30,False,14.0,100.0,0.0,6.21,0.0,0.0
2026-02-08 06:00:00,9.862068965517242,29,30,False,14.0,100.0,0.0,6.21,0.0,0.0
2026-02-08 07:00:00,8.035714285714286,28,30,False,15.0,100.0,0.0,6.21,0.0,0.0
2026-02-08 08:00:00,8.153846153846153,26,30,False,20.0,82.88,0.0,6.21,0.0,0.0
2026-02-08 09:00:00,3.8214285714285716,28,30,False,24.0,44.02,0.0,6.21,0.0,0.0
2026-02-08 10:00:00,3.0,29,30,False,25.0,44.3,4.0,6.21,-2.571150438746157,-3.064177772475912
2026-02-08 11:00:00,3.0,27,30,False,26.0,54.11,5.0,6.21,-3.83022221559489,3.2139380484326967
2026-02-08 12:00:00,3.0,29,30,False,27.0,51.02,8.0,6.21,-6.128355544951824,5.142300877492315
2026-02-08 13:00:00,3.0,27,30,False,28.0,45.14,6.0,6.21,-5.196152422706632,2.9999999999999987
2026-02-08 14:00:00,3.0,28,30,False,27.0,51.02,9.0,6.21,-6.894399988070802,5.785088487178855
2026-02-08 15:00:00,3.0,28,30,False,26.0,50.76,11.0,6.21,-8.426488874308758,7.070663706551933
2026-02-08 16:00:00,3.0,29,30,False,26.0,50.76,11.0,6.21,-8.426488874308758,7.070663706551933
2026-02-08 17:00:00,3.0,28,30,False,26.0,47.58,11.0,6.21,-8.426488874308758,7.070663706551933
2026-02-08 18:00:00,3.0,28,30,False,25.0,57.42,11.0,6.21,-8.426488874308758,7.070663706551933
2026-02-08 19:00:00,3.0,28,30,False,24.0,57.17,13.0,6.21,-11.258330249197703,6.499999999999997
2026-02-08 20:00:00,3.0,28,30,False,23.0,56.92,11.0,6.21,-10.336618828644992,3.762221576582356
2026-02-08 21:00:00,3.0,28,30,False,23.0,60.72,10.0,6.21,-8.660254037844387,4.999999999999998
2026-02-08 22:00:00,3.9310344827586206,29,30,False,22.0,64.52,11.0,6.21,-10.832885283134289,1.9101299543362333
2026-02-08 23:00:00,3.586206896551724,29,30,False,22.0,73.3,5.0,6.21,-5.0,-3.061616997868383e-16
2026-02-09 00:00:00,3.0,28,30,False,21.0,73.13,6.0,6.21,-5.908846518073248,1.0418890660015818
2026-02-09 01:00:00,3.3214285714285716,28,30,False,20.0,77.77,4.0,6.21,-3.939231012048832,-0.6945927106677217
2026-02-09 02:00:00,3.7777777777777777,27,30,False,19.0,82.76,6.0,6.21,-5.196152422706632,-3.000000000000001
2026-02-09 03:00:00,7.133333333333333,30,30,False,19.0,88.19,4.0,6.21,-3.064177772475912,-2.5711504387461575
2026-02-09 04:00:00,6.071428571428571,28,30,False,19.0,88.19,3.0,6.21,-1.9283628290596178,-2.298133329356934
2026-02-09 05:00:00,6.172413793103448,29,30,False,19.0,88.19,6.0,6.21,-4.596266658713868,-3.8567256581192364
2026-02-09 06:00:00,6.607142857142857,28,30,False,19.0,88.19,6.0,6.21,-2.9999999999999996,-5.196152422706632
2026-02-09 07:00:00,6.857142857142857,28,30,False,19.0,88.19,5.0,6.21,-1.7101007166283435,-4.698463103929543
2026-02-09 08:00:00,6.56,25,30,False,21.0,77.93,8.0,6.21,-2.7361611466053497,-7.517540966287267
2026-02-09 09:00:00,3.9615384615384617,26,30,False,24.0,60.96,8.0,6.21,-2.7361611466053497,-7.517540966287267
2026-02-09 10:00:00,3.3703703703703702,27,30,False,26.0,54.11,11.0,6.21,1.9101299543362342,-10.832885283134289
2026-02-09 11:00:00,3.103448275862069,29,30,False,28.0,42.32,10.0,6.21,1.736481776669304,-9.84807753012208
2026-02-09 12:00:00,3.1379310344827585,29,30,False,29.0,39.93,7.0,6.21,-1.2155372436685123,-6.893654271085456
2026-02-09 13:00:00,3.0,29,30,False,31.0,33.37,9.0,6.21,-4.499999999999999,-7.794228634059948
2026-02-09 14:00:00,3.892857142857143,28,30,False,31.0,31.25,6.0,6.21,1.4695761589768238e-15,-6.0
2026-02-09 15:00:00,3.0,29,30,False,31.0,31.25,5.0,6.21,-3.2139380484326963,-3.83022221559489
2026-02-09 16:00:00,3.0,28,30,False,32.0,27.64,8.0,6.21,-6.928203230275509,-4.000000000000001
2026-02-09 17:00:00,3.0,28,30,False,29.0,48.4,10.0,6.21,-9.396926207859085,3.420201433256687
2026-02-09 18:00:00,3.0,28,30,False,28.0,58.16,12.0,6.21,-11.276311449430901,4.104241719908025
2026-02-09 19:00:00,3.0,28,30,False,27.0,57.91,8.0,6.21,-7.517540966287267,2.7361611466053497
2026-02-09 20:00:00,3.142857142857143,28,30,False,26.0,65.39,7.0,6.21,-7.0,-4.286263797015736e-16
2026-02-09 21:00:00,10.76923076923077,26,30,False,25.0,61.19,6.0,6.21,-5.63815572471545,-2.052120859954013
2026-02-09 22:00:00,9.357142857142858,28,30,False,24.0,53.6,6.0,6.21,-5.196152422706632,-3.000000000000001
2026-02-09 23:00:00,7.206896551724138,29,30,False,24.0,60.96,9.0,6.21,-6.894399988070802,-5.785088487178855
2026-02-10 00:00:00,11.620689655172415,29,30,False,23.0,78.23,7.0,6.21,-4.499513267805774,-5.362311101832846
2026-02-10 01:00:00,11.571428571428571,28,30,False,22.0,88.45,5.0,6.21,-1.7101007166283435,-4.698463103929543
2026-02-10 02:00:00,12.785714285714286,28,30,False,22.0,88.45,7.0,6.21,-2.394141003279681,-6.5778483455013586
2026-02-10 03:00:00,10.066666666666666,30,30,False,21.0,94.02,4.0,6.21,-1.9999999999999998,-3.464101615137755
2026-02-10 04:00:00,12.068965517241379,29,30,False,20.0,100.0,5.0,6.21,-0.8682408883346516,-4.92403876506104
2026-02-10 05:00:00,12.89655172413793,29,30,False,20.0,100.0,4.0,6.21,2.0000000000000018,-3.4641016151377535
2026-02-10 06:00:00,14.071428571428571,28,30,False,19.0,100.0,0.0,6.21,0.0,0.0
2026-02-10 07:00:00,14.285714285714286,28,30,False,20.0,100.0,9.0,6.21,3.0781812899310173,-8.457233587073176
2026-02-10 08:00:00,16.714285714285715,28,30,False,21.0,100.0,6.0,6.21,1.0418890660015823,-5.908846518073248
2026-02-10 09:00:00,4.035714285714286,28,30,False,24.0,88.61,6.0,6.21,1.0418890660015823,-5.908846518073248
2026-02-10 10:00:00,3.0,28,30,False,26.0,78.67,7.0,6.21,1.2155372436685128,-6.893654271085456
2026-02-10 11:00:00,3.0,28,30,False,29.0,58.4,6.0,6.21,3.0000000000000027,-5.19615242270663
2026-02-10 12:00:00,3.0,29,30,False,31.0,48.94,5.0,6.21,3.213938048432698,-3.830222215594889
2026-02-10 13:00:00,3.0,27,30,False,30.0,58.64,8.0,6.21,-9.797174393178826e-16,8.0
2026-02-10 14:00:00,3.0,28,30,False,30.0,55.13,10.0,6.21,1.7364817766693048,9.84807753012208
2026-02-10 15:00:00,3.0,30,30,False,30.0,58.64,9.0,6.21,3.0781812899310177,8.457233587073176
2026-02-10 16:00:00,3.0,29,30,False,29.0,66.03,8.0,6.21,-9.797174393178826e-16,8.0
2026-02-10 17:00:00,3.0,22,30,False,29.0,66.03,6.0,6.21,-1.0418890660015816,5.908846518073248
2026-02-10 18:00:00,3.0,23,30,False,29.0,62.11,6.0,6.21,-4.596266658713868,3.8567256581192364
2026-02-10 19:00:00,3.0,28,30,False,27.0,69.77,8.0,6.21,-7.517540966287267,2.7361611466053497
2026-02-10 20:00:00,4.423076923076923,26,30,False,25.0,88.7,6.0,6.21,-5.908846518073248,1.0418890660015818
2026-02-10 21:00:00,11.035714285714286,28,30,False,25.0,83.47,5.0,6.21,-4.92403876506104,-0.8682408883346521
2026-02-10 22:00:00,14.357142857142858,28,30,False,24.0,78.38,5.0,6.21,-4.330127018922193,-2.5000000000000004
2026-02-10 23:00:00,12.481481481481481,27,30,False,24.0,73.66,5.0,6.21,-3.83022221559489,-3.2139380484326967
2026-02-11 00:00:00,11.074074074074074,27,30,False,23.0,73.48,0.0,6.21,0.0,0.0
2026-02-11 01:00:00,8.793103448275863,29,30,False,24.0,64.96,2.0,6.21,-1.532088886237956,-1.2855752193730787
2026-02-11 02:00:00,10.74074074074074,27,30,False,23.0,73.48,5.0,6.21,-2.4999999999999996,-4.330127018922194
2026-02-11 03:00:00,15.066666666666666,30,30,False,22.0,83.12,7.0,6.21,-3.4999999999999996,-6.062177826491071
2026-02-11 04:00:00,16.566666666666666,30,30,False,22.0,94.07,6.0,6.21,-2.0521208599540124,-5.638155724715451
2026-02-11 05:00:00,12.413793103448276,29,30,False,21.0,94.02,6.0,6.21,-2.0521208599540124,-5.638155724715451
2026-02-11 06:00:00,13.586206896551724,29,30,False,21.0,88.36,8.0,6.21,1.959434878635765e-15,-8.0
2026-02-11 07:00:00,21.703703703703702,27,30,False,22.0,78.08,6.0,6.21,3.8567256581192373,-4.5962666587138665
2026-02-11 08:00:00,31.64,25,30,False,25.0,69.38,7.0,6.21,5.362311101832847,-4.499513267805774
2026-02-11 09:00:00,11.04,25,30,False,28.0,69.97,10.0,6.21,10.0,1.8369701987210296e-15
2026-02-11 10:00:00,7.428571428571429,28,30,False,27.0,65.6,14.0,6.21,13.155696691002717,4.78828200655936
2026-02-11 11:00:00,4.793103448275862,29,30,False,27.0,61.65,13.0,6.21,9.958577760546714,8.356238925925012
2026-02-11 12:00:00,3.0,27,30,False,26.0,57.67,11.0,6.21,7.070663706551931,8.42648887430876
2026-02-11 13:00:00,3.0,28,30,False,27.0,51.02,10.0,6.21,7.660444431189779,6.427876096865395
2026-02-11 14:00:00,3.0,29,30,False,27.0,47.85,9.0,6.21,5.785088487178854,6.894399988070803
2026-02-11 15:00:00,5.214285714285714,28,30,False,27.0,47.85,9.0,6.21,4.500000000000001,7.794228634059947
2026-02-11 16:00:00,6.571428571428571,28,30,False,26.0,47.58,8.0,6.21,1.3891854213354438,7.878462024097664
2026-02-11 17:00:00,3.107142857142857,28,30,False,26.0,39.08,6.0,6.21,-7.347880794884119e-16,6.0
2026-02-11 18:00:00,3.0,30,30,False,25.0,41.46,8.0,6.21,-9.797174393178826e-16,8.0
2026-02-11 19:00:00,3.25,28,30,False,24.0,44.02,5.0,6.21,-1.7101007166283444,4.698463103929542
2026-02-11 20:00:00,3.107142857142857,28,30,False,23.0,49.95,5.0,6.21,-2.4999999999999996,4.330127018922194
2026-02-11 21:00:00,3.111111111111111,27,30,False,24.0,47.03,5.0,6.21,-2.4999999999999996,4.330127018922194
2026-02-11 22:00:00,3.0,28,30,False,23.0,56.92,6.0,6.21,-3.856725658119237,4.596266658713867
2026-02-11 23:00:00,3.142857142857143,28,30,False,22.0,68.79,9.0,6.21,-6.894399988070802,5.785088487178855
2026-02-12 00:00:00,3.0,27,30,False,22.67,58.11,8.67,6.21,-7.508440250811083,4.334999999999998
2026-02-12 01:00:00,3.5714285714285716,28,30,False,23.0,56.92,10.0,6.21,-8.660254037844387,4.999999999999998
2026-02-12 02:00:00,3.793103448275862,29,30,False,22.0,53.07,9.0,6.21,-8.457233587073175,-3.0781812899310195
2026-02-12 03:00:00,3.2666666666666666,30,30,False,20.5,60.25,8.0,6.21,-7.7274066103125465,-2.070552360820166
2026-02-12 04:00:00,3.3703703703703702,27,30,False,20.5,66.33,5.5,6.21,-5.416442641567144,-0.9550649771681172
2026-02-12 05:00:00,5.428571428571429,28,30,False,21.0,73.13,2.0,6.21,-0.34729635533386066,-1.969615506024416
2026-02-12 06:00:00,7.689655172413793,29,30,False,21.0,64.3,9.0,6.21,-8.863269777109872,-1.5628335990023738
2026-02-12 07:00:00,7.607142857142857,28,30,False,19.0,72.76,9.0,6.21,-8.457233587073175,-3.0781812899310195
2026-02-12 08:00:00,9.428571428571429,28,30,False,19.0,72.76,8.0,6.21,-8.0,-4.898587196589413e-16
2026-02-12 09:00:00,8.655172413793103,29,30,False,21.0,68.59,7.0,6.21,-6.893654271085456,1.2155372436685121
2026-02-12 10:00:00,6.964285714285714,28,30,False,21.0,68.59,6.0,6.21,-5.63815572471545,-2.052120859954013
2026-02-12 11:00:00,9.344827586206897,29,30,False,22.0,60.48,5.0,6.21,-3.83022221559489,-3.2139380484326967
2026-02-12 12:00:00,5.758620689655173,29,30,False,22.0,64.52,6.0,6.21,-2.0521208599540124,-5.638155724715451
2026-02-12 13:00:00,3.0,28,30,False,22.0,73.3,0.0,6.21,0.0,0.0
2026-02-12 14:00:00,3.0,28,30,False,23.0,73.48,6.0,6.21,-3.8567256581192355,-4.596266658713868
2026-02-12 15:00:00,3.0,28,30,False,24.0,69.19,7.0,6.21,-4.499513267805774,-5.362311101832846
2026-02-12 16:00:00,3.142857142857143,28,30,False,25.0,65.17,8.0,6.21,-5.142300877492314,-6.128355544951824
2026-02-12 17:00:00,3.0,28,30,False,25.0,69.38,6.0,6.21,-2.9999999999999996,-5.196152422706632
2026-02-12 18:00:00,3.0,28,30,False,25.0,69.38,4.0,6.21,-1.9999999999999998,-3.464101615137755
2026-02-12 19:00:00,3.0,30,30,False,24.0,73.66,3.0,6.21,1.9283628290596186,-2.2981333293569333
2026-02-12 20:00:00,3.48,25,30,False,23.0,78.23,0.0,6.21,0.0,0.0
2026-02-12 21:00:00,5.689655172413793,29,30,False,22.0,88.45,0.0,6.21,0.0,0.0
2026-02-12 22:00:00,5.928571428571429,28,30,False,22.0,88.45,0.0,6.21,0.0,0.0
2026-02-12 23:00:00,6.571428571428571,28,30,False,21.0,94.02,0.0,6.21,0.0,0.0
2026-02-13 00:00:00,10.379310344827585,29,30,False,22.0,88.45,0.0,6.21,0.0,0.0
2026-02-13 01:00:00,14.074074074074074,27,30,False,21.0,88.36,0.0,6.21,0.0,0.0
2026-02-13 02:00:00,16.482758620689655,29,30,False,18.0,100.0,0.0,5.59,0.0,0.0
2026-02-13 03:00:00,3.2,30,30,False,17.67,100.0,0.0,3.94,0.0,0.0
2026-02-13 04:00:00,4.464285714285714,28,30,False,19.5,100.0,1.5,4.66,-1.477211629518312,0.26047226650039546
2026-02-13 05:00:00,7.357142857142857,28,30,False,21.5,85.73,11.5,6.21,-3.933231648245192,10.806465139037945
2026-02-13 06:00:00,5.0,30,30,False,21.0,88.36,15.0,6.21,-9.641814145298092,11.490666646784668
2026-02-13 07:00:00,4.655172413793103,29,30,False,21.0,77.93,13.0,6.21,-6.499999999999999,11.258330249197703
2026-02-13 08:00:00,3.0,25,30,False,21.0,77.93,12.0,6.21,-7.713451316238474,9.192533317427735
2026-02-13 09:00:00,3.48,25,30,False,22.0,68.79,11.0,6.21,-5.499999999999999,9.526279441628827
2026-02-13 10:00:00,3.3461538461538463,26,30,False,23.0,64.74,11.0,6.21,-5.499999999999999,9.526279441628827
2026-02-13 11:00:00,6.275862068965517,29,30,False,24.0,60.96,11.0,6.21,-5.499999999999999,9.526279441628827
2026-02-13 12:00:00,3.7241379310344827,29,30,False,24.0,53.6,11.0,6.21,-5.499999999999999,9.526279441628827
2026-02-13 13:00:00,3.0,29,30,False,24.0,50.22,9.0,6.21,-4.499999999999999,7.794228634059948
2026-02-13 14:00:00,11.241379310344827,29,30,False,24.0,47.03,10.0,6.21,-1.2246467991473533e-15,10.0
2026-02-13 15:00:00,3.0,29,30,False,24.0,47.03,8.0,6.21,-5.142300877492316,6.128355544951823
2026-02-13 16:00:00,3.0,29,30,False,24.0,50.22,9.0,6.21,-3.07818128993102,8.457233587073175
2026-02-13 17:00:00,3.0,28,30,False,23.0,46.75,9.0,6.21,-3.07818128993102,8.457233587073175
2026-02-13 18:00:00,3.0,28,30,False,22.0,49.67,9.0,6.21,-4.499999999999999,7.794228634059948
2026-02-13 19:00:00,3.0,28,30,False,21.0,52.81,9.0,6.21,-5.7850884871788555,6.894399988070801
2026-02-13 20:00:00,3.0,28,30,False,20.0,56.16,8.0,6.21,-5.142300877492316,6.128355544951823
2026-02-13 21:00:00,3.0,27,30,False,19.0,63.85,10.0,6.21,-7.66044443118978,6.427876096865393
2026-02-13 22:00:00,3.0,29,30,False,19.0,59.76,7.0,6.21,-6.062177826491071,3.4999999999999982
2026-02-13 23:00:00,3.0,27,30,False,19.0,59.76,10.0,6.21,-7.66044443118978,6.427876096865393
2026-02-14 00:00:00,3.0,28,30,False,19.0,63.85,8.0,6.21,-7.517540966287267,2.7361611466053497
2026-02-14 01:00:00,3.392857142857143,28,30,False,19.0,59.76,10.0,6.21,-9.84807753012208,1.736481776669303
2026-02-14 02:00:00,3.4285714285714284,28,30,False,16.0,72.21,5.0,6.21,-3.83022221559489,-3.2139380484326967
2026-02-14 03:00:00,7.6,30,30,False,15.0,76.99,6.0,6.21,-3.8567256581192355,-4.596266658713868
2026-02-14 04:00:00,6.827586206896552,29,30,False,15.0,76.99,0.0,6.21,0.0,0.0
2026-02-14 05:00:00,6.448275862068965,29,30,False,14.0,82.13,6.0,6.21,-5.908846518073248,-1.0418890660015825
2026-02-14 06:00:00,6.464285714285714,28,30,False,14.0,82.13,2.0,6.21,-1.8793852415718166,-0.6840402866513376
2026-02-14 07:00:00,5.75,28,30,False,15.0,76.99,4.0,6.21,-3.4641016151377544,-2.0000000000000004
2026-02-14 08:00:00,3.3666666666666667,30,30,False,18.0,63.62,0.0,6.21,0.0,0.0
2026-02-14 09:00:00,3.0,26,30,False,20.0,52.54,3.0,6.21,-3.0,-1.8369701987210297e-16
2026-02-14 10:00:00,3.142857142857143,28,30,False,22.0,43.45,7.0,6.21,-6.062177826491071,3.4999999999999982
2026-02-14 11:00:00,3.0,29,30,False,22.0,43.45,8.0,6.21,-5.142300877492316,6.128355544951823
2026-02-14 12:00:00,3.0,27,30,False,23.0,43.73,10.0,6.21,-7.66044443118978,6.427876096865393
2026-02-14 13:00:00,3.4482758620689653,29,30,False,24.0,44.02,11.0,6.21,-8.426488874308758,7.070663706551933
2026-02-14 14:00:00,3.0,27,30,False,24.0,47.03,13.0,6.21,-11.258330249197703,6.499999999999997
2026-02-14 15:00:00,3.0,29,30,False,24.0,53.6,14.0,6.21,-12.124355652982143,6.9999999999999964
2026-02-14 16:00:00,3.0,28,30,False,24.0,53.6,15.0,6.21,-12.99038105676658,7.4999999999999964
2026-02-14 17:00:00,3.0,28,30,False,24.0,57.17,18.0,6.21,-13.788799976141604,11.57017697435771
2026-02-14 18:00:00,3.0,28,30,False,24.0,64.96,14.0,6.21,-12.124355652982143,6.9999999999999964
2026-02-14 19:00:00,3.0,29,30,False,24.0,64.96,17.0,6.21,-14.722431864335459,8.499999999999996
2026-02-14 20:00:00,3.0,28,30,False,23.0,64.74,10.0,6.21,-9.84807753012208,1.736481776669303
2026-02-14 21:00:00,4.814814814814815,27,30,False,23.0,56.92,6.0,6.21,-6.0,-3.6739403974420594e-16
2026-02-14 22:00:00,13.392857142857142,28,30,False,22.0,56.67,7.0,6.21,-6.5778483455013586,-2.3941410032796817
2026-02-14 23:00:00,5.321428571428571,28,30,False,21.0,64.3,9.0,6.21,-7.794228634059947,-4.500000000000001
2026-02-15 00:00:00,3.925925925925926,27,30,False,20.0,68.38,10.0,6.21,-7.66044443118978,-6.427876096865393
2026-02-15 01:00:00,3.107142857142857,28,30,False,20.0,68.38,9.0,6.21,-6.894399988070802,-5.785088487178855
2026-02-15 02:00:00,4.214285714285714,28,30,False,19.0,77.62,8.0,6.21,-5.142300877492314,-6.128355544951824
2026-02-15 03:00:00,3.2,30,30,False,19.0,77.62,8.0,6.21,-5.142300877492314,-6.128355544951824
2026-02-15 04:00:00,4.428571428571429,28,30,False,19.0,77.62,7.0,6.21,-4.499513267805774,-5.362311101832846
2026-02-15 05:00:00,4.172413793103448,29,30,False,19.0,82.76,5.0,6.21,-2.4999999999999996,-4.330127018922194
2026-02-15 06:00:00,5.464285714285714,28,30,False,19.0,88.19,8.0,6.21,-5.142300877492314,-6.128355544951824
2026-02-15 07:00:00,5.758620689655173,29,30,False,19.0,88.19,3.0,6.21,7.347880794884119e-16,-3.0
2026-02-15 08:00:00,3.9642857142857144,28,30,False,20.0,82.88,7.0,6.21,-4.499513267805774,-5.362311101832846
2026-02-15 09:00:00,5.148148148148148,27,30,False,22.0,78.08,10.0,6.21,-4.999999999999999,-8.660254037844387
2026-02-15 10:00:00,4.321428571428571,28,30,False,23.0,73.48,11.0,6.21,-8.426488874308758,-7.070663706551933
2026-02-15 11:00:00,3.7142857142857144,28,30,False,24.0,73.66,9.0,6.21,-4.499999999999999,-7.794228634059948
2026-02-15 12:00:00,4.448275862068965,29,30,False,25.0,69.38,6.0,6.21,-2.0521208599540124,-5.638155724715451
2026-02-15 13:00:00,3.0,28,30,False,26.0,65.39,8.0,6.21,2.736161146605349,-7.517540966287267
2026-02-15 14:00:00,3.142857142857143,28,30,False,25.0,73.83,13.0,6.21,-9.958577760546714,-8.356238925925012
2026-02-15 15:00:00,3.2142857142857144,28,30,False,26.0,69.58,9.0,6.21,-5.785088487178854,-6.894399988070802
2026-02-15 16:00:00,3.0,28,30,False,27.0,69.77,6.0,6.21,-1.041889066001582,-5.908846518073248
2026-02-15 17:00:00,3.0,30,30,False,27.0,69.77,0.0,6.21,0.0,0.0
2026-02-15 18:00:00,3.0,28,30,False,26.0,78.67,6.0,6.21,5.908846518073248,1.041889066001582
2026-02-15 19:00:00,3.107142857142857,28,30,False,24.0,88.61,7.0,6.21,5.362311101832845,4.499513267805776
2026-02-15 20:00:00,3.0,28,30,False,23.0,94.11,3.0,6.21,2.5980762113533156,1.5000000000000013
2026-02-15 21:00:00,4.592592592592593,27,30,False,23.0,94.11,0.0,6.21,0.0,0.0
2026-02-15 22:00:00,6.275862068965517,29,30,False,23.0,88.53,0.0,6.21,0.0,0.0
2026-02-15 23:00:00,6.428571428571429,28,30,False,23.0,94.11,0.0,6.21,0.0,0.0
2026-02-16 00:00:00,5.653846153846154,26,30,False,22.0,100.0,0.0,6.21,0.0,0.0
2026-02-16 01:00:00,6.75,28,30,False,22.0,100.0,0.0,6.21,0.0,0.0
2026-02-16 02:00:00,5.464285714285714,28,30,False,22.0,100.0,0.0,6.21,0.0,0.0
2026-02-16 03:00:00,4.1,30,30,False,21.0,100.0,0.0,6.21,0.0,0.0
2026-02-16 04:00:00,3.310344827586207,29,30,False,21.0,100.0,0.0,6.21,0.0,0.0
2026-02-16 05:00:00,3.3333333333333335,27,30,False,21.0,100.0,5.0,6.21,1.7101007166283433,4.698463103929543
2026-02-16 06:00:00,4.821428571428571,28,30,False,22.0,94.07,8.0,6.21,1.3891854213354438,7.878462024097664
2026-02-16 07:00:00,5.071428571428571,28,30,False,22.0,88.45,7.0,6.21,-8.572527594031472e-16,7.0
2026-02-16 08:00:00,5.25,28,30,False,23.0,88.53,7.0,6.21,-2.394141003279682,6.5778483455013586
2026-02-16 09:00:00,3.1538461538461537,26,30,False,24.0,83.36,8.0,6.21,-1.3891854213354422,7.878462024097664
2026-02-16 10:00:00,3.1,30,30,False,24.0,78.38,11.0,6.21,-1.9101299543362331,10.832885283134289
2026-02-16 11:00:00,3.0,28,30,False,25.0,73.83,8.0,6.21,-3.9999999999999996,6.92820323027551
2026-02-16 12:00:00,3.0,29,30,False,25.0,73.83,9.0,6.21,-5.7850884871788555,6.894399988070801
2026-02-16 13:00:00,3.0,27,30,False,26.0,69.58,9.0,6.21,-4.499999999999999,7.794228634059948
2026-02-16 14:00:00,3.0,30,30,False,26.0,69.58,11.0,6.21,-3.7622215765823577,10.336618828644992
2026-02-16 15:00:00,3.0,28,30,False,26.0,69.58,10.0,6.21,-1.7364817766693028,9.84807753012208
2026-02-16 16:00:00,3.0,28,30,False,26.0,69.58,12.0,6.21,-4.1042417199080266,11.2763114494309
2026-02-16 17:00:00,3.0,29,30,False,25.0,69.38,9.0,6.21,-4.499999999999999,7.794228634059948
2026-02-16 18:00:00,3.0,29,30,False,23.0,78.23,9.0,6.21,-5.7850884871788555,6.894399988070801
2026-02-16 19:00:00,3.0,27,30,False,23.0,83.24,8.0,6.21,-5.142300877492316,6.128355544951823
2026-02-16 20:00:00,3.0,28,30,False,22.0,88.45,8.0,6.21,-5.142300877492316,6.128355544951823
2026-02-16 21:00:00,3.0,26,30,False,22.0,88.45,11.0,6.21,-7.070663706551934,8.426488874308756
2026-02-16 22:00:00,3.689655172413793,29,30,False,22.0,88.45,8.0,6.21,-6.128355544951824,5.142300877492315
2026-02-16 23:00:00,3.0,27,30,False,22.0,88.45,4.0,6.21,-3.064177772475912,2.5711504387461575
2026-02-17 00:00:00,3.0,29,30,False,21.0,94.02,4.0,6.21,-1.9999999999999998,3.464101615137755
2026-02-17 01:00:00,3.0,27,30,False,22.0,88.45,9.0,6.21,-6.894399988070802,5.785088487178855
2026-02-17 02:00:00,3.0,30,30,False,22.0,88.45,10.0,6.21,-8.660254037844387,4.999999999999998
2026-02-17 03:00:00,3.0,30,30,False,22.0,88.45,8.0,6.21,-5.142300877492316,6.128355544951823
2026-02-17 04:00:00,3.0,28,30,False,22.0,94.07,10.0,6.21,-7.66044443118978,6.427876096865393
2026-02-17 05:00:00,3.0,27,30,False,22.0,88.45,7.0,6.21,-5.362311101832846,4.499513267805775
2026-02-17 06:00:00,3.0,29,30,False,22.0,88.45,4.0,6.21,-1.9999999999999998,3.464101615137755
2026-02-17 07:00:00,3.0,29,30,False,22.0,88.45,6.0,6.21,-4.596266658713868,3.8567256581192364
2026-02-17 08:00:00,3.259259259259259,27,30,False,24.0,78.38,8.0,6.21,-6.128355544951824,5.142300877492315
2026-02-17 09:00:00,3.0,28,30,False,25.0,78.52,10.0,6.21,-8.660254037844387,4.999999999999998
2026-02-17 10:00:00,3.4285714285714284,28,30,False,25.0,78.52,12.0,6.21,-10.392304845413264,5.999999999999997
2026-02-17 11:00:00,3.0,28,30,False,25.0,78.52,8.0,6.21,-6.92820323027551,3.9999999999999982
2026-02-17 12:00:00,3.0,29,30,False,26.0,74.0,14.0,6.21,-8.999026535611552,10.72462220366569
2026-02-17 13:00:00,3.142857142857143,28,30,False,26.0,69.58,11.0,6.21,-8.426488874308758,7.070663706551933
2026-02-17 14:00:00,3.0,28,30,False,27.0,65.6,12.0,6.21,-7.713451316238474,9.192533317427735
2026-02-17 15:00:00,3.0,29,30,False,26.0,69.58,13.0,6.21,-8.356238925925012,9.958577760546714
2026-02-17 16:00:00,3.142857142857143,28,30,False,26.0,69.58,14.0,6.21,-10.724622203665692,8.99902653561155
2026-02-17 17:00:00,3.0,28,30,False,26.0,74.0,11.0,6.21,-9.526279441628827,5.499999999999997
2026-02-17 18:00:00,3.0,29,30,False,25.0,78.52,12.0,6.21,-7.713451316238474,9.192533317427735
2026-02-17 19:00:00,3.6666666666666665,27,30,False,24.0,88.61,11.0,6.21,-9.526279441628827,5.499999999999997
2026-02-17 20:00:00,3.0,25,30,False,23.0,94.11,11.0,6.21,-8.426488874308758,7.070663706551933
2026-02-17 21:00:00,3.0,28,30,False,23.0,100.0,12.0,6.21,-10.392304845413264,5.999999999999997
2026-02-17 22:00:00,3.103448275862069,29,30,False,23.0,94.11,9.0,6.21,-8.457233587073176,3.0781812899310186
2026-02-17 23:00:00,3.4814814814814814,27,30,False,23.0,94.11,8.0,6.21,-7.517540966287267,2.7361611466053497
2026-02-18 00:00:00,4.666666666666667,27,30,False,22.0,94.07,5.0,6.21,-5.0,-3.061616997868383e-16
2026-02-18 01:00:00,3.689655172413793,29,30,False,21.0,100.0,6.0,6.21,-5.908846518073248,-1.0418890660015825
2026-02-18 02:00:00,5.0,28,30,False,21.0,94.02,3.0,6.21,-2.819077862357725,-1.0260604299770064
2026-02-18 03:00:00,5.866666666666667,30,30,False,20.0,100.0,0.0,6.21,0.0,0.0
2026-02-18 04:00:00,5.035714285714286,28,30,False,20.0,100.0,0.0,6.21,0.0,0.0
2026-02-18 05:00:00,3.0,28,30,False,20.0,100.0,0.0,6.21,0.0,0.0
2026-02-18 06:00:00,3.444444444444444,27,30,False,20.0,100.0,0.0,6.21,0.0,0.0
2026-02-18 07:00:00,4.793103448275862,29,30,False,21.5,97.04,0.0,6.21,0.0,0.0
2026-02-18 08:00:00,3.68,25,30,False,22.0,94.07,0.0,6.21,0.0,0.0
2026-02-18 09:00:00,4.269230769230769,26,30,False,23.0,88.53,2.0,6.21,-1.969615506024416,0.3472963553338606
2026-02-18 10:00:00,3.103448275862069,29,30,False,24.0,83.36,5.0,6.21,-4.330127018922193,-2.5000000000000004
2026-02-18 11:00:00,3.0,29,30,False,26.0,74.0,4.0,6.21,-4.0,-2.4492935982947064e-16
2026-02-18 12:00:00,3.0,27,30,False,27.0,74.17,6.0,6.21,-3.856725658119237,4.596266658713867
2026-02-18 13:00:00,3.1153846153846154,26,30,False,27.0,74.17,8.0,6.21,-5.142300877492316,6.128355544951823
2026-02-18 14:00:00,3.0,29,30,False,27.0,74.17,10.0,6.21,-4.999999999999999,8.660254037844387
2026-02-18 15:00:00,3.0,28,30,False,27.0,74.17,14.0,6.21,-10.724622203665692,8.99902653561155
2026-02-18 16:00:00,3.0,28,30,False,27.0,74.17,15.0,6.21,-9.641814145298092,11.490666646784668
2026-02-18 17:00:00,3.0,29,30,False,26.0,78.67,14.0,6.21,-10.724622203665692,8.99902653561155
2026-02-18 18:00:00,3.0,29,30,False,26.0,78.67,15.0,6.21,-11.49066664678467,9.64181414529809
2026-02-18 19:00:00,3.0,28,30,False,24.0,88.61,13.0,6.21,-11.258330249197703,6.499999999999997
2026-02-18 20:00:00,3.0,28,30,False,24.0,88.61,10.0,6.21,-9.396926207859085,3.420201433256687
2026-02-18 21:00:00,3.103448275862069,29,30,False,24.0,83.36,14.0,6.21,-13.155696691002717,4.788282006559362
2026-02-18 22:00:00,4.068965517241379,29,30,False,24.0,83.36,9.0,6.21,-8.457233587073176,3.0781812899310186
2026-02-18 23:00:00,4.178571428571429,28,30,False,24.0,88.61,7.0,6.21,-6.5778483455013586,2.394141003279681
2026-02-19 00:00:00,4.115384615384615,26,30,False,23.0,94.11,5.0,6.21,-4.92403876506104,0.8682408883346515
2026-02-19 01:00:00,3.0,28,30,False,23.0,94.11,6.0,6.21,-5.908846518073248,-1.0418890660015825
2026-02-19 02:00:00,3.0,28,30,False,22.0,88.45,6.0,6.21,-5.908846518073248,-1.0418890660015825
2026-02-19 03:00:00,3.0,30,30,False,22.0,88.45,5.0,6.21,-4.92403876506104,0.8682408883346515
2026-02-19 04:00:00,3.310344827586207,29,30,False,22.0,94.07,4.0,6.21,-3.4641016151377544,-2.0000000000000004
2026-02-19 05:00:00,3.0,29,30,False,21.0,100.0,2.0,6.21,-1.7320508075688772,-1.0000000000000002
2026-02-19 06:00:00,3.0,29,30,False,21.0,100.0,4.0,6.21,-3.939231012048832,-0.6945927106677217
2026-02-19 07:00:00,3.0,28,30,False,22.0,94.07,4.0,6.21,-3.939231012048832,0.6945927106677212
2026-02-19 08:00:00,3.0,28,30,False,23.0,88.53,5.0,6.21,-4.698463103929543,1.7101007166283435
2026-02-19 09:00:00,3.0,29,30,False,24.0,78.38,8.0,6.21,-7.5175409662872665,-2.7361611466053506
2026-02-19 10:00:00,3.103448275862069,29,30,False,25.0,78.52,6.0,6.21,-4.596266658713868,-3.8567256581192364
2026-02-19 11:00:00,3.3793103448275863,29,30,False,25.0,78.52,5.0,6.21,1.710100716628343,-4.698463103929543
2026-02-19 12:00:00,4.0,27,30,False,25.0,83.47,7.0,6.21,2.3941410032796804,-6.5778483455013586
2026-02-19 13:00:00,6.857142857142857,28,30,False,25.0,83.47,8.0,6.21,4.0000000000000036,-6.928203230275507
2026-02-19 14:00:00,4.793103448275862,29,30,False,25.0,83.47,3.0,6.21,-1.0260604299770062,-2.8190778623577253
2026-02-19 15:00:00,6.357142857142857,28,30,False,25.0,83.47,4.0,6.21,0.6945927106677219,3.939231012048832
2026-02-19 16:00:00,7.62962962962963,27,30,False,26.0,83.59,9.0,6.21,1.5628335990023743,8.863269777109872
2026-02-19 17:00:00,7.689655172413793,29,30,False,24.0,88.61,8.0,6.21,-9.797174393178826e-16,8.0
2026-02-19 18:00:00,8.517241379310345,29,30,False,23.0,94.11,4.0,6.21,-2.571150438746158,3.0641777724759116
2026-02-19 19:00:00,9.10344827586207,29,30,False,22.0,100.0,8.0,6.21,-3.9999999999999996,6.92820323027551
2026-02-19 20:00:00,9.068965517241379,29,30,False,22.0,100.0,4.0,6.21,-2.571150438746158,3.0641777724759116
2026-02-19 21:00:00,3.357142857142857,28,30,False,22.0,100.0,6.0,6.21,-2.9999999999999996,5.196152422706632
2026-02-19 22:00:00,6.620689655172414,29,30,False,22.0,94.07,4.0,6.21,-2.571150438746158,3.0641777724759116
2026-02-19 23:00:00,11.148148148148149,27,30,False,22.0,100.0,6.0,6.21,-3.856725658119237,4.596266658713867
2026-02-20 00:00:00,8.928571428571429,28,30,False,22.0,100.0,12.0,6.21,-5.999999999999999,10.392304845413264
2026-02-20 01:00:00,3.0,28,30,False,22.0,94.07,10.0,6.21,-4.999999999999999,8.660254037844387
2026-02-20 02:00:00,3.0,28,30,False,22.0,94.07,6.0,6.21,-2.9999999999999996,5.196152422706632
2026-02-20 03:00:00,3.0,30,30,False,22.0,94.07,8.0,6.21,-3.9999999999999996,6.92820323027551
2026-02-20 04:00:00,3.0,29,30,False,21.0,94.02,7.0,6.21,-4.499513267805776,5.362311101832845
2026-02-20 05:00:00,3.0,30,30,False,21.0,94.02,8.0,6.21,-3.9999999999999996,6.92820323027551
2026-02-20 06:00:00,3.0,28,30,False,21.0,94.02,4.0,6.21,-1.3680805733026755,3.7587704831436333
2026-02-20 07:00:00,3.0,29,30,False,21.0,88.36,6.0,6.21,-7.347880794884119e-16,6.0
2026-02-20 08:00:00,3.0,26,30,False,21.0,83.0,7.0,6.21,-2.394141003279682,6.5778483455013586
2026-02-20 09:00:00,3.0,14,30,False,21.0,77.93,8.0,6.21,-3.9999999999999996,6.92820323027551
2026-02-20 10:00:00,4.944444444444445,18,30,False,23.0,68.99,7.0,6.21,-4.499513267805776,5.362311101832845
2026-02-20 11:00:00,13.185185185185185,27,30,False,24.0,60.96,7.0,6.21,-5.362311101832846,4.499513267805775
2026-02-20 12:00:00,3.4482758620689653,29,30,False,25.0,53.86,8.0,6.21,-6.128355544951824,5.142300877492315
2026-02-20 13:00:00,3.0,29,30,False,25.0,47.3,9.0,6.21,-4.499999999999999,7.794228634059948
2026-02-20 14:00:00,3.0,28,30,False,26.0,44.58,10.0,6.21,-4.999999999999999,8.660254037844387
2026-02-20 15:00:00,3.0,27,30,False,25.0,44.3,9.0,6.21,-3.07818128993102,8.457233587073175
2026-02-20 16:00:00,3.0,29,30,False,25.0,50.49,10.0,6.21,-6.427876096865395,7.660444431189779
2026-02-20 17:00:00,3.0,27,30,False,24.0,53.6,10.0,6.21,-3.420201433256689,9.396926207859083
2026-02-20 18:00:00,3.0,29,30,False,24.0,50.22,10.0,6.21,-4.999999999999999,8.660254037844387
2026-02-20 19:00:00,3.0,28,30,False,22.0,56.67,10.0,6.21,-6.427876096865395,7.660444431189779
2026-02-20 20:00:00,3.0,29,30,False,21.0,60.24,9.0,6.21,-5.7850884871788555,6.894399988070801
2026-02-20 21:00:00,3.0,28,30,False,21.0,56.42,11.0,6.21,-7.070663706551934,8.426488874308756
2026-02-20 22:00:00,3.5357142857142856,28,30,False,21.0,60.24,11.0,6.21,-8.426488874308758,7.070663706551933
2026-02-20 23:00:00,3.0,29,30,False,21.0,60.24,12.0,6.21,-10.392304845413264,5.999999999999997
2026-02-21 00:00:00,3.0,28,30,False,20.0,72.95,9.0,6.21,-8.457233587073176,3.0781812899310186
2026-02-21 01:00:00,3.0,29,30,False,20.0,72.95,8.0,6.21,-7.878462024097664,1.3891854213354424
2026-02-21 02:00:00,3.4285714285714284,28,30,False,17.0,93.84,6.0,6.21,-5.196152422706632,-3.000000000000001
2026-02-21 03:00:00,4.433333333333334,30,30,False,17.0,88.01,4.0,6.21,-1.9999999999999998,-3.464101615137755
2026-02-21 04:00:00,8.678571428571429,28,30,False,14.0,100.0,1.0,6.21,0.6427876096865396,-0.7660444431189778
2026-02-21 05:00:00,4.107142857142857,28,30,False,14.0,100.0,0.0,6.21,0.0,0.0
2026-02-21 06:00:00,7.517241379310345,29,30,False,15.0,93.74,0.0,6.21,0.0,0.0
2026-02-21 07:00:00,5.9655172413793105,29,30,False,14.0,100.0,0.0,6.21,0.0,0.0
2026-02-21 08:00:00,3.4642857142857144,28,30,False,17.0,93.84,0.0,6.21,0.0,0.0
2026-02-21 09:00:00,3.0,28,30,False,22.0,68.79,5.0,6.21,-4.698463103929542,-1.7101007166283442
2026-02-21 10:00:00,3.0,26,30,False,24.0,47.03,1.0,6.21,-0.984807753012208,0.1736481776669303
2026-02-21 11:00:00,3.0,28,30,False,25.0,47.3,5.0,6.21,-4.330127018922194,2.499999999999999
2026-02-21 12:00:00,3.0,18,30,False,25.0,53.86,9.0,6.21,-6.894399988070802,5.785088487178855
2026-02-21 13:00:00,3.0,16,30,False,26.0,54.11,10.0,6.21,-7.66044443118978,6.427876096865393
2026-02-21 14:00:00,3.0,22,30,False,26.0,57.67,13.0,6.21,-8.356238925925012,9.958577760546714
2026-02-21 15:00:00,3.0,29,30,False,26.0,57.67,16.0,6.21,-12.256711089903648,10.28460175498463
2026-02-21 16:00:00,3.0,29,30,False,26.0,57.67,17.0,6.21,-13.022755533022627,10.92738936467117
2026-02-21 17:00:00,3.0,16,30,False,25.0,61.19,18.0,6.21,-13.788799976141604,11.57017697435771
2026-02-21 18:00:00,3.0,29,30,False,24.0,60.96,18.0,6.21,-15.588457268119896,8.999999999999996
2026-02-21 19:00:00,3.0,29,30,False,23.0,68.99,15.0,6.21,-12.99038105676658,7.4999999999999964
2026-02-21 20:00:00,3.0,28,30,False,22.0,78.08,12.0,6.21,-10.392304845413264,5.999999999999997
2026-02-21 21:00:00,3.0,27,30,False,22.0,73.3,13.0,6.21,-12.802500789158705,2.2574263096700937
2026-02-21 22:00:00,3.0,28,30,False,22.0,78.08,11.0,6.21,-11.0,-6.735557395310443e-16
2026-02-21 23:00:00,3.0,28,30,False,21.0,77.93,9.0,6.21,-8.863269777109872,1.5628335990023727
2026-02-22 00:00:00,3.0,27,30,False,21.0,73.13,6.0,6.21,-5.908846518073248,-1.0418890660015825
2026-02-22 01:00:00,3.0,29,30,False,20.0,77.77,5.0,6.21,-4.92403876506104,-0.8682408883346521
2026-02-22 02:00:00,3.0,30,30,False,19.0,82.76,5.0,6.21,-5.0,-3.061616997868383e-16
2026-02-22 03:00:00,3.0,30,30,False,19.0,88.19,5.0,6.21,-4.92403876506104,-0.8682408883346521
2026-02-22 04:00:00,3.0,28,30,False,18.0,93.89,3.0,6.21,-2.819077862357725,-1.0260604299770064
2026-02-22 05:00:00,3.0,29,30,False,17.0,93.84,0.0,6.21,0.0,0.0
2026-02-22 06:00:00,3.0,29,30,False,17.0,100.0,4.0,6.21,-4.0,-2.4492935982947064e-16
2026-02-22 07:00:00,3.0,27,30,False,18.0,93.89,5.0,6.21,-4.92403876506104,0.8682408883346515
2026-02-22 08:00:00,3.0,29,30,False,20.0,88.28,5.0,6.21,-4.92403876506104,0.8682408883346515
2026-02-22 09:00:00,3.0,25,30,False,23.0,73.48,7.0,6.21,-6.893654271085456,-1.2155372436685128
2026-02-22 10:00:00,3.0,29,30,False,25.0,65.17,9.0,6.21,-8.457233587073175,-3.0781812899310195
2026-02-22 11:00:00,3.0,28,30,False,26.0,65.39,9.0,6.21,-8.863269777109872,1.5628335990023727
2026-02-22 12:00:00,3.0,28,30,False,26.0,65.39,11.0,6.21,-8.426488874308758,7.070663706551933
2026-02-22 13:00:00,3.0,29,30,False,27.0,61.65,13.0,6.21,-9.958577760546714,8.356238925925012
2026-02-22 14:00:00,3.0,28,30,False,28.0,61.88,14.0,6.21,-10.724622203665692,8.99902653561155
2026-02-22 15:00:00,3.0,28,30,False,26.0,74.0,17.0,6.21,-14.722431864335459,8.499999999999996
2026-02-22 16:00:00,3.0,28,30,False,26.0,69.58,20.0,6.21,-15.32088886237956,12.855752193730787
2026-02-22 17:00:00,3.0,30,30,False,26.0,69.58,19.0,6.21,-16.454482671904337,9.499999999999996
2026-02-22 18:00:00,3.0,28,30,False,25.0,78.52,19.0,6.21,-16.454482671904337,9.499999999999996
2026-02-22 19:00:00,3.0,28,30,False,25.0,78.52,17.0,6.21,-14.722431864335459,8.499999999999996
2026-02-22 20:00:00,3.0,29,30,False,24.0,83.36,14.0,6.21,-13.155696691002717,4.788282006559362
2026-02-22 21:00:00,3.444444444444444,27,30,False,24.0,73.66,11.0,6.21,-11.0,-6.735557395310443e-16
2026-02-22 22:00:00,4.214285714285714,28,30,False,23.0,78.23,8.0,6.21,-7.878462024097664,-1.3891854213354433
2026-02-22 23:00:00,6.428571428571429,28,30,False,23.0,78.23,12.0,6.21,-11.2763114494309,-4.104241719908026
2026-02-23 00:00:00,6.962962962962963,27,30,False,22.0,83.12,6.0,6.21,-5.908846518073248,-1.0418890660015825
2026-02-23 01:00:00,5.678571428571429,28,30,False,21.0,88.36,7.0,6.21,-6.5778483455013586,-2.3941410032796817
2026-02-23 02:00:00,6.413793103448276,29,30,False,21.0,88.36,7.0,6.21,-6.5778483455013586,-2.3941410032796817
2026-02-23 03:00:00,5.266666666666667,30,30,False,21.0,88.36,7.0,6.21,-6.5778483455013586,-2.3941410032796817
2026-02-23 04:00:00,6.0,28,30,False,21.0,88.36,6.0,6.21,-5.63815572471545,-2.052120859954013
2026-02-23 05:00:00,6.214285714285714,28,30,False,21.0,88.36,5.0,6.21,-4.92403876506104,-0.8682408883346521
2026-02-23 06:00:00,6.724137931034483,29,30,False,20.0,93.98,4.0,6.21,-4.0,-2.4492935982947064e-16
2026-02-23 07:00:00,7.607142857142857,28,30,False,20.0,93.98,6.0,6.21,-6.0,-3.6739403974420594e-16
2026-02-23 08:00:00,9.461538461538462,26,30,False,20.0,93.98,8.0,6.21,-7.878462024097664,-1.3891854213354433
2026-02-23 09:00:00,9.92,25,30,False,24.0,78.38,10.0,6.21,-9.84807753012208,-1.7364817766693041
2026-02-23 10:00:00,6.9655172413793105,29,30,False,26.0,74.0,10.0,6.21,-9.84807753012208,-1.7364817766693041
2026-02-23 11:00:00,5.482758620689655,29,30,False,26.0,74.0,7.0,6.21,-6.062177826491071,3.4999999999999982
2026-02-23 12:00:00,3.0,28,30,False,27.0,69.77,8.0,6.21,-6.128355544951824,5.142300877492315
2026-02-23 13:00:00,3.1379310344827585,29,30,False,28.0,69.97,12.0,6.21,-9.192533317427737,7.713451316238473
2026-02-23 14:00:00,3.4285714285714284,28,30,False,28.0,69.97,11.0,6.21,-8.426488874308758,7.070663706551933
2026-02-23 15:00:00,3.0,29,30,False,29.0,62.11,11.0,6.21,-8.426488874308758,7.070663706551933
2026-02-23 16:00:00,3.0,29,30,False,27.0,74.17,12.0,6.21,-10.392304845413264,5.999999999999997
2026-02-23 17:00:00,3.642857142857143,28,30,False,27.0,74.17,5.0,6.21,-5.0,-3.061616997868383e-16
2026-02-23 18:00:00,6.448275862068965,29,30,False,26.0,78.67,3.0,6.21,-2.8190778623577253,1.0260604299770062
2026-02-23 19:00:00,3.103448275862069,29,30,False,27.5,72.07,6.5,6.21,-5.324488287878447,-3.7282468362817993
2026-02-23 20:00:00,3.1,30,30,False,27.0,69.77,6.0,6.21,-5.63815572471545,-2.052120859954013
2026-02-23 21:00:00,3.4615384615384617,26,30,False,27.0,61.65,10.0,6.21,-9.396926207859083,-3.4202014332566884
2026-02-23 22:00:00,5.928571428571429,28,30,False,26.0,78.67,16.0,6.21,-13.856406460551018,-8.000000000000002
2026-02-23 23:00:00,8.551724137931034,29,30,False,24.0,88.61,14.0,6.21,-8.999026535611549,-10.724622203665692
2026-02-24 00:00:00,7.857142857142857,28,30,False,24.0,86.86,10.67,4.76,-9.240491058379959,-5.335000000000001
2026-02-24 01:00:00,3.7142857142857144,28,30,False,,,,,,
2026-02-24 02:00:00,3.0,29,30,False,20.0,100.0,10.0,4.33,6.858183529273761,7.277727576572105
2026-02-24 03:00:00,3.0,30,30,False,20.0,100.0,3.0,6.21,0.5209445330007914,2.954423259036624
2026-02-24 04:00:00,3.0,28,30,False,21.0,100.0,3.0,6.21,0.5209445330007914,2.954423259036624
2026-02-24 05:00:00,3.0,28,30,False,21.0,100.0,3.0,6.21,-3.0,-1.8369701987210297e-16
2026-02-24 06:00:00,3.0,29,30,False,21.0,100.0,6.0,4.35,-3.8567256581192355,-4.596266658713868
2026-02-24 07:00:00,3.3214285714285716,28,30,False,21.0,100.0,7.5,4.35,-1.9411428382689055,-7.244443697168013
2026-02-24 08:00:00,3.8076923076923075,26,30,False,21.0,100.0,3.0,6.21,0.5209445330007911,-2.954423259036624
2026-02-24 09:00:00,10.89655172413793,29,30,False,21.0,100.0,7.0,6.21,-3.4999999999999996,-6.062177826491071
2026-02-24 10:00:00,7.357142857142857,28,30,False,23.0,94.11,6.0,6.21,-1.041889066001582,-5.908846518073248
2026-02-24 11:00:00,3.9310344827586206,29,30,False,25.0,78.52,7.0,6.21,3.500000000000003,-6.062177826491069
2026-02-24 12:00:00,3.0,28,30,False,26.0,78.67,8.0,6.21,6.128355544951825,-5.142300877492314
2026-02-24 13:00:00,3.0,29,30,False,28.0,65.82,9.0,6.21,9.0,1.6532731788489267e-15
2026-02-24 14:00:00,3.0,29,30,False,29.0,51.55,12.0,6.21,10.392304845413262,6.000000000000005
2026-02-24 15:00:00,3.0,28,30,False,28.0,58.16,10.0,6.21,9.396926207859085,3.4202014332566852
2026-02-24 16:00:00,3.0,29,30,False,28.0,61.88,10.0,6.21,6.4278760968653925,7.660444431189781
2026-02-24 17:00:00,3.0,29,30,False,27.0,69.77,10.0,6.21,5.000000000000001,8.660254037844386
2026-02-24 18:00:00,3.0,28,30,False,27.0,69.77,7.0,6.21,4.499513267805774,5.362311101832847
2026-02-24 19:00:00,3.0,29,30,False,26.0,69.58,6.0,6.21,3.8567256581192355,4.596266658713869
2026-02-24 20:00:00,10.346153846153847,26,30,False,24.0,86.27,14.0,6.21,5.91665566436979,12.6883090185131
2026-02-24 21:00:00,14.107142857142858,28,30,False,23.0,94.11,16.0,6.21,2.7783708426708875,15.756924048195328
2026-02-24 22:00:00,14.222222222222221,27,30,False,22.0,88.45,16.0,6.21,2.7783708426708875,15.756924048195328
2026-02-24 23:00:00,11.857142857142858,28,30,False,21.0,94.02,17.0,6.21,2.952019020337818,16.741731801207536
2026-02-25 00:00:00,9.666666666666666,27,30,False,21.0,88.36,15.0,6.21,2.604722665003957,14.772116295183121
2026-02-25 01:00:00,8.931034482758621,29,30,False,21.0,83.0,9.0,6.21,3.0781812899310177,8.457233587073176
2026-02-25 02:00:00,8.785714285714286,28,30,False,21.0,77.93,11.0,6.21,1.9101299543362351,10.832885283134289
2026-02-25 03:00:00,7.933333333333334,30,30,False,21.0,68.59,11.0,6.21,3.7622215765823555,10.336618828644992
2026-02-25 04:00:00,9.10344827586207,29,30,False,20.0,72.95,13.0,6.21,4.446261863233692,12.21600407021681
2026-02-25 05:00:00,9.037037037037036,27,30,False,20.0,68.38,12.0,6.21,4.104241719908024,11.276311449430901
2026-02-25 06:00:00,9.857142857142858,28,30,False,19.0,77.62,10.0,6.21,1.7364817766693048,9.84807753012208
2026-02-25 07:00:00,10.464285714285714,28,30,False,19.0,72.76,11.0,6.21,3.7622215765823555,10.336618828644992
2026-02-25 08:00:00,4.96,25,30,False,20.0,68.38,14.0,6.21,4.788282006559362,13.155696691002717
2026-02-25 09:00:00,4.0,25,30,False,21.0,68.59,16.0,6.21,2.7783708426708875,15.756924048195328
2026-02-25 10:00:00,4.275862068965517,29,30,False,21.0,68.59,16.0,6.21,2.7783708426708875,15.756924048195328
2026-02-25 11:00:00,5.678571428571429,28,30,False,23.0,64.74,12.0,6.21,4.104241719908024,11.276311449430901
2026-02-25 12:00:00,3.0,28,30,False,23.0,64.74,16.0,6.21,8.000000000000002,13.856406460551018
2026-02-25 13:00:00,3.357142857142857,28,30,False,22.0,68.79,16.0,6.21,5.4723222932106985,15.035081932574535
2026-02-25 14:00:00,3.1379310344827585,29,30,False,22.0,64.52,12.0,6.21,-1.4695761589768238e-15,12.0
2026-02-25 15:00:00,3.0,28,30,False,23.0,60.72,12.0,6.21,4.104241719908024,11.276311449430901
2026-02-25 16:00:00,3.25,28,30,False,22.0,60.48,12.0,6.21,-1.4695761589768238e-15,12.0
2026-02-25 17:00:00,3.0,28,30,False,23.0,56.92,12.0,6.21,4.104241719908024,11.276311449430901
2026-02-25 18:00:00,3.0,28,30,False,22.0,56.67,10.0,6.21,-1.2246467991473533e-15,10.0
2026-02-25 19:00:00,3.0,28,30,False,20.0,60.0,10.0,6.21,-1.2246467991473533e-15,10.0
2026-02-25 20:00:00,3.107142857142857,28,30,False,19.0,68.18,4.0,6.21,-0.6945927106677211,3.939231012048832
2026-02-25 21:00:00,3.0,26,30,False,19.0,68.18,4.0,6.21,-0.6945927106677211,3.939231012048832
2026-02-25 22:00:00,3.0,28,30,False,19.0,72.76,6.0,6.21,-2.0521208599540133,5.63815572471545
2026-02-25 23:00:00,3.0,29,30,False,19.0,68.18,6.0,6.21,-2.0521208599540133,5.63815572471545
2026-02-26 00:00:00,3.0,28,30,False,19.0,72.76,7.0,6.21,-3.4999999999999996,6.062177826491071
2026-02-26 01:00:00,3.2142857142857144,28,30,False,19.0,68.18,5.0,6.21,-0.8682408883346514,4.92403876506104
2026-02-26 02:00:00,3.8275862068965516,29,30,False,19.0,68.18,4.0,6.21,-0.6945927106677211,3.939231012048832
2026-02-26 03:00:00,3.0,30,30,False,19.0,68.18,3.0,6.21,1.026060429977006,2.8190778623577253
2026-02-26 04:00:00,3.107142857142857,28,30,False,18.0,72.58,3.0,6.21,1.5000000000000004,2.598076211353316
2026-02-26 05:00:00,5.241379310344827,29,30,False,18.0,77.46,4.0,6.21,-4.898587196589413e-16,4.0
2026-02-26 06:00:00,7.925925925925926,27,30,False,18.0,72.58,3.0,6.21,1.5000000000000004,2.598076211353316
2026-02-26 07:00:00,7.482758620689655,29,30,False,15.0,93.74,3.0,6.21,1.9283628290596186,-2.2981333293569333
2026-02-26 08:00:00,6.615384615384615,26,30,False,18.0,82.63,0.0,6.21,0.0,0.0
2026-02-26 09:00:00,6.862068965517241,29,30,False,21.0,60.24,6.0,6.21,3.8567256581192355,4.596266658713869
2026-02-26 10:00:00,4.928571428571429,28,30,False,21.0,64.3,7.0,6.21,-8.572527594031472e-16,7.0
2026-02-26 11:00:00,5.37037037037037,27,30,False,22.0,60.48,7.0,6.21,-8.572527594031472e-16,7.0
2026-02-26 12:00:00,3.0,28,30,False,23.0,56.92,7.0,6.21,2.394141003279681,6.5778483455013586
2026-02-26 13:00:00,3.607142857142857,28,30,False,23.0,56.92,7.0,6.21,1.2155372436685132,6.893654271085456
2026-02-26 14:00:00,3.0,29,30,False,23.0,56.92,7.0,6.21,-8.572527594031472e-16,7.0
2026-02-26 15:00:00,3.0,28,30,False,23.0,53.33,8.0,6.21,-9.797174393178826e-16,8.0
2026-02-26 16:00:00,3.0,28,30,False,23.0,56.92,8.0,6.21,-2.736161146605351,7.5175409662872665
2026-02-26 17:00:00,3.0,29,30,False,22.0,60.48,4.0,6.21,-1.9999999999999998,3.464101615137755
2026-02-26 18:00:00,3.0,28,30,False,22.0,53.07,5.0,6.21,-1.7101007166283444,4.698463103929542
2026-02-26 19:00:00,3.642857142857143,28,30,False,20.0,64.07,6.0,6.21,-2.9999999999999996,5.196152422706632
2026-02-26 20:00:00,4.37037037037037,27,30,False,19.0,68.18,0.0,6.21,0.0,0.0
2026-02-26 21:00:00,5.464285714285714,28,30,False,18.0,72.58,0.0,6.21,0.0,0.0
2026-02-26 22:00:00,6.2,30,30,False,18.0,72.58,0.0,6.21,0.0,0.0
2026-02-26 23:00:00,5.3076923076923075,26,30,False,15.0,93.74,0.0,6.21,0.0,0.0
2026-02-27 00:00:00,8.666666666666666,27,30,False,16.0,82.38,0.0,6.21,0.0,0.0
2026-02-27 01:00:00,19.482758620689655,29,30,False,13.0,100.0,0.0,6.21,0.0,0.0
2026-02-27 02:00:00,21.413793103448278,29,30,False,14.0,93.7,0.0,6.21,0.0,0.0
2026-02-27 03:00:00,26.033333333333335,30,30,False,13.0,93.65,0.0,6.21,0.0,0.0
2026-02-27 04:00:00,13.89655172413793,29,30,False,12.0,100.0,0.0,6.21,0.0,0.0
2026-02-27 05:00:00,11.74074074074074,27,30,False,14.0,93.7,0.0,6.21,0.0,0.0
2026-02-27 06:00:00,12.785714285714286,28,30,False,13.0,100.0,0.0,6.21,0.0,0.0
2026-02-27 07:00:00,14.214285714285714,28,30,False,15.0,87.84,3.0,6.21,-1.9283628290596178,-2.298133329356934
2026-02-27 08:00:00,12.88888888888889,27,30,False,14.0,100.0,4.0,6.21,3.464101615137754,2.0000000000000018
2026-02-27 09:00:00,8.0,25,30,False,17.0,82.51,8.0,6.21,-5.142300877492314,-6.128355544951824
2026-02-27 10:00:00,4.185185185185185,27,30,False,20.0,64.07,6.0,6.21,-2.9999999999999996,-5.196152422706632
2026-02-27 11:00:00,18.366666666666667,30,30,False,21.0,60.24,6.0,6.21,-3.8567256581192355,-4.596266658713868
2026-02-27 12:00:00,8.962962962962964,27,30,False,23.0,53.33,6.0,6.21,-6.0,-3.6739403974420594e-16
2026-02-27 13:00:00,3.0,28,30,False,24.0,50.22,10.0,6.21,-6.427876096865395,7.660444431189779
2026-02-27 14:00:00,3.0,29,30,False,24.0,50.22,10.0,6.21,-3.420201433256689,9.396926207859083
2026-02-27 15:00:00,3.0,29,30,False,24.0,50.22,10.0,6.21,-6.427876096865395,7.660444431189779
2026-02-27 16:00:00,3.0,27,30,False,24.0,53.6,12.0,6.21,-7.713451316238474,9.192533317427735
2026-02-27 17:00:00,3.0,29,30,False,24.0,57.17,12.0,6.21,-10.392304845413264,5.999999999999997
2026-02-27 18:00:00,3.0,28,30,False,23.0,64.74,14.0,6.21,-12.124355652982143,6.9999999999999964
2026-02-27 19:00:00,3.0,28,30,False,21.0,73.13,14.0,6.21,-12.124355652982143,6.9999999999999964
2026-02-27 20:00:00,3.103448275862069,29,30,False,21.0,77.93,12.0,6.21,-10.392304845413264,5.999999999999997
2026-02-27 21:00:00,7.37037037037037,27,30,False,21.0,73.13,10.0,6.21,-9.396926207859085,3.420201433256687
2026-02-27 22:00:00,8.214285714285714,28,30,False,20.0,77.77,8.0,6.21,-7.878462024097664,1.3891854213354424
2026-02-27 23:00:00,8.233333333333333,30,30,False,19.0,72.76,10.0,6.21,-9.84807753012208,-1.7364817766693041
2026-02-28 00:00:00,6.185185185185185,27,30,False,18.0,77.46,8.0,6.21,-6.128355544951824,-5.142300877492315
2026-02-28 01:00:00,8.964285714285714,28,30,False,17.0,82.51,4.0,6.21,-3.4641016151377544,-2.0000000000000004
2026-02-28 02:00:00,8.206896551724137,29,30,False,16.0,87.93,3.0,6.21,-1.4999999999999998,-2.598076211353316
2026-02-28 03:00:00,8.233333333333333,30,30,False,,,,,,
2026-02-28 04:00:00,9.0,29,30,False,15.0,93.74,3.0,6.21,-1.9283628290596178,-2.298133329356934
2026-02-28 05:00:00,10.148148148148149,27,30,False,14.0,100.0,2.0,6.21,-1.532088886237956,-1.2855752193730787
2026-02-28 06:00:00,10.551724137931034,29,30,False,15.0,93.74,2.0,6.21,4.898587196589413e-16,-2.0
2026-02-28 07:00:00,12.714285714285714,28,30,False,15.0,93.74,3.0,6.21,-0.520944533000791,-2.954423259036624
2026-02-28 08:00:00,8.481481481481481,27,30,False,17.0,88.01,6.0,6.21,-2.0521208599540124,-5.638155724715451
2026-02-28 09:00:00,3.5925925925925926,27,30,False,20.0,72.95,8.0,6.21,-3.9999999999999996,-6.92820323027551
2026-02-28 10:00:00,3.4827586206896552,29,30,False,23.0,60.72,9.0,6.21,-4.499999999999999,-7.794228634059948
2026-02-28 11:00:00,3.0,28,30,False,25.0,47.3,5.0,6.21,-0.8682408883346516,-4.92403876506104
2026-02-28 12:00:00,3.0,28,30,False,26.0,41.75,2.0,6.21,-1.2855752193730785,-1.532088886237956
2026-02-28 13:00:00,3.0,29,30,False,28.0,37.13,1.0,6.21,0.6427876096865396,-0.7660444431189778
2026-02-28 14:00:00,3.0,28,30,False,27.0,54.37,10.0,6.21,-8.660254037844387,4.999999999999998
2026-02-28 15:00:00,3.0,29,30,False,27.0,51.02,10.0,6.21,-7.66044443118978,6.427876096865393
2026-02-28 16:00:00,3.0,29,30,False,26.0,54.11,12.0,6.21,-9.192533317427737,7.713451316238473
2026-02-28 17:00:00,3.0,28,30,False,25.0,61.19,12.0,6.21,-11.276311449430901,4.104241719908025
2026-02-28 18:00:00,3.0,28,30,False,25.0,61.19,12.0,6.21,-10.392304845413264,5.999999999999997
2026-02-28 19:00:00,3.0,27,30,False,24.0,69.19,9.0,6.21,-8.457233587073176,3.0781812899310186
2026-02-28 20:00:00,3.1538461538461537,26,30,False,23.0,68.99,10.0,6.21,-9.396926207859085,3.420201433256687
2026-02-28 21:00:00,8.714285714285714,28,30,False,23.0,73.48,8.0,6.21,-7.517540966287267,2.7361611466053497
2026-02-28 22:00:00,12.928571428571429,28,30,False,23.0,73.48,8.0,6.21,-7.517540966287267,2.7361611466053497
2026-02-28 23:00:00,12.222222222222221,27,30,False,22.0,68.79,10.0,6.21,-9.396926207859083,-3.4202014332566884
2026-03-01 00:00:00,11.185185185185185,27,30,False,20.0,72.95,8.0,6.21,-2.7361611466053497,-7.517540966287267
2026-03-01 01:00:00,6.071428571428571,28,30,False,20.0,77.77,10.0,6.21,-3.420201433256687,-9.396926207859085
2026-03-01 02:00:00,7.714285714285714,28,30,False,19.0,82.76,8.0,6.21,-2.7361611466053497,-7.517540966287267
2026-03-01 03:00:00,7.1,30,30,False,17.0,93.84,8.0,6.21,-1.3891854213354426,-7.878462024097664
2026-03-01 04:00:00,8.482758620689655,29,30,False,17.0,88.01,8.0,6.21,-1.3891854213354426,-7.878462024097664
2026-03-01 05:00:00,8.310344827586206,29,30,False,17.0,88.01,8.0,6.21,-1.3891854213354426,-7.878462024097664
2026-03-01 06:00:00,9.4,30,30,False,17.0,88.01,8.0,6.21,-2.7361611466053497,-7.517540966287267
2026-03-01 07:00:00,8.275862068965518,29,30,False,17.0,93.84,8.0,6.21,-2.7361611466053497,-7.517540966287267
2026-03-01 08:00:00,7.666666666666667,27,30,False,19.0,82.76,8.0,6.21,-2.7361611466053497,-7.517540966287267
2026-03-01 09:00:00,4.0,29,30,False,22.0,73.3,10.0,6.21,-4.999999999999999,-8.660254037844387
2026-03-01 10:00:00,4.142857142857143,28,30,False,24.0,60.96,10.0,6.21,-1.7364817766693033,-9.84807753012208
2026-03-01 11:00:00,3.0,29,30,False,26.0,50.76,6.0,6.21,-2.9999999999999996,-5.196152422706632
2026-03-01 12:00:00,3.0,27,30,False,27.0,44.86,7.0,6.21,-7.0,-4.286263797015736e-16
2026-03-01 13:00:00,3.0,29,30,False,28.0,51.29,8.0,6.21,-5.142300877492316,6.128355544951823
2026-03-01 14:00:00,3.0,27,30,False,26.0,61.42,12.0,6.21,-9.192533317427737,7.713451316238473
2026-03-01 15:00:00,3.0,30,30,False,26.0,57.67,13.0,6.21,-8.356238925925012,9.958577760546714
2026-03-01 16:00:00,3.0,27,30,False,26.0,65.39,14.0,6.21,-10.724622203665692,8.99902653561155
2026-03-01 17:00:00,3.0,28,30,False,26.0,65.39,14.0,6.21,-12.124355652982143,6.9999999999999964
2026-03-01 18:00:00,3.0,29,30,False,25.0,69.38,16.0,6.21,-13.85640646055102,7.9999999999999964
2026-03-01 19:00:00,3.0,29,30,False,24.0,78.38,12.0,6.21,-10.392304845413264,5.999999999999997
2026-03-01 20:00:00,3.6296296296296298,27,30,False,23.0,83.24,9.0,6.21,-8.457233587073176,3.0781812899310186
2026-03-01 21:00:00,7.517241379310345,29,30,False,23.0,83.24,5.0,6.21,-5.0,-3.061616997868383e-16
2026-03-01 22:00:00,9.642857142857142,28,30,False,23.0,60.72,8.0,6.21,-6.928203230275509,-4.000000000000001
2026-03-01 23:00:00,7.206896551724138,29,30,False,22.0,68.79,9.0,6.21,-7.794228634059947,-4.500000000000001
2026-03-02 00:00:00,6.666666666666667,27,30,False,20.0,77.77,8.0,6.21,-5.142300877492314,-6.128355544951824
2026-03-02 01:00:00,6.068965517241379,29,30,False,19.0,82.76,9.0,6.21,-6.894399988070802,-5.785088487178855
2026-03-02 02:00:00,4.892857142857143,28,30,False,18.0,88.1,6.0,6.21,-3.8567256581192355,-4.596266658713868
2026-03-02 03:00:00,5.333333333333333,30,30,False,18.0,82.63,6.0,6.21,-3.8567256581192355,-4.596266658713868
2026-03-02 04:00:00,6.357142857142857,28,30,False,17.0,88.01,4.0,6.21,-3.064177772475912,-2.5711504387461575
2026-03-02 05:00:00,6.821428571428571,28,30,False,16.0,93.79,3.0,6.21,-1.9283628290596178,-2.298133329356934
2026-03-02 06:00:00,8.827586206896552,29,30,False,16.0,93.79,4.0,6.21,-3.064177772475912,-2.5711504387461575
2026-03-02 07:00:00,10.535714285714286,28,30,False,15.0,100.0,0.0,6.21,0.0,0.0
2026-03-02 08:00:00,7.24,25,30,False,17.0,93.84,5.0,6.21,-4.330127018922193,-2.5000000000000004
2026-03-02 09:00:00,3.12,25,30,False,21.0,73.13,10.0,6.21,-7.66044443118978,-6.427876096865393
2026-03-02 10:00:00,3.0,29,30,False,24.0,57.17,12.0,6.21,-5.999999999999999,-10.392304845413264
2026-03-02 11:00:00,3.0,29,30,False,25.0,50.49,12.0,6.21,-7.713451316238471,-9.192533317427737
2026-03-02 12:00:00,3.0,29,30,False,27.0,39.36,11.0,6.21,-7.070663706551931,-8.426488874308758
2026-03-02 13:00:00,3.0,29,30,False,29.0,30.68,8.0,6.21,-6.128355544951824,-5.142300877492315
2026-03-02 14:00:00,3.0,29,30,False,30.0,28.97,11.0,6.21,-8.426488874308758,-7.070663706551933
2026-03-02 15:00:00,3.0,29,30,False,29.0,54.88,8.0,6.21,-7.878462024097664,1.3891854213354424
2026-03-02 16:00:00,3.0,27,30,False,29.0,48.4,9.0,6.21,-7.794228634059948,4.499999999999998
2026-03-02 17:00:00,3.0,29,30,False,30.0,30.96,12.0,6.21,-11.2763114494309,-4.104241719908026
2026-03-02 18:00:00,3.0,28,30,False,31.0,29.25,14.0,6.21,-10.724622203665692,-8.99902653561155
2026-03-02 19:00:00,3.0,29,30,False,29.0,32.8,11.0,6.21,-8.426488874308758,-7.070663706551933
2026-03-02 20:00:00,3.0,29,30,False,27.0,42.03,10.0,6.21,-7.66044443118978,-6.427876096865393
2026-03-02 21:00:00,6.5,26,30,False,25.0,53.86,11.0,6.21,-10.336618828644992,-3.7622215765823572
2026-03-02 22:00:00,10.0,29,30,False,24.0,64.96,16.0,6.21,-15.756924048195328,-2.7783708426708866
2026-03-02 23:00:00,11.74074074074074,27,30,False,22.0,78.08,11.0,6.21,-10.336618828644992,-3.7622215765823572
2026-03-03 00:00:00,12.148148148148149,27,30,False,22.0,83.12,11.0,6.21,-9.526279441628825,-5.500000000000001
2026-03-03 01:00:00,9.892857142857142,28,30,False,21.0,88.36,10.0,6.21,-8.660254037844386,-5.000000000000001
2026-03-03 02:00:00,12.535714285714286,28,30,False,21.0,88.36,8.0,6.21,-6.128355544951824,-5.142300877492315
2026-03-03 03:00:00,8.566666666666666,30,30,False,21.0,88.36,9.0,6.21,-5.785088487178854,-6.894399988070802
2026-03-03 04:00:00,9.0,28,30,False,21.0,88.36,9.0,6.21,-5.785088487178854,-6.894399988070802
2026-03-03 05:00:00,9.25,28,30,False,20.0,93.98,6.0,6.21,-5.63815572471545,-2.052120859954013
2026-03-03 06:00:00,9.793103448275863,29,30,False,20.0,93.98,6.0,6.21,-5.196152422706632,-3.000000000000001
2026-03-03 07:00:00,9.75,28,30,False,20.0,93.98,7.0,6.21,-5.362311101832846,-4.499513267805775
2026-03-03 08:00:00,11.392857142857142,28,30,False,22.0,83.12,8.0,6.21,-3.9999999999999996,-6.92820323027551
2026-03-03 09:00:00,10.96551724137931,29,30,False,24.0,73.66,10.0,6.21,-6.4278760968653925,-7.66044443118978
2026-03-03 10:00:00,8.392857142857142,28,30,False,27.0,61.65,10.0,6.21,-1.7364817766693033,-9.84807753012208
2026-03-03 11:00:00,6.857142857142857,28,30,False,28.0,61.88,11.0,6.21,2.6942229581241772e-15,-11.0
2026-03-03 12:00:00,4.518518518518518,27,30,False,29.0,58.4,8.0,6.21,2.736161146605349,-7.517540966287267
2026-03-03 13:00:00,6.448275862068965,29,30,False,31.0,48.94,8.0,6.21,-2.7361611466053497,-7.517540966287267
2026-03-03 14:00:00,3.7333333333333334,30,30,False,31.0,45.97,8.0,6.21,2.736161146605349,-7.517540966287267
2026-03-03 15:00:00,3.1,30,30,False,31.0,45.97,6.0,6.21,3.8567256581192373,-4.5962666587138665
2026-03-03 16:00:00,3.555555555555556,27,30,False,26.0,78.67,10.0,6.21,6.4278760968653925,7.660444431189781
2026-03-03 17:00:00,9.517241379310345,29,30,False,25.0,83.47,9.0,6.21,4.500000000000001,7.794228634059947
2026-03-03 18:00:00,21.20689655172414,29,30,False,25.0,83.47,7.0,6.21,5.362311101832845,4.499513267805776
2026-03-03 19:00:00,19.535714285714285,28,30,False,24.0,88.61,6.0,6.21,2.052120859954012,5.638155724715451
2026-03-03 20:00:00,8.703703703703704,27,30,False,23.0,94.11,7.0,6.21,-2.394141003279682,6.5778483455013586
2026-03-03 21:00:00,3.9642857142857144,28,30,False,23.0,94.11,5.0,6.21,-1.7101007166283444,4.698463103929542
2026-03-03 22:00:00,5.535714285714286,28,30,False,23.0,100.0,4.0,6.21,-1.3680805733026755,3.7587704831436333
2026-03-03 23:00:00,5.275862068965517,29,30,False,23.0,94.11,2.0,6.21,-1.969615506024416,-0.34729635533386083
2026-03-04 00:00:00,3.3333333333333335,27,30,False,22.0,100.0,3.0,6.21,1.5000000000000013,-2.598076211353315
2026-03-04 01:00:00,3.0,29,30,False,22.0,100.0,3.0,6.21,2.5980762113533156,1.5000000000000013
2026-03-04 02:00:00,3.0,29,30,False,22.0,100.0,0.0,6.21,0.0,0.0
2026-03-04 03:00:00,3.0,30,30,False,22.0,100.0,2.0,6.21,4.898587196589413e-16,-2.0
2026-03-04 04:00:00,3.7241379310344827,29,30,False,22.0,100.0,2.0,6.21,-0.34729635533386055,1.969615506024416
2026-03-04 05:00:00,4.642857142857143,28,30,False,22.0,100.0,2.0,6.21,-1.8793852415718169,0.6840402866513374
2026-03-04 06:00:00,3.2857142857142856,28,30,False,22.0,100.0,0.0,6.21,0.0,0.0
2026-03-04 07:00:00,3.0,30,30,False,22.0,100.0,3.0,6.21,-0.5209445330007908,2.954423259036624
2026-03-04 08:00:00,5.2592592592592595,27,30,False,23.0,100.0,6.0,6.21,-3.856725658119237,4.596266658713867
2026-03-04 09:00:00,8.875,24,30,False,23.0,94.11,6.0,6.21,-5.638155724715451,2.0521208599540124
2026-03-04 10:00:00,9.035714285714286,28,30,False,23.0,94.11,6.0,6.21,-5.196152422706632,2.9999999999999987
2026-03-04 11:00:00,9.074074074074074,27,30,False,23.0,94.11,6.0,6.21,-7.347880794884119e-16,6.0
2026-03-04 12:00:00,7.607142857142857,28,30,False,25.0,86.09,8.0,6.21,-0.6972459419812655,7.969557584733964
2026-03-04 13:00:00,7.620689655172414,29,30,False,25.0,94.2,10.0,6.21,-3.420201433256689,9.396926207859083
2026-03-04 14:00:00,7.0,29,30,False,25.0,88.7,10.0,6.21,-6.427876096865395,7.660444431189779
2026-03-04 15:00:00,6.555555555555555,27,30,False,25.0,83.47,10.0,6.21,-6.427876096865395,7.660444431189779
2026-03-04 16:00:00,4.535714285714286,28,30,False,25.0,83.47,12.0,6.21,-5.999999999999999,10.392304845413264
2026-03-04 17:00:00,3.8620689655172415,29,30,False,26.0,78.67,12.0,6.21,-7.713451316238474,9.192533317427735
2026-03-04 18:00:00,7.285714285714286,28,30,False,24.0,88.61,12.0,6.21,-5.999999999999999,10.392304845413264
2026-03-04 19:00:00,7.25,28,30,False,23.0,100.0,10.0,6.21,-4.999999999999999,8.660254037844387
2026-03-04 20:00:00,10.035714285714286,28,30,False,23.0,100.0,9.0,6.21,-6.894399988070802,5.785088487178855
2026-03-04 21:00:00,7.3076923076923075,26,30,False,23.0,94.11,9.0,6.21,-7.794228634059948,4.499999999999998
2026-03-04 22:00:00,7.103448275862069,29,30,False,22.0,100.0,10.0,6.21,-7.66044443118978,6.427876096865393
2026-03-04 23:00:00,5.178571428571429,28,30,False,22.0,100.0,8.0,6.21,-7.517540966287267,2.7361611466053497
2026-03-05 00:00:00,3.0,28,30,False,22.0,100.0,6.0,6.21,-5.638155724715451,2.0521208599540124
2026-03-05 01:00:00,3.0,28,30,False,21.0,100.0,5.0,6.21,-4.330127018922194,2.499999999999999
2026-03-05 02:00:00,5.142857142857143,28,30,False,21.0,100.0,3.0,6.21,-2.8190778623577253,1.0260604299770062
2026-03-05 03:00:00,4.266666666666667,30,30,False,21.0,100.0,0.0,6.21,0.0,0.0
2026-03-05 04:00:00,3.2413793103448274,29,30,False,21.0,100.0,3.0,6.21,-1.0260604299770066,2.819077862357725
2026-03-05 05:00:00,3.0,28,30,False,21.0,100.0,3.0,6.21,-1.4999999999999998,2.598076211353316
2026-03-05 06:00:00,3.2413793103448274,29,30,False,21.0,100.0,3.0,6.21,-1.0260604299770066,2.819077862357725
2026-03-05 07:00:00,6.137931034482759,29,30,False,21.0,100.0,10.0,6.21,-6.427876096865395,7.660444431189779
2026-03-05 08:00:00,8.275862068965518,29,30,False,22.0,94.07,12.0,6.21,-9.192533317427737,7.713451316238473
2026-03-05 09:00:00,7.962962962962963,27,30,False,22.0,94.07,13.0,6.21,-11.258330249197703,6.499999999999997
2026-03-05 10:00:00,5.678571428571429,28,30,False,23.0,88.53,12.0,6.21,-11.276311449430901,4.104241719908025
2026-03-05 11:00:00,3.310344827586207,29,30,False,23.0,88.53,12.0,6.21,-10.392304845413264,5.999999999999997
2026-03-05 12:00:00,5.413793103448276,29,30,False,23.0,88.53,12.0,6.21,-7.713451316238474,9.192533317427735
2026-03-05 13:00:00,4.25,28,30,False,24.0,83.36,16.0,6.21,-10.284601754984632,12.256711089903646
2026-03-05 14:00:00,3.0,29,30,False,25.0,78.52,18.0,6.21,-11.570176974357711,13.788799976141602
2026-03-05 15:00:00,3.0,28,30,False,25.0,78.52,18.0,6.21,-11.570176974357711,13.788799976141602
2026-03-05 16:00:00,3.0,29,30,False,25.0,78.52,16.0,6.21,-10.284601754984632,12.256711089903646
2026-03-05 17:00:00,3.0,28,30,False,24.0,83.36,16.0,6.21,-10.284601754984632,12.256711089903646
2026-03-05 18:00:00,3.142857142857143,28,30,False,23.0,88.53,16.0,6.21,-10.284601754984632,12.256711089903646
2026-03-05 19:00:00,4.0,30,30,False,23.0,88.53,12.0,6.21,-9.192533317427737,7.713451316238473
2026-03-05 20:00:00,5.222222222222222,27,30,False,22.0,94.07,12.0,6.21,-9.192533317427737,7.713451316238473
2026-03-05 21:00:00,5.148148148148148,27,30,False,22.0,94.07,12.0,6.21,-9.192533317427737,7.713451316238473
2026-03-05 22:00:00,3.2142857142857144,28,30,False,22.0,94.07,10.0,6.21,-8.660254037844387,4.999999999999998
2026-03-05 23:00:00,3.0,28,30,False,22.0,100.0,12.0,6.21,-10.392304845413264,5.999999999999997
2026-03-06 00:00:00,3.0,28,30,False,22.0,94.07,10.0,6.21,-9.396926207859085,3.420201433256687
2026-03-06 01:00:00,3.0,28,30,False,22.0,94.07,10.0,6.21,-9.396926207859085,3.420201433256687
2026-03-06 02:00:00,3.0,29,30,False,22.0,94.07,10.0,6.21,-9.84807753012208,1.736481776669303
2026-03-06 03:00:00,3.0,30,30,False,22.0,94.07,10.0,6.21,-9.396926207859085,3.420201433256687
2026-03-06 04:00:00,3.0,28,30,False,22.0,94.07,7.0,6.21,-6.5778483455013586,2.394141003279681
2026-03-06 05:00:00,3.0,28,30,False,22.0,88.45,9.0,6.21,-8.457233587073176,3.0781812899310186
2026-03-06 06:00:00,3.0,28,30,False,21.0,94.02,9.0,6.21,-8.457233587073176,3.0781812899310186
2026-03-06 07:00:00,3.0,29,30,False,22.0,94.07,10.0,6.21,-9.84807753012208,1.736481776669303
2026-03-06 08:00:00,3.1153846153846154,26,30,False,22.0,94.07,10.0,6.21,-8.660254037844387,4.999999999999998
2026-03-06 09:00:00,3.28,25,30,False,23.0,88.53,9.0,6.21,-8.457233587073176,3.0781812899310186
2026-03-06 10:00:00,3.5925925925925926,27,30,False,23.0,88.53,10.0,6.21,-8.660254037844387,4.999999999999998
2026-03-06 11:00:00,5.178571428571429,28,30,False,24.0,88.61,11.0,6.21,-10.336618828644992,3.762221576582356
2026-03-06 12:00:00,4.464285714285714,28,30,False,24.0,83.36,12.0,6.21,-10.392304845413264,5.999999999999997
2026-03-06 13:00:00,3.689655172413793,29,30,False,23.0,88.53,13.0,6.21,-9.958577760546714,8.356238925925012
2026-03-06 14:00:00,4.678571428571429,28,30,False,23.0,88.53,17.0,6.21,-14.722431864335459,8.499999999999996
2026-03-06 15:00:00,4.655172413793103,29,30,False,22.0,94.07,16.0,6.21,-13.85640646055102,7.9999999999999964
2026-03-06 16:00:00,5.172413793103448,29,30,False,22.0,88.45,17.0,6.21,-14.722431864335459,8.499999999999996
2026-03-06 17:00:00,3.344827586206897,29,30,False,20.0,100.0,17.33,4.56,-15.9166757886757,6.8548035594161805
2026-03-06 18:00:00,4.172413793103448,29,30,False,20.0,100.0,19.5,4.66,-18.324006105325214,6.66939279485054
2026-03-06 19:00:00,6.178571428571429,28,30,False,19.0,100.0,18.0,6.21,-15.588457268119896,8.999999999999996
2026-03-06 20:00:00,7.142857142857143,28,30,False,19.0,100.0,18.0,6.21,-15.588457268119896,8.999999999999996
2026-03-06 21:00:00,4.703703703703703,27,30,False,19.0,100.0,13.0,6.21,-12.802500789158705,2.2574263096700937
2026-03-06 22:00:00,5.642857142857143,28,30,False,19.0,88.19,11.0,6.21,-10.336618828644992,3.762221576582356
2026-03-06 23:00:00,4.678571428571429,28,30,False,19.0,88.19,11.0,6.21,-10.336618828644992,3.762221576582356
2026-03-07 00:00:00,3.0,28,30,False,20.0,82.88,13.0,6.21,-12.21600407021681,4.446261863233693
2026-03-07 01:00:00,3.0,27,30,False,20.0,93.98,9.0,6.21,-7.794228634059948,4.499999999999998
2026-03-07 02:00:00,3.0,29,30,False,20.0,88.28,10.0,6.21,-8.660254037844387,4.999999999999998
2026-03-07 03:00:00,3.1,30,30,False,20.0,88.28,12.0,6.21,-10.392304845413264,5.999999999999997
2026-03-07 04:00:00,3.0,29,30,False,20.0,82.88,12.0,6.21,-10.392304845413264,5.999999999999997
2026-03-07 05:00:00,3.0,28,30,False,21.0,77.93,13.0,6.21,-11.258330249197703,6.499999999999997
2026-03-07 06:00:00,3.0,30,30,False,20.0,77.77,12.0,6.21,-10.392304845413264,5.999999999999997
2026-03-07 07:00:00,3.0,28,30,False,20.0,82.88,12.0,6.21,-9.192533317427737,7.713451316238473
2026-03-07 08:00:00,3.0,27,30,False,21.0,77.93,12.0,6.21,-9.192533317427737,7.713451316238473
2026-03-07 09:00:00,3.0,27,30,False,21.0,77.93,15.0,6.21,-11.49066664678467,9.64181414529809
2026-03-07 10:00:00,3.107142857142857,28,30,False,23.0,64.74,16.0,6.21,-12.256711089903648,10.28460175498463
2026-03-07 11:00:00,3.0,29,30,False,23.0,68.99,15.0,6.21,-11.49066664678467,9.64181414529809
2026-03-07 12:00:00,3.0,28,30,False,23.0,60.72,16.0,6.21,-13.85640646055102,7.9999999999999964
2026-03-07 13:00:00,3.5357142857142856,28,30,False,24.0,60.96,16.0,6.21,-12.256711089903648,10.28460175498463
2026-03-07 14:00:00,3.0,29,30,False,24.0,60.96,17.0,6.21,-15.974774553360444,5.814342436536368
2026-03-07 15:00:00,3.107142857142857,28,30,False,24.0,60.96,17.0,6.21,-13.022755533022627,10.92738936467117
2026-03-07 16:00:00,3.0,29,30,False,24.0,57.17,16.0,6.21,-12.256711089903648,10.28460175498463
2026-03-07 17:00:00,3.0,28,30,False,23.0,60.72,14.0,6.21,-12.124355652982143,6.9999999999999964
2026-03-07 18:00:00,3.0,29,30,False,21.0,77.93,14.0,6.21,-12.124355652982143,6.9999999999999964
2026-03-07 19:00:00,3.1,30,30,False,21.0,73.13,12.0,6.21,-9.192533317427737,7.713451316238473
2026-03-07 20:00:00,3.4,25,30,False,20.0,77.77,12.0,6.21,-9.192533317427737,7.713451316238473
2026-03-07 21:00:00,3.0,29,30,False,20.0,77.77,11.0,6.21,-9.526279441628827,5.499999999999997
2026-03-07 22:00:00,3.0,29,30,False,20.0,72.95,12.0,6.21,-10.392304845413264,5.999999999999997
2026-03-07 23:00:00,3.0,29,30,False,20.0,68.38,11.0,6.21,-9.526279441628827,5.499999999999997
2026-03-08 00:00:00,3.0,26,30,False,20.0,68.38,10.0,6.21,-9.396926207859085,3.420201433256687
2026-03-08 01:00:00,3.0,28,30,False,20.0,68.38,10.0,6.21,-9.84807753012208,1.736481776669303
2026-03-08 02:00:00,3.0,29,30,False,20.0,68.38,9.0,6.21,-8.863269777109872,1.5628335990023727
2026-03-08 03:00:00,3.0,30,30,False,19.0,72.76,2.0,6.21,-1.532088886237956,-1.2855752193730787
2026-03-08 04:00:00,3.75,28,30,False,18.0,77.46,5.0,6.21,-4.92403876506104,0.8682408883346515
2026-03-08 05:00:00,3.0,28,30,False,19.0,72.76,6.0,6.21,-5.908846518073248,1.0418890660015818
2026-03-08 06:00:00,3.0,29,30,False,18.0,72.58,5.0,6.21,-5.0,-3.061616997868383e-16
2026-03-08 07:00:00,3.0,29,30,False,19.0,68.18,7.0,6.21,-6.893654271085456,1.2155372436685121
2026-03-08 08:00:00,3.0,26,30,False,21.0,64.3,11.0,6.21,-10.832885283134289,1.9101299543362333
2026-03-08 09:00:00,3.0,28,30,False,22.0,60.48,16.0,6.21,-15.035081932574535,5.472322293210699
2026-03-08 10:00:00,3.0,29,30,False,22.0,56.67,16.0,6.21,-15.756924048195328,2.778370842670885
2026-03-08 11:00:00,3.0,28,30,False,23.0,49.95,16.0,6.21,-15.035081932574535,5.472322293210699
2026-03-08 12:00:00,3.0,27,30,False,23.0,56.92,18.0,6.21,-16.914467174146353,6.156362579862037
2026-03-08 13:00:00,3.0,27,30,False,24.0,53.6,20.0,6.21,-17.320508075688775,9.999999999999996
2026-03-08 14:00:00,3.0,28,30,False,24.0,53.6,20.0,6.21,-17.320508075688775,9.999999999999996
2026-03-08 15:00:00,3.0,28,30,False,24.0,53.6,22.0,6.21,-16.852977748617516,14.141327413103866
2026-03-08 16:00:00,3.0,28,30,False,23.0,56.92,22.0,6.21,-19.052558883257653,10.999999999999995
2026-03-08 17:00:00,3.0,28,30,False,23.0,56.92,22.0,6.21,-19.052558883257653,10.999999999999995
2026-03-08 18:00:00,3.0,28,30,False,22.0,60.48,20.0,6.21,-17.320508075688775,9.999999999999996
2026-03-08 19:00:00,3.107142857142857,28,30,False,21.0,64.3,22.0,6.21,-19.052558883257653,10.999999999999995
2026-03-08 20:00:00,3.111111111111111,27,30,False,20.0,64.07,15.0,6.21,-14.095389311788626,5.130302149885031
2026-03-08 21:00:00,3.0,28,30,False,20.0,64.07,15.0,6.21,-14.095389311788626,5.130302149885031
2026-03-08 22:00:00,3.2142857142857144,28,30,False,19.0,68.18,15.0,6.21,-15.0,-9.18485099360515e-16
2026-03-08 23:00:00,3.103448275862069,29,30,False,19.0,59.76,11.0,6.21,-11.0,-6.735557395310443e-16
2026-03-09 00:00:00,3.0,27,30,False,19.0,63.85,9.0,6.21,-9.0,-5.51091059616309e-16
2026-03-09 01:00:00,3.0,28,30,False,18.0,72.58,7.0,6.21,-7.0,-4.286263797015736e-16
2026-03-09 02:00:00,3.0,29,30,False,17.0,77.31,5.0,6.21,-4.92403876506104,0.8682408883346515
2026-03-09 03:00:00,3.0,30,30,False,19.0,72.76,11.0,6.21,-9.526279441628827,5.499999999999997
2026-03-09 04:00:00,3.0,28,30,False,19.0,72.76,9.0,6.21,-8.457233587073176,3.0781812899310186
2026-03-09 05:00:00,3.0,28,30,False,19.0,72.76,8.0,6.21,-7.517540966287267,2.7361611466053497
2026-03-09 06:00:00,3.0,28,30,False,19.0,82.76,12.0,6.21,-9.192533317427737,7.713451316238473
2026-03-09 07:00:00,3.0,28,30,False,19.0,82.76,12.0,6.21,-9.192533317427737,7.713451316238473
2026-03-09 08:00:00,3.0,28,30,False,20.0,72.95,12.0,6.21,-11.276311449430901,4.104241719908025
2026-03-09 09:00:00,3.0,25,30,False,21.0,60.24,12.0,6.21,-11.276311449430901,4.104241719908025
2026-03-09 10:00:00,3.0,25,30,False,22.0,53.07,13.0,6.21,-12.802500789158705,2.2574263096700937
2026-03-09 11:00:00,3.111111111111111,27,30,False,23.0,49.95,12.0,6.21,-10.392304845413264,5.999999999999997
2026-03-09 12:00:00,3.103448275862069,29,30,False,23.0,53.33,12.0,6.21,-10.392304845413264,5.999999999999997
2026-03-09 13:00:00,3.0,27,30,False,24.0,53.6,13.0,6.21,-8.356238925925012,9.958577760546714
2026-03-09 14:00:00,3.0,30,30,False,24.0,50.22,15.0,6.21,-11.49066664678467,9.64181414529809
2026-03-09 15:00:00,3.0,28,30,False,24.0,50.22,15.0,6.21,-11.49066664678467,9.64181414529809
2026-03-09 16:00:00,3.0,28,30,False,23.0,53.33,16.0,6.21,-13.85640646055102,7.9999999999999964
2026-03-09 17:00:00,3.0,28,30,False,23.0,56.92,17.0,6.21,-14.722431864335459,8.499999999999996
2026-03-09 18:00:00,3.0,30,30,False,22.0,60.48,18.0,6.21,-15.588457268119896,8.999999999999996
2026-03-09 19:00:00,3.0,28,30,False,21.0,64.3,16.0,6.21,-15.035081932574535,5.472322293210699
2026-03-09 20:00:00,3.0,28,30,False,20.0,68.38,15.0,6.21,-14.095389311788626,5.130302149885031
2026-03-09 21:00:00,3.0,29,30,False,20.0,64.07,15.0,6.21,-14.772116295183121,2.6047226650039548
2026-03-09 22:00:00,3.0,26,30,False,19.0,68.18,11.0,6.21,-11.0,-6.735557395310443e-16
2026-03-09 23:00:00,3.0,30,30,False,18.0,67.97,10.0,6.21,-9.84807753012208,-1.7364817766693041
2026-03-10 00:00:00,3.6296296296296298,27,30,False,17.0,72.4,4.0,6.21,-4.0,-2.4492935982947064e-16
2026-03-10 01:00:00,3.0,27,30,False,17.0,72.4,6.0,6.21,-5.908846518073248,-1.0418890660015825
2026-03-10 02:00:00,3.0,29,30,False,16.0,77.15,4.0,6.21,-4.0,-2.4492935982947064e-16
2026-03-10 03:00:00,3.0,30,30,False,15.0,87.84,4.0,6.21,-4.0,-2.4492935982947064e-16
2026-03-10 04:00:00,3.0,29,30,False,15.0,87.84,3.0,6.21,-2.298133329356934,-1.9283628290596182
2026-03-10 05:00:00,3.5357142857142856,28,30,False,15.0,87.84,6.0,6.21,-6.0,-3.6739403974420594e-16
2026-03-10 06:00:00,4.928571428571429,28,30,False,15.0,87.84,0.0,6.21,0.0,0.0
2026-03-10 07:00:00,7.172413793103448,29,30,False,15.0,87.84,0.0,6.21,0.0,0.0
2026-03-10 08:00:00,6.769230769230769,26,30,False,18.0,77.46,1.0,6.21,-0.984807753012208,-0.17364817766693041
2026-03-10 09:00:00,4.9655172413793105,29,30,False,21.0,56.42,7.0,6.21,-7.0,-4.286263797015736e-16
2026-03-10 10:00:00,3.2857142857142856,28,30,False,22.0,53.07,7.0,6.21,-6.893654271085456,1.2155372436685121
2026-03-10 11:00:00,3.7,30,30,False,23.0,53.33,9.0,6.21,-8.457233587073176,3.0781812899310186
2026-03-10 12:00:00,3.1379310344827585,29,30,False,23.0,53.33,10.0,6.21,-7.66044443118978,6.427876096865393
2026-03-10 13:00:00,3.0,29,30,False,24.0,53.6,12.0,6.21,-9.192533317427737,7.713451316238473
2026-03-10 14:00:00,3.0,27,30,False,24.0,57.17,12.0,6.21,-7.713451316238474,9.192533317427735
2026-03-10 15:00:00,3.0,28,30,False,24.0,53.6,16.0,6.21,-12.256711089903648,10.28460175498463
2026-03-10 16:00:00,3.0,29,30,False,24.0,50.22,14.0,6.21,-10.724622203665692,8.99902653561155
2026-03-10 17:00:00,3.0,26,30,False,24.0,53.6,15.0,6.21,-12.99038105676658,7.4999999999999964
2026-03-10 18:00:00,3.0,29,30,False,23.0,64.74,15.0,6.21,-11.49066664678467,9.64181414529809
2026-03-10 19:00:00,3.0,30,30,False,21.0,77.93,15.0,6.21,-12.99038105676658,7.4999999999999964
2026-03-10 20:00:00,3.8076923076923075,26,30,False,21.0,77.93,16.0,6.21,-13.85640646055102,7.9999999999999964
2026-03-10 21:00:00,3.0,28,30,False,21.0,77.93,14.0,6.21,-13.155696691002717,4.788282006559362
2026-03-10 22:00:00,3.0,29,30,False,21.0,77.93,10.0,6.21,-10.0,-6.123233995736766e-16
2026-03-10 23:00:00,3.0,28,30,False,20.0,77.77,6.0,6.21,-6.0,-3.6739403974420594e-16
2026-03-11 00:00:00,3.0,27,30,False,19.0,77.62,6.0,6.21,-6.0,-3.6739403974420594e-16
2026-03-11 01:00:00,3.0,29,30,False,19.0,77.62,6.0,6.21,-6.0,-3.6739403974420594e-16
2026-03-11 02:00:00,3.0,28,30,False,18.0,82.63,4.0,6.21,-3.7587704831436337,1.3680805733026749
2026-03-11 03:00:00,3.0,30,30,False,18.0,88.1,0.0,6.21,0.0,0.0
2026-03-11 04:00:00,3.0,29,30,False,17.0,93.84,3.0,6.21,-2.598076211353316,-1.5000000000000004
2026-03-11 05:00:00,4.0,28,30,False,17.0,93.84,6.0,6.21,-5.63815572471545,-2.052120859954013
2026-03-11 06:00:00,5.142857142857143,28,30,False,17.0,93.84,0.0,6.21,0.0,0.0
2026-03-11 07:00:00,3.0,29,30,False,17.0,93.84,0.0,6.21,0.0,0.0
2026-03-11 08:00:00,3.12,25,30,False,16.0,100.0,0.0,6.21,0.0,0.0
2026-03-11 09:00:00,3.0,25,30,False,21.0,83.0,5.0,6.21,-4.330127018922194,2.499999999999999
2026-03-11 10:00:00,3.310344827586207,29,30,False,22.0,83.12,9.0,6.21,-6.894399988070802,5.785088487178855
2026-03-11 11:00:00,3.0,29,30,False,23.0,78.23,10.0,6.21,-8.660254037844387,4.999999999999998
2026-03-11 12:00:00,3.0,29,30,False,23.0,73.48,10.0,6.21,-6.427876096865395,7.660444431189779
2026-03-11 13:00:00,3.0,28,30,False,23.0,78.23,11.0,6.21,-7.070663706551934,8.426488874308756
2026-03-11 14:00:00,3.142857142857143,28,30,False,24.0,73.66,12.0,6.21,-10.392304845413264,5.999999999999997
2026-03-11 15:00:00,3.0,29,30,False,23.0,78.23,13.0,6.21,-12.21600407021681,4.446261863233693
2026-03-11 16:00:00,3.0,29,30,False,23.0,78.23,13.0,6.21,-12.21600407021681,4.446261863233693
2026-03-11 17:00:00,3.0,30,30,False,22.0,83.12,12.0,6.21,-11.817693036146496,2.0837781320031636
2026-03-11 18:00:00,3.0,28,30,False,21.0,88.36,12.0,4.35,-11.817693036146496,2.0837781320031636
2026-03-11 19:00:00,3.0,28,30,False,21.0,88.36,10.0,6.21,-9.84807753012208,1.736481776669303
2026-03-11 20:00:00,3.6785714285714284,28,30,False,20.0,93.98,8.0,6.21,-7.878462024097664,1.3891854213354424
2026-03-11 21:00:00,3.962962962962963,27,30,False,20.0,88.28,7.0,6.21,-6.062177826491071,3.4999999999999982
2026-03-11 22:00:00,3.0,29,30,False,20.0,88.28,6.0,6.21,-5.638155724715451,2.0521208599540124
2026-03-11 23:00:00,3.0,28,30,False,19.0,93.93,6.0,6.21,-5.638155724715451,2.0521208599540124
2026-03-12 00:00:00,3.0,28,30,False,19.0,88.19,9.0,6.21,-7.794228634059948,4.499999999999998
2026-03-12 01:00:00,3.0,29,30,False,19.0,93.93,7.0,6.21,-6.5778483455013586,2.394141003279681
2026-03-12 02:00:00,3.0,28,30,False,20.0,88.28,6.0,6.21,-5.196152422706632,2.9999999999999987
2026-03-12 03:00:00,3.0,30,30,False,20.0,93.98,8.0,6.21,-6.92820323027551,3.9999999999999982
2026-03-12 04:00:00,3.0,29,30,False,20.0,93.98,9.0,6.21,-7.794228634059948,4.499999999999998
2026-03-12 05:00:00,3.0,29,30,False,20.0,93.98,9.0,6.21,-7.794228634059948,4.499999999999998
2026-03-12 06:00:00,3.0,29,30,False,20.0,93.98,7.0,6.21,-6.062177826491071,3.4999999999999982
2026-03-12 07:00:00,3.0,27,30,False,20.0,93.98,6.0,6.21,-5.196152422706632,2.9999999999999987
2026-03-12 08:00:00,3.103448275862069,29,30,False,21.0,88.36,9.0,6.21,-8.457233587073176,3.0781812899310186
2026-03-12 09:00:00,3.48,25,30,False,23.0,78.23,9.0,6.21,-7.794228634059948,4.499999999999998
2026-03-12 10:00:00,3.3214285714285716,28,30,False,23.0,83.24,13.0,6.21,-11.258330249197703,6.499999999999997
2026-03-12 11:00:00,3.111111111111111,27,30,False,24.0,78.38,13.0,6.21,-9.958577760546714,8.356238925925012
2026-03-12 12:00:00,3.0,29,30,False,24.0,73.66,13.0,6.21,-9.958577760546714,8.356238925925012
2026-03-12 13:00:00,3.0,29,30,False,24.0,78.38,13.0,6.21,-8.356238925925012,9.958577760546714
2026-03-12 14:00:00,3.0,29,30,False,24.0,73.66,14.0,6.21,-8.999026535611552,10.72462220366569
2026-03-12 15:00:00,3.0,28,30,False,24.0,78.38,15.0,6.21,-9.641814145298092,11.490666646784668
2026-03-12 16:00:00,3.0,28,30,False,24.0,78.38,16.0,6.21,-10.284601754984632,12.256711089903646
2026-03-12 17:00:00,3.0,27,30,False,24.0,78.38,13.0,6.21,-9.958577760546714,8.356238925925012
2026-03-12 18:00:00,3.0,28,30,False,23.0,83.24,12.0,6.21,-9.192533317427737,7.713451316238473
2026-03-12 19:00:00,3.0,27,30,False,21.0,94.02,12.0,6.21,-9.192533317427737,7.713451316238473
2026-03-12 20:00:00,4.0344827586206895,29,30,False,21.0,94.02,12.0,6.21,-9.192533317427737,7.713451316238473
2026-03-12 21:00:00,3.103448275862069,29,30,False,21.0,94.02,11.0,6.21,-9.526279441628827,5.499999999999997
2026-03-12 22:00:00,3.0,29,30,False,20.0,100.0,9.0,6.21,-8.457233587073176,3.0781812899310186
2026-03-12 23:00:00,3.0,28,30,False,20.0,100.0,8.0,6.21,-7.878462024097664,1.3891854213354424
2026-03-13 00:00:00,3.0,29,30,False,20.0,100.0,7.0,6.21,-6.893654271085456,1.2155372436685121
2026-03-13 01:00:00,3.0,28,30,False,20.0,100.0,5.0,6.21,-4.698463103929543,1.7101007166283435
2026-03-13 02:00:00,3.0,28,30,False,19.0,100.0,5.0,6.21,-4.698463103929543,1.7101007166283435
2026-03-13 03:00:00,3.0,30,30,False,19.0,100.0,5.0,6.21,-5.0,-3.061616997868383e-16
2026-03-13 04:00:00,3.0,29,30,False,18.0,100.0,3.0,6.21,-2.954423259036624,-0.5209445330007912
2026-03-13 05:00:00,5.0344827586206895,29,30,False,16.2,100.0,0.6,2.82,-0.563815572471545,-0.20521208599540128
2026-03-13 06:00:00,10.241379310344827,29,30,False,16.25,100.0,1.5,2.12,-0.8059494125202357,1.2650871687193286
2026-03-13 07:00:00,9.714285714285714,28,30,False,16.0,100.0,0.0,0.75,0.0,0.0
2026-03-13 08:00:00,3.25,28,30,False,18.0,100.0,0.0,6.21,0.0,0.0
2026-03-13 09:00:00,4.52,25,30,False,21.0,94.02,0.0,6.21,0.0,0.0
2026-03-13 10:00:00,19.40740740740741,27,30,False,23.0,78.23,6.0,6.21,-5.908846518073248,1.0418890660015818
2026-03-13 11:00:00,39.74074074074074,27,30,False,24.0,73.66,6.0,6.21,-4.596266658713868,3.8567256581192364
2026-03-13 12:00:00,3.0,8,30,False,25.0,69.38,12.0,6.21,-7.713451316238474,9.192533317427735
2026-03-13 13:00:00,3.103448275862069,29,30,False,25.0,73.83,12.0,6.21,-7.713451316238474,9.192533317427735
2026-03-13 14:00:00,3.107142857142857,28,30,False,25.0,69.38,16.0,6.21,-12.256711089903648,10.28460175498463
2026-03-13 15:00:00,3.357142857142857,28,30,False,24.0,73.66,16.0,6.21,-12.256711089903648,10.28460175498463
2026-03-13 16:00:00,3.0,28,30,False,24.0,73.66,14.0,6.21,-10.724622203665692,8.99902653561155
2026-03-13 17:00:00,3.8275862068965516,29,30,False,24.0,73.66,14.0,6.21,-10.724622203665692,8.99902653561155
2026-03-13 18:00:00,5.413793103448276,29,30,False,22.0,88.45,14.0,6.21,-12.124355652982143,6.9999999999999964
2026-03-13 19:00:00,8.357142857142858,28,30,False,22.0,88.45,10.0,6.21,-8.660254037844387,4.999999999999998
2026-03-13 20:00:00,9.392857142857142,28,30,False,21.0,94.02,8.0,6.21,-6.92820323027551,3.9999999999999982
2026-03-13 21:00:00,10.172413793103448,29,30,False,21.0,94.02,9.0,6.21,-8.457233587073176,3.0781812899310186
2026-03-13 22:00:00,10.185185185185185,27,30,False,21.0,94.02,9.0,6.21,-8.457233587073176,3.0781812899310186
2026-03-13 23:00:00,8.821428571428571,28,30,False,20.0,100.0,7.0,6.21,-6.5778483455013586,2.394141003279681
2026-03-14 00:00:00,7.884615384615385,26,30,False,20.0,100.0,4.0,6.21,-3.939231012048832,0.6945927106677212
2026-03-14 01:00:00,3.0,28,30,False,20.0,100.0,5.0,6.21,-4.92403876506104,0.8682408883346515
2026-03-14 02:00:00,5.137931034482759,29,30,False,19.0,100.0,0.0,6.21,0.0,0.0
2026-03-14 03:00:00,7.466666666666667,30,30,False,18.0,100.0,0.0,6.21,0.0,0.0
2026-03-14 04:00:00,8.142857142857142,28,30,False,16.0,100.0,0.0,0.43,0.0,0.0
2026-03-14 05:00:00,8.0,29,30,False,16.0,100.0,0.0,0.37,0.0,0.0
2026-03-14 06:00:00,7.827586206896552,29,30,False,16.0,100.0,0.0,0.43,0.0,0.0
2026-03-14 07:00:00,10.733333333333333,30,30,False,15.0,100.0,0.0,0.64,0.0,0.0
2026-03-14 08:00:00,18.392857142857142,28,30,False,18.0,100.0,0.0,3.73,0.0,0.0
2026-03-14 09:00:00,15.0,29,30,False,20.0,100.0,0.0,6.21,0.0,0.0
2026-03-14 10:00:00,9.392857142857142,28,30,False,23.0,78.23,0.0,6.21,0.0,0.0
2026-03-14 11:00:00,4.137931034482759,29,30,False,24.0,78.38,5.0,6.21,-2.4999999999999996,4.330127018922194
2026-03-14 12:00:00,3.111111111111111,27,30,False,25.0,73.83,7.0,6.21,-6.062177826491071,3.4999999999999982
2026-03-14 13:00:00,3.0,28,30,False,25.0,65.17,8.0,6.21,-6.128355544951824,5.142300877492315
2026-03-14 14:00:00,3.0,28,30,False,26.0,65.39,10.0,6.21,-8.660254037844387,4.999999999999998
2026-03-14 15:00:00,3.0,29,30,False,24.0,73.66,12.0,6.21,-9.192533317427737,7.713451316238473
2026-03-14 16:00:00,4.103448275862069,29,30,False,24.0,78.38,12.0,6.21,-9.192533317427737,7.713451316238473
2026-03-14 17:00:00,5.724137931034483,29,30,False,23.0,83.24,9.0,6.21,-6.894399988070802,5.785088487178855
2026-03-14 18:00:00,8.392857142857142,28,30,False,22.0,88.45,10.0,6.21,-7.66044443118978,6.427876096865393
2026-03-14 19:00:00,10.137931034482758,29,30,False,22.0,88.45,10.0,6.21,-8.660254037844387,4.999999999999998
2026-03-14 20:00:00,10.214285714285714,28,30,False,21.0,94.02,10.0,6.21,-8.660254037844387,4.999999999999998
2026-03-14 21:00:00,13.321428571428571,28,30,False,21.0,94.02,8.0,6.21,-7.517540966287267,2.7361611466053497
2026-03-14 22:00:00,14.241379310344827,29,30,False,21.0,94.02,7.0,6.21,-7.0,-4.286263797015736e-16
2026-03-14 23:00:00,15.428571428571429,28,30,False,20.0,93.98,7.0,6.21,-6.5778483455013586,-2.3941410032796817
2026-03-15 00:00:00,10.962962962962964,27,30,False,19.0,100.0,5.0,6.21,-4.92403876506104,-0.8682408883346521
2026-03-15 01:00:00,9.857142857142858,28,30,False,19.0,100.0,4.0,6.21,-3.064177772475912,-2.5711504387461575
2026-03-15 02:00:00,7.724137931034483,29,30,False,19.0,100.0,3.0,6.21,-1.0260604299770062,-2.8190778623577253
2026-03-15 03:00:00,9.866666666666667,30,30,False,18.0,100.0,2.0,6.21,4.898587196589413e-16,-2.0
2026-03-15 04:00:00,14.107142857142858,28,30,False,18.0,100.0,3.0,6.21,7.347880794884119e-16,-3.0
2026-03-15 05:00:00,7.310344827586207,29,30,False,18.0,100.0,5.0,6.21,-0.8682408883346516,-4.92403876506104
2026-03-15 06:00:00,4.586206896551724,29,30,False,18.0,100.0,5.0,6.21,-2.4999999999999996,-4.330127018922194
2026-03-15 07:00:00,3.344827586206897,29,30,False,17.0,100.0,3.0,6.21,-0.520944533000791,-2.954423259036624
2026-03-15 08:00:00,6.555555555555555,27,30,False,19.0,100.0,4.0,6.21,-1.3680805733026749,-3.7587704831436337
2026-03-15 09:00:00,4.482758620689655,29,30,False,21.0,94.02,7.0,6.21,-2.394141003279681,-6.5778483455013586
2026-03-15 10:00:00,3.857142857142857,28,30,False,25.0,73.83,8.0,6.21,1.959434878635765e-15,-8.0
2026-03-15 11:00:00,3.103448275862069,29,30,False,27.0,57.91,8.0,6.21,1.389185421335443,-7.878462024097664
2026-03-15 12:00:00,3.68,25,30,False,30.0,45.69,5.0,6.21,-0.8682408883346516,-4.92403876506104
2026-03-15 13:00:00,5.535714285714286,28,30,False,31.0,37.99,6.0,6.21,3.0000000000000027,-5.19615242270663
2026-03-15 14:00:00,3.689655172413793,29,30,False,32.0,33.65,8.0,6.21,2.736161146605349,-7.517540966287267
2026-03-15 15:00:00,3.892857142857143,28,30,False,27.0,65.6,11.0,6.21,-7.070663706551934,8.426488874308756
2026-03-15 16:00:00,3.7142857142857144,28,30,False,25.0,78.52,10.0,6.21,-7.66044443118978,6.427876096865393
2026-03-15 17:00:00,3.0,29,30,False,26.0,74.0,11.0,6.21,-8.426488874308758,7.070663706551933
2026-03-15 18:00:00,3.4482758620689653,29,30,False,25.0,69.38,10.0,6.21,-8.660254037844387,4.999999999999998
2026-03-15 19:00:00,6.892857142857143,28,30,False,25.0,65.17,9.0,6.21,-8.863269777109872,1.5628335990023727
2026-03-15 20:00:00,8.827586206896552,29,30,False,24.0,78.38,9.0,6.21,-8.863269777109872,1.5628335990023727
2026-03-15 21:00:00,10.555555555555555,27,30,False,23.0,83.24,8.0,6.21,-7.878462024097664,1.3891854213354424
2026-03-15 22:00:00,17.464285714285715,28,30,False,23.0,78.23,8.0,6.21,-7.5175409662872665,-2.7361611466053506
2026-03-15 23:00:00,14.733333333333333,30,30,False,23.0,73.48,8.0,6.21,-6.128355544951824,-5.142300877492315
2026-03-16 00:00:00,7.769230769230769,26,30,False,24.0,73.66,9.0,6.21,-6.894399988070802,-5.785088487178855
2026-03-16 01:00:00,3.111111111111111,27,30,False,23.0,78.23,9.0,6.21,-5.785088487178854,-6.894399988070802
2026-03-16 02:00:00,3.0,29,30,False,23.0,73.48,9.0,6.21,-5.785088487178854,-6.894399988070802
2026-03-16 03:00:00,3.0,30,30,False,22.0,78.08,9.0,6.21,-5.785088487178854,-6.894399988070802
2026-03-16 04:00:00,3.0,28,30,False,21.0,88.36,8.0,6.21,-5.142300877492314,-6.128355544951824
2026-03-16 05:00:00,3.0,28,30,False,21.0,88.36,6.0,6.21,-2.9999999999999996,-5.196152422706632
2026-03-16 06:00:00,3.0,29,30,False,21.0,88.36,6.0,6.21,-2.9999999999999996,-5.196152422706632
2026-03-16 07:00:00,3.0,28,30,False,21.0,88.36,8.0,6.21,-3.9999999999999996,-6.92820323027551
2026-03-16 08:00:00,3.0,26,30,False,22.0,83.12,8.0,6.21,-3.9999999999999996,-6.92820323027551
2026-03-16 09:00:00,3.0,25,30,False,25.0,69.38,7.0,6.21,-3.4999999999999996,-6.062177826491071
2026-03-16 10:00:00,3.0,29,30,False,28.0,58.16,7.0,6.21,-2.394141003279681,-6.5778483455013586
2026-03-16 11:00:00,3.0,28,30,False,31.0,45.97,9.0,6.21,-3.0781812899310186,-8.457233587073176
2026-03-16 12:00:00,3.0,29,30,False,33.0,41.06,8.0,6.21,-1.3891854213354426,-7.878462024097664
2026-03-16 13:00:00,3.0,29,30,False,34.0,36.46,8.0,6.21,-3.9999999999999996,-6.92820323027551
2026-03-16 14:00:00,3.0,27,30,False,35.0,34.5,7.0,6.21,-5.362311101832846,-4.499513267805775
2026-03-16 15:00:00,3.2222222222222223,27,30,False,35.0,34.5,5.0,6.21,-0.8682408883346516,-4.92403876506104
2026-03-16 16:00:00,3.0,28,30,False,30.0,55.13,10.0,6.21,-7.66044443118978,6.427876096865393
2026-03-16 17:00:00,3.0,29,30,False,29.0,58.4,10.0,6.21,-8.660254037844387,4.999999999999998
2026-03-16 18:00:00,3.0,25,30,False,29.0,54.88,10.0,6.21,-8.660254037844387,4.999999999999998
2026-03-16 19:00:00,3.0,28,30,False,26.0,69.58,10.0,6.21,-9.396926207859085,3.420201433256687
2026-03-16 20:00:00,3.0,29,30,False,26.0,69.58,8.0,6.21,-7.517540966287267,2.7361611466053497
2026-03-16 21:00:00,12.884615384615385,26,30,False,25.0,83.47,4.0,6.21,-3.064177772475912,2.5711504387461575
2026-03-16 22:00:00,13.0,28,30,False,27.0,74.17,6.0,6.21,-4.596266658713868,-3.8567256581192364
2026-03-16 23:00:00,10.068965517241379,29,30,False,27.0,69.77,10.0,6.21,-7.66044443118978,-6.427876096865393
2026-03-17 00:00:00,10.703703703703704,27,30,False,26.0,83.59,11.0,6.21,-8.426488874308758,-7.070663706551933
2026-03-17 01:00:00,11.392857142857142,28,30,False,25.0,88.7,12.0,6.21,-9.192533317427737,-7.713451316238473
2026-03-17 02:00:00,12.566666666666666,30,30,False,24.0,94.16,7.0,6.21,-4.499513267805774,-5.362311101832846
2026-03-17 03:00:00,11.566666666666666,30,30,False,24.0,94.16,11.0,6.21,-8.426488874308758,-7.070663706551933
2026-03-17 04:00:00,13.827586206896552,29,30,False,24.0,94.16,8.0,6.21,-5.142300877492314,-6.128355544951824
2026-03-17 05:00:00,16.25,28,30,False,23.0,94.11,11.0,6.21,-7.070663706551931,-8.426488874308758
2026-03-17 06:00:00,13.793103448275863,29,30,False,23.0,94.11,8.0,6.21,-5.142300877492314,-6.128355544951824
2026-03-17 07:00:00,14.178571428571429,28,30,False,23.0,94.11,5.0,6.21,-1.7101007166283435,-4.698463103929543
2026-03-17 08:00:00,14.11111111111111,27,30,False,24.0,94.16,12.0,6.21,-4.104241719908025,-11.276311449430901
2026-03-17 09:00:00,12.785714285714286,28,30,False,27.0,78.81,9.0,6.21,-3.0781812899310186,-8.457233587073176
2026-03-17 10:00:00,11.344827586206897,29,30,False,28.0,78.96,14.0,6.21,3.429011037612589e-15,-14.0
2026-03-17 11:00:00,9.413793103448276,29,30,False,30.0,62.34,7.0,6.21,-1.2155372436685123,-6.893654271085456
2026-03-17 12:00:00,11.172413793103448,29,30,False,29.67,61.35,11.67,4.76,4.616016014909808,-10.718269270273824
2026-03-17 13:00:00,15.0,30,30,False,25.0,94.2,10.0,3.88,1.7364817766693048,9.84807753012208
2026-03-17 14:00:00,13.535714285714286,28,30,False,25.0,88.7,8.0,5.59,1.3891854213354438,7.878462024097664
2026-03-17 15:00:00,11.0,29,30,False,25.0,88.7,7.0,6.21,6.5778483455013586,2.39414100327968
2026-03-17 16:00:00,11.071428571428571,28,30,False,22.5,91.34,26.0,2.36,18.384776310850235,18.38477631085024
2026-03-17 17:00:00,3.2666666666666666,30,30,False,19.0,100.0,18.0,1.55,-2.204364238465236e-15,18.0
2026-03-17 18:00:00,4.571428571428571,28,30,False,19.0,100.0,20.0,4.35,-2.4492935982947065e-15,20.0
2026-03-17 19:00:00,9.75,28,30,False,19.5,96.99,18.0,5.28,-11.570176974357711,13.788799976141602
2026-03-17 20:00:00,9.384615384615385,26,30,False,20.0,93.98,13.0,6.21,-12.21600407021681,4.446261863233693
2026-03-17 21:00:00,3.0,28,30,False,20.0,93.98,18.0,6.21,-17.726539554219745,3.1256671980047455
2026-03-17 22:00:00,3.25,28,30,False,20.0,93.98,8.0,6.21,-7.878462024097664,1.3891854213354424
2026-03-17 23:00:00,3.0,28,30,False,20.0,100.0,4.0,6.21,-3.8637033051562732,-1.035276180410083
2026-03-18 00:00:00,3.0,27,30,False,20.0,100.0,11.0,6.21,-5.499999999999999,9.526279441628827
2026-03-18 01:00:00,3.0,29,30,False,21.0,100.0,9.0,6.21,-3.07818128993102,8.457233587073175
2026-03-18 02:00:00,3.344827586206897,29,30,False,21.0,100.0,9.0,6.21,-1.102182119232618e-15,9.0
2026-03-18 03:00:00,3.0,30,30,False,21.0,100.0,14.0,6.21,2.4310744873370265,13.787308542170912
2026-03-18 04:00:00,3.0,30,30,False,21.0,88.36,14.0,6.21,-1.7145055188062944e-15,14.0
2026-03-18 05:00:00,3.0,29,30,False,21.0,83.0,14.0,6.21,-1.7145055188062944e-15,14.0
2026-03-18 06:00:00,3.0,29,30,False,21.0,77.93,12.0,6.21,-2.083778132003163,11.817693036146496
2026-03-18 07:00:00,3.0,28,30,False,21.0,83.0,11.0,6.21,-3.7622215765823577,10.336618828644992
2026-03-18 08:00:00,3.2962962962962963,27,30,False,21.0,83.0,13.0,6.21,-2.2574263096700937,12.802500789158705
2026-03-18 09:00:00,3.72,25,30,False,21.0,83.0,11.0,6.21,-3.7622215765823577,10.336618828644992
2026-03-18 10:00:00,7.266666666666667,30,30,False,22.0,78.08,11.0,6.21,-3.7622215765823577,10.336618828644992
2026-03-18 11:00:00,6.592592592592593,27,30,False,23.0,73.48,12.0,6.21,-4.1042417199080266,11.2763114494309
2026-03-18 12:00:00,3.0,29,30,False,24.0,69.19,15.0,6.21,-7.499999999999999,12.99038105676658
2026-03-18 13:00:00,3.0,28,30,False,23.0,73.48,14.0,6.21,-6.999999999999999,12.124355652982143
2026-03-18 14:00:00,3.8214285714285716,28,30,False,23.0,68.99,13.0,6.21,-8.356238925925012,9.958577760546714
2026-03-18 15:00:00,3.0,30,30,False,23.0,64.74,12.0,6.21,-5.999999999999999,10.392304845413264
2026-03-18 16:00:00,3.0,28,30,False,23.0,60.72,11.0,6.21,-5.499999999999999,9.526279441628827
2026-03-18 17:00:00,3.0,28,30,False,22.0,60.48,12.0,6.21,-5.999999999999999,10.392304845413264
2026-03-18 18:00:00,3.0,28,30,False,21.0,60.24,11.0,6.21,-5.499999999999999,9.526279441628827
2026-03-18 19:00:00,3.107142857142857,28,30,False,20.0,60.0,8.0,6.21,-5.142300877492316,6.128355544951823
2026-03-18 20:00:00,3.0,28,30,False,19.0,59.76,7.0,6.21,-4.499513267805776,5.362311101832845
2026-03-18 21:00:00,3.2222222222222223,27,30,False,19.0,55.91,7.0,6.21,-3.4999999999999996,6.062177826491071
2026-03-18 22:00:00,5.785714285714286,28,30,False,19.0,63.85,7.0,6.21,-5.362311101832846,4.499513267805775
2026-03-18 23:00:00,3.75,28,30,False,18.0,67.97,7.0,6.21,-5.362311101832846,4.499513267805775
2026-03-19 00:00:00,3.0,28,30,False,18.0,72.58,5.0,6.21,-3.83022221559489,3.2139380484326967
2026-03-19 01:00:00,6.464285714285714,28,30,False,18.0,88.1,5.0,6.21,-3.83022221559489,3.2139380484326967
2026-03-19 02:00:00,8.5,28,30,False,18.0,93.89,4.0,6.21,-3.464101615137755,1.9999999999999991
2026-03-19 03:00:00,8.2,30,30,False,16.0,96.95,1.5,4.66,-1.2287280664334876,-0.8603646545265691
2026-03-19 04:00:00,7.75,28,30,False,15.0,100.0,0.0,6.21,0.0,0.0
2026-03-19 05:00:00,32.689655172413794,29,30,False,13.0,100.0,2.0,6.21,1.7320508075688772,-1.0000000000000002
2026-03-19 06:00:00,39.55172413793103,29,30,False,13.5,100.0,1.5,4.66,-0.5130302149885033,1.4095389311788624
2026-03-19 07:00:00,30.59259259259259,27,30,False,13.0,100.0,0.0,2.49,0.0,0.0
2026-03-19 08:00:00,12.678571428571429,28,30,False,20.0,88.28,0.0,4.97,0.0,0.0
2026-03-19 09:00:00,5.043478260869565,23,30,False,21.0,83.0,7.0,6.21,-6.062177826491071,3.4999999999999982
2026-03-19 10:00:00,4.413793103448276,29,30,False,22.0,78.08,10.0,6.21,-9.396926207859085,3.420201433256687
2026-03-19 11:00:00,3.2142857142857144,28,30,False,23.0,73.48,10.0,6.21,-9.396926207859085,3.420201433256687
2026-03-19 12:00:00,3.0,28,30,False,23.0,73.48,10.0,6.21,-7.66044443118978,6.427876096865393
2026-03-19 13:00:00,3.0,28,30,False,24.0,69.19,10.0,6.21,-8.660254037844387,4.999999999999998
2026-03-19 14:00:00,3.0,28,30,False,24.0,69.19,10.0,6.21,-8.660254037844387,4.999999999999998
2026-03-19 15:00:00,3.0,29,30,False,24.0,69.19,12.0,6.21,-10.392304845413264,5.999999999999997
2026-03-19 16:00:00,3.0,29,30,False,24.0,64.96,13.0,6.21,-11.258330249197703,6.499999999999997
2026-03-19 17:00:00,3.0,27,30,False,23.0,73.48,13.0,6.21,-12.21600407021681,4.446261863233693
2026-03-19 18:00:00,3.0,28,30,False,22.0,78.08,12.0,6.21,-10.392304845413264,5.999999999999997
2026-03-19 19:00:00,3.0,29,30,False,21.0,88.36,13.0,6.21,-11.258330249197703,6.499999999999997
2026-03-19 20:00:00,4.62962962962963,27,30,False,21.0,94.02,12.0,6.21,-10.392304845413264,5.999999999999997
2026-03-19 21:00:00,4.115384615384615,26,30,False,21.0,94.02,14.0,6.21,-13.787308542170912,2.4310744873370242
2026-03-19 22:00:00,3.0,28,30,False,21.0,94.02,11.0,6.21,-10.832885283134289,1.9101299543362333
2026-03-19 23:00:00,3.1379310344827585,29,30,False,20.0,100.0,9.0,6.21,-8.863269777109872,1.5628335990023727
2026-03-20 00:00:00,3.0,28,30,False,20.0,100.0,10.0,6.21,-10.0,-6.123233995736766e-16
2026-03-20 01:00:00,3.0,28,30,False,20.0,100.0,8.0,6.21,-7.878462024097664,-1.3891854213354433
2026-03-20 02:00:00,3.0,29,30,False,19.0,100.0,4.0,6.21,-3.4641016151377544,-2.0000000000000004
2026-03-20 03:00:00,3.0,30,30,False,19.0,100.0,3.0,6.21,-2.954423259036624,-0.5209445330007912
2026-03-20 04:00:00,3.0,28,30,False,19.0,100.0,6.0,6.21,-5.908846518073248,-1.0418890660015825
2026-03-20 05:00:00,3.4642857142857144,28,30,False,19.0,100.0,2.0,6.21,-1.2855752193730785,-1.532088886237956
2026-03-20 06:00:00,4.857142857142857,28,30,False,19.0,100.0,4.0,6.21,-3.939231012048832,-0.6945927106677217
2026-03-20 07:00:00,5.103448275862069,29,30,False,19.0,100.0,6.0,6.21,-5.196152422706632,-3.000000000000001
2026-03-20 08:00:00,3.0,29,30,False,21.0,100.0,6.0,6.21,-6.0,-3.6739403974420594e-16
2026-03-20 09:00:00,5.653846153846154,26,30,False,23.0,88.53,7.0,6.21,-6.5778483455013586,-2.3941410032796817
2026-03-20 10:00:00,5.714285714285714,28,30,False,24.0,83.36,8.0,6.21,-6.128355544951824,-5.142300877492315
2026-03-20 11:00:00,3.75,28,30,False,26.0,69.58,10.0,6.21,-6.4278760968653925,-7.66044443118978
2026-03-20 12:00:00,5.444444444444445,27,30,False,27.0,61.65,10.0,6.21,-7.66044443118978,-6.427876096865393
2026-03-20 13:00:00,3.0,28,30,False,28.0,65.82,8.0,6.21,-6.928203230275509,-4.000000000000001
2026-03-20 14:00:00,3.0,28,30,False,27.0,69.77,6.0,6.21,-6.0,-3.6739403974420594e-16
2026-03-20 15:00:00,3.0,28,30,False,26.0,74.0,11.0,6.21,-8.426488874308758,7.070663706551933
2026-03-20 16:00:00,3.0,29,30,False,27.0,69.77,9.0,6.21,-6.894399988070802,5.785088487178855
2026-03-20 17:00:00,3.0,28,30,False,27.0,69.77,6.0,6.21,-4.596266658713868,3.8567256581192364
2026-03-20 18:00:00,3.4642857142857144,28,30,False,25.0,83.47,7.0,6.21,-5.362311101832846,-4.499513267805775
2026-03-20 19:00:00,6.892857142857143,28,30,False,25.0,78.52,0.0,6.21,0.0,0.0
2026-03-20 20:00:00,9.464285714285714,28,30,False,26.0,65.39,5.0,6.21,-4.330127018922193,-2.5000000000000004
2026-03-20 21:00:00,8.692307692307692,26,30,False,25.0,73.83,10.0,6.21,-9.396926207859083,-3.4202014332566884
2026-03-20 22:00:00,4.5,28,30,False,25.0,78.52,12.0,6.21,-11.2763114494309,-4.104241719908026
2026-03-20 23:00:00,7.035714285714286,28,30,False,24.0,83.36,11.0,6.21,-10.336618828644992,-3.7622215765823572
2026-03-21 00:00:00,5.035714285714286,28,30,False,23.0,88.53,8.0,6.21,-6.928203230275509,-4.000000000000001
2026-03-21 01:00:00,4.464285714285714,28,30,False,23.0,88.53,8.0,6.21,-7.5175409662872665,-2.7361611466053506
2026-03-21 02:00:00,4.724137931034483,29,30,False,23.0,88.53,7.0,6.21,-7.0,-4.286263797015736e-16
2026-03-21 03:00:00,5.7,30,30,False,23.0,88.53,6.0,6.21,-5.63815572471545,-2.052120859954013
2026-03-21 04:00:00,4.5,28,30,False,23.0,88.53,9.0,6.21,-8.863269777109872,-1.5628335990023738
2026-03-21 05:00:00,5.892857142857143,28,30,False,23.0,88.53,6.0,6.21,-5.908846518073248,-1.0418890660015825
2026-03-21 06:00:00,7.137931034482759,29,30,False,22.0,94.07,6.0,6.21,-5.63815572471545,-2.052120859954013
2026-03-21 07:00:00,5.0,28,30,False,22.0,94.07,8.0,6.21,-7.878462024097664,1.3891854213354424
2026-03-21 08:00:00,3.0,29,30,False,21.0,100.0,9.0,4.04,-8.15677008332985,-3.803564355666295
2026-03-21 09:00:00,3.0,27,30,False,21.0,100.0,7.0,3.73,-6.893654271085456,-1.2155372436685128
2026-03-21 10:00:00,4.172413793103448,29,30,False,21.0,100.0,7.0,2.4,-7.0,-4.286263797015736e-16
2026-03-21 11:00:00,7.321428571428571,28,30,False,21.0,100.0,10.0,1.68,-9.84807753012208,1.736481776669303
2026-03-21 12:00:00,3.0,29,30,False,21.0,100.0,11.0,2.18,-8.426488874308758,-7.070663706551933
2026-03-21 13:00:00,3.0,28,30,False,21.5,100.0,15.0,3.58,-5.130302149885031,-14.095389311788626
2026-03-21 14:00:00,3.3793103448275863,29,30,False,22.0,100.0,18.0,6.21,-3.125667198004746,-17.726539554219745
2026-03-21 15:00:00,4.107142857142857,28,30,False,23.0,100.0,16.0,6.21,10.284601754984633,-12.256711089903645
2026-03-21 16:00:00,8.107142857142858,28,30,False,23.0,88.53,16.5,6.21,15.504928242967488,-5.6433323648735385
2026-03-21 17:00:00,8.25,28,30,False,22.5,83.18,20.0,6.21,20.0,3.673940397442059e-15
2026-03-21 18:00:00,4.821428571428571,28,30,False,20.0,88.28,20.0,6.21,20.0,3.673940397442059e-15
2026-03-21 19:00:00,7.642857142857143,28,30,False,19.0,88.19,16.0,6.21,16.0,2.9391523179536475e-15
2026-03-21 20:00:00,6.518518518518518,27,30,False,19.0,82.76,15.0,6.21,14.095389311788626,5.130302149885028
2026-03-21 21:00:00,3.0,27,30,False,18.0,77.46,15.0,6.21,14.095389311788626,5.130302149885028
2026-03-21 22:00:00,3.0,28,30,False,17.0,77.31,12.0,6.21,11.276311449430901,4.104241719908023
2026-03-21 23:00:00,3.0,29,30,False,17.0,77.31,11.0,6.21,11.0,2.0206672185931327e-15
2026-03-22 00:00:00,3.0,26,30,False,16.0,87.93,9.0,6.21,9.0,1.6532731788489267e-15
2026-03-22 01:00:00,3.0,29,30,False,16.0,87.93,8.0,6.21,8.0,1.4695761589768238e-15
2026-03-22 02:00:00,3.0,28,30,False,15.0,87.84,5.0,6.21,4.924038765061041,-0.8682408883346499
2026-03-22 03:00:00,3.0,30,30,False,16.0,82.38,6.0,6.21,5.908846518073248,1.041889066001582
2026-03-22 04:00:00,3.0,28,30,False,15.0,87.84,4.0,6.21,4.0,7.347880794884119e-16
2026-03-22 05:00:00,3.0,29,30,False,13.0,93.65,3.0,6.21,2.598076211353316,-1.5000000000000004
2026-03-22 06:00:00,3.0,28,30,False,13.0,93.65,4.0,6.21,1.3680805733026744,-3.7587704831436337
2026-03-22 07:00:00,4.137931034482759,29,30,False,12.0,100.0,3.0,6.21,0.5209445330007911,-2.954423259036624
2026-03-22 08:00:00,8.807692307692308,26,30,False,13.0,100.0,2.0,6.21,1.0000000000000009,-1.7320508075688767
2026-03-22 09:00:00,3.0,27,30,False,17.0,88.01,0.0,6.21,0.0,0.0
2026-03-22 10:00:00,3.0,29,30,False,21.0,56.42,4.0,6.21,2.571150438746157,3.0641777724759125
2026-03-22 11:00:00,3.0,29,30,False,22.0,53.07,6.0,6.21,1.0418890660015827,5.908846518073248
2026-03-22 12:00:00,3.0,28,30,False,22.0,49.67,6.0,6.21,2.052120859954012,5.638155724715451
2026-03-22 13:00:00,3.0,28,30,False,22.0,56.67,7.0,6.21,3.500000000000001,6.06217782649107
2026-03-22 14:00:00,3.0,28,30,False,23.0,53.33,6.0,6.21,-2.0521208599540133,5.63815572471545
2026-03-22 15:00:00,3.0,29,30,False,23.0,49.95,7.0,6.21,-4.499513267805776,5.362311101832845
2026-03-22 16:00:00,3.0,28,30,False,23.0,49.95,9.0,6.21,-8.457233587073176,3.0781812899310186
2026-03-22 17:00:00,3.0,28,30,False,22.0,56.67,9.0,6.21,-6.894399988070802,5.785088487178855
2026-03-22 18:00:00,3.0,29,30,False,21.0,56.42,8.0,6.21,-6.92820323027551,3.9999999999999982
2026-03-22 19:00:00,3.0,28,30,False,20.0,56.16,7.0,6.21,-5.362311101832846,4.499513267805775
2026-03-22 20:00:00,3.0,27,30,False,19.0,63.85,8.0,6.21,-6.92820323027551,3.9999999999999982
2026-03-22 21:00:00,3.3214285714285716,28,30,False,19.0,68.18,10.0,6.21,-9.396926207859085,3.420201433256687
2026-03-22 22:00:00,5.25,28,30,False,19.0,68.18,11.0,6.21,-10.832885283134289,1.9101299543362333
2026-03-22 23:00:00,6.310344827586207,29,30,False,19.0,72.76,9.0,6.21,-9.0,-5.51091059616309e-16
2026-03-23 00:00:00,5.892857142857143,28,30,False,18.0,77.46,6.0,6.21,-5.908846518073248,-1.0418890660015825
2026-03-23 01:00:00,3.892857142857143,28,30,False,18.0,77.46,6.0,6.21,-5.908846518073248,-1.0418890660015825
2026-03-23 02:00:00,7.392857142857143,28,30,False,17.0,82.51,4.0,6.21,-3.939231012048832,-0.6945927106677217
2026-03-23 03:00:00,6.766666666666667,30,30,False,17.0,88.01,3.0,6.21,-2.954423259036624,-0.5209445330007912
2026-03-23 04:00:00,6.275862068965517,29,30,False,17.0,88.01,2.0,6.21,-2.0,-1.2246467991473532e-16
2026-03-23 05:00:00,5.178571428571429,28,30,False,18.0,88.1,0.0,6.21,0.0,0.0
2026-03-23 06:00:00,5.925925925925926,27,30,False,19.0,82.76,1.0,6.21,-0.6427876096865395,0.7660444431189779
2026-03-23 07:00:00,7.392857142857143,28,30,False,19.0,88.19,0.0,6.21,0.0,0.0
2026-03-23 08:00:00,7.62962962962963,27,30,False,20.0,82.88,0.0,6.21,0.0,0.0
2026-03-23 09:00:00,7.64,25,30,False,20.0,88.28,4.0,6.21,-2.571150438746158,3.0641777724759116
2026-03-23 10:00:00,9.344827586206897,29,30,False,20.0,93.98,0.0,6.21,0.0,0.0
2026-03-23 11:00:00,13.413793103448276,29,30,False,20.0,93.98,7.0,6.21,-6.06217782649107,-3.500000000000001
2026-03-23 12:00:00,12.793103448275863,29,30,False,19.0,93.93,0.0,6.21,0.0,0.0
2026-03-23 13:00:00,9.758620689655173,29,30,False,19.0,93.93,0.0,6.21,0.0,0.0
2026-03-23 14:00:00,8.333333333333334,27,30,False,20.0,93.98,7.0,6.21,6.06217782649107,-3.500000000000001
2026-03-23 15:00:00,10.068965517241379,29,30,False,20.0,88.28,4.0,6.21,3.4641016151377544,-2.0000000000000004
2026-03-23 16:00:00,9.25,28,30,False,20.0,88.28,4.0,6.21,3.4641016151377544,-2.0000000000000004
2026-03-23 17:00:00,6.862068965517241,29,30,False,21.0,83.0,5.0,6.21,4.698463103929542,-1.7101007166283448
2026-03-23 18:00:00,7.0,29,30,False,21.0,83.0,7.0,6.21,6.893654271085457,-1.2155372436685097
2026-03-23 19:00:00,9.555555555555555,27,30,False,18.0,93.89,3.0,6.21,2.2981333293569346,-1.9283628290596178
2026-03-23 20:00:00,5.551724137931035,29,30,False,17.0,100.0,4.0,6.21,3.0641777724759125,-2.571150438746157
2026-03-23 21:00:00,3.0,26,30,False,19.0,77.62,8.0,6.21,6.928203230275508,4.0000000000000036
2026-03-23 22:00:00,3.0,29,30,False,20.0,42.87,9.0,6.21,8.457233587073176,3.078181289931017
2026-03-23 23:00:00,3.0,28,30,False,19.0,37.04,12.0,6.21,11.276311449430901,4.104241719908023
2026-03-24 00:00:00,3.0,28,30,False,18.0,42.3,13.0,6.21,11.2583302491977,6.500000000000005
2026-03-24 01:00:00,3.0,28,30,False,18.0,45.34,11.0,6.21,10.336618828644992,3.762221576582354
2026-03-24 02:00:00,3.0,29,30,False,18.0,48.57,9.0,6.21,6.894399988070801,5.7850884871788555
2026-03-24 03:00:00,3.0,30,30,False,17.0,55.39,8.0,6.21,6.128355544951823,5.142300877492316
2026-03-24 04:00:00,3.0,29,30,False,16.0,63.16,9.0,6.21,6.894399988070801,5.7850884871788555
2026-03-24 05:00:00,3.0,28,30,False,15.0,67.34,6.0,6.21,5.638155724715451,2.0521208599540115
2026-03-24 06:00:00,3.689655172413793,29,30,False,16.0,59.02,6.0,6.21,5.196152422706631,3.0000000000000027
2026-03-24 07:00:00,3.392857142857143,28,30,False,12.0,81.87,3.0,6.21,2.598076211353316,-1.5000000000000004
2026-03-24 08:00:00,4.0,28,30,False,15.0,76.99,0.0,6.21,0.0,0.0
2026-03-24 09:00:00,3.111111111111111,27,30,False,19.0,52.27,12.0,6.21,10.392304845413262,6.000000000000005
2026-03-24 10:00:00,3.0,5,30,False,19.0,55.91,9.0,6.21,7.794228634059946,4.5000000000000036
2026-03-24 11:00:00,,0,30,True,20.0,49.12,10.0,6.21,6.4278760968653925,7.660444431189781
2026-03-24 12:00:00,,0,30,True,21.0,40.31,6.0,6.21,4.596266658713867,3.856725658119237
2026-03-24 13:00:00,,0,30,True,21.0,40.31,8.0,6.21,6.928203230275508,4.0000000000000036
2026-03-24 14:00:00,,0,30,True,22.0,37.92,4.0,6.21,3.0641777724759116,2.571150438746158
2026-03-24 15:00:00,,0,30,True,22.0,40.6,10.0,6.21,1.7364817766693048,9.84807753012208
2026-03-24 16:00:00,,0,30,True,22.0,40.6,6.0,6.21,-7.347880794884119e-16,6.0
2026-03-24 17:00:00,,0,30,True,22.0,40.6,6.0,6.21,-2.9999999999999996,5.196152422706632
2026-03-24 18:00:00,,0,30,True,21.0,43.16,0.0,6.21,0.0,0.0
2026-03-24 19:00:00,,0,30,True,19.0,52.27,3.0,6.21,-3.0,-1.8369701987210297e-16
2026-03-24 20:00:00,7.25,8,30,False,18.0,59.52,0.0,6.21,0.0,0.0
2026-03-24 21:00:00,11.214285714285714,28,30,False,17.0,67.76,0.0,6.21,0.0,0.0
2026-03-24 22:00:00,13.428571428571429,28,30,False,14.0,82.13,0.0,6.21,0.0,0.0
2026-03-24 23:00:00,17.428571428571427,28,30,False,16.0,72.21,0.0,6.21,0.0,0.0
2026-03-25 00:00:00,13.655172413793103,29,30,False,15.0,76.99,0.0,6.21,0.0,0.0
2026-03-25 01:00:00,9.678571428571429,28,30,False,15.0,76.99,0.0,6.21,0.0,0.0
2026-03-25 02:00:00,18.714285714285715,28,30,False,13.0,87.65,0.0,6.21,0.0,0.0
2026-03-25 03:00:00,21.4,30,30,False,13.0,87.65,0.0,6.21,0.0,0.0
2026-03-25 04:00:00,10.714285714285714,28,30,False,12.0,93.6,0.0,6.21,0.0,0.0
2026-03-25 05:00:00,7.642857142857143,28,30,False,11.0,100.0,0.0,6.21,0.0,0.0
2026-03-25 06:00:00,10.344827586206897,29,30,False,11.0,100.0,0.0,6.21,0.0,0.0
2026-03-25 07:00:00,13.206896551724137,29,30,False,10.0,100.0,0.0,6.21,0.0,0.0
2026-03-25 08:00:00,12.518518518518519,27,30,False,13.0,100.0,5.0,6.21,1.2246467991473533e-15,-5.0
2026-03-25 09:00:00,11.909090909090908,22,30,False,16.0,87.93,6.0,6.21,3.0000000000000027,-5.19615242270663
2026-03-25 10:00:00,7.586206896551724,29,30,False,20.0,64.07,6.0,6.21,3.0000000000000027,-5.19615242270663
2026-03-25 11:00:00,3.3666666666666667,30,30,False,22.0,46.47,3.0,6.21,2.598076211353316,-1.5000000000000004
2026-03-25 12:00:00,3.0,29,30,False,24.0,38.5,10.0,6.21,-1.2246467991473533e-15,10.0
2026-03-25 13:00:00,3.0,29,30,False,24.0,44.02,7.0,6.21,-8.572527594031472e-16,7.0
2026-03-25 14:00:00,3.0,28,30,False,24.0,41.18,10.0,6.21,3.4202014332566866,9.396926207859085
2026-03-25 15:00:00,3.0,29,30,False,24.0,41.18,6.0,6.21,-2.0521208599540133,5.63815572471545
2026-03-25 16:00:00,3.0,28,30,False,24.0,44.02,8.0,6.21,-2.736161146605351,7.5175409662872665
2026-03-25 17:00:00,3.0,28,30,False,23.0,43.73,5.0,6.21,0.8682408883346524,4.92403876506104
2026-03-25 18:00:00,3.0,29,30,False,22.0,53.07,7.0,6.21,1.2155372436685132,6.893654271085456
2026-03-25 19:00:00,3.0,28,30,False,20.0,64.07,0.0,6.21,0.0,0.0
2026-03-25 20:00:00,7.428571428571429,28,30,False,20.0,64.07,0.0,6.21,0.0,0.0
2026-03-25 21:00:00,7.3076923076923075,26,30,False,19.0,72.76,0.0,6.21,0.0,0.0
2026-03-25 22:00:00,11.892857142857142,28,30,False,18.0,77.46,3.0,6.21,-2.8190778623577253,1.0260604299770062
2026-03-25 23:00:00,16.535714285714285,28,30,False,16.0,87.93,3.0,6.21,-1.4999999999999998,-2.598076211353316
2026-03-26 00:00:00,19.071428571428573,28,30,False,15.0,100.0,0.0,6.21,0.0,0.0
2026-03-26 01:00:00,23.14814814814815,27,30,False,16.0,93.79,3.0,6.21,-0.520944533000791,-2.954423259036624
2026-03-26 02:00:00,30.964285714285715,28,30,False,14.0,100.0,0.0,4.35,0.0,0.0
2026-03-26 03:00:00,12.866666666666667,30,30,False,14.0,100.0,0.0,4.97,0.0,0.0
2026-03-26 04:00:00,8.137931034482758,29,30,False,14.0,93.7,0.0,5.59,0.0,0.0
2026-03-26 05:00:00,11.310344827586206,29,30,False,13.0,100.0,0.0,5.59,0.0,0.0
2026-03-26 06:00:00,14.571428571428571,28,30,False,14.0,100.0,0.0,4.97,0.0,0.0
2026-03-26 07:00:00,18.551724137931036,29,30,False,14.0,100.0,0.0,6.21,0.0,0.0
2026-03-26 08:00:00,20.275862068965516,29,30,False,16.0,96.92,0.0,6.21,0.0,0.0
2026-03-26 09:00:00,12.88,25,30,False,18.0,82.63,3.0,6.21,-1.4999999999999998,-2.598076211353316
2026-03-26 10:00:00,8.62962962962963,27,30,False,20.0,77.77,4.0,6.21,-2.571150438746157,-3.064177772475912
2026-03-26 11:00:00,17.79310344827586,29,30,False,22.0,64.52,2.0,6.21,-0.6840402866513374,-1.8793852415718169
2026-03-26 12:00:00,14.724137931034482,29,30,False,24.0,50.22,5.0,6.21,-4.330127018922193,-2.5000000000000004
2026-03-26 13:00:00,5.285714285714286,28,30,False,25.0,57.42,8.0,6.21,-6.128355544951824,5.142300877492315
2026-03-26 14:00:00,3.0,28,30,False,25.0,53.86,10.0,6.21,-7.66044443118978,6.427876096865393
2026-03-26 15:00:00,3.0,29,30,False,24.0,60.96,12.0,6.21,-9.192533317427737,7.713451316238473
2026-03-26 16:00:00,3.0,28,30,False,24.0,64.96,13.0,6.21,-9.958577760546714,8.356238925925012
2026-03-26 17:00:00,3.0,28,30,False,23.0,68.99,12.0,6.21,-10.392304845413264,5.999999999999997
2026-03-26 18:00:00,3.0,30,30,False,22.0,78.08,12.0,6.21,-10.392304845413264,5.999999999999997
2026-03-26 19:00:00,3.444444444444444,27,30,False,21.0,88.36,10.0,6.21,-8.660254037844387,4.999999999999998
2026-03-26 20:00:00,3.6785714285714284,28,30,False,21.0,94.02,10.0,6.21,-8.660254037844387,4.999999999999998
2026-03-26 21:00:00,4.3076923076923075,26,30,False,21.0,88.36,8.0,6.21,-7.878462024097664,1.3891854213354424
2026-03-26 22:00:00,11.241379310344827,29,30,False,21.0,88.36,7.0,6.21,-7.0,-4.286263797015736e-16
2026-03-26 23:00:00,5.107142857142857,28,30,False,20.0,88.28,8.0,6.21,-7.5175409662872665,-2.7361611466053506
2026-03-27 00:00:00,10.035714285714286,28,30,False,20.0,88.28,7.0,6.21,-6.06217782649107,-3.500000000000001
2026-03-27 01:00:00,8.285714285714286,28,30,False,20.0,93.98,6.0,6.21,-4.596266658713868,-3.8567256581192364
2026-03-27 02:00:00,10.793103448275863,29,30,False,19.0,100.0,0.0,6.21,0.0,0.0
2026-03-27 03:00:00,9.766666666666667,30,30,False,19.0,93.93,1.0,6.21,-0.6427876096865393,-0.766044443118978
2026-03-27 04:00:00,7.321428571428571,28,30,False,18.0,100.0,2.0,6.21,-1.7320508075688772,-1.0000000000000002
2026-03-27 05:00:00,6.035714285714286,28,30,False,18.0,100.0,4.0,6.21,-3.939231012048832,-0.6945927106677217
2026-03-27 06:00:00,3.0,28,30,False,18.0,100.0,0.0,6.21,0.0,0.0
2026-03-27 07:00:00,4.724137931034483,29,30,False,19.0,93.93,0.0,6.21,0.0,0.0
2026-03-27 08:00:00,10.785714285714286,28,30,False,20.0,93.98,4.0,6.21,-4.0,-2.4492935982947064e-16
2026-03-27 09:00:00,5.52,25,30,False,22.0,88.45,0.0,6.21,0.0,0.0
2026-03-27 10:00:00,7.857142857142857,28,30,False,23.0,83.24,6.0,6.21,-5.63815572471545,-2.052120859954013
2026-03-27 11:00:00,47.714285714285715,28,30,False,24.0,78.38,0.0,6.21,0.0,0.0
2026-03-27 12:00:00,27.17241379310345,29,30,False,25.0,78.52,7.0,6.21,-3.4999999999999996,6.062177826491071
2026-03-27 13:00:00,3.9285714285714284,28,30,False,24.0,83.36,7.0,6.21,-6.062177826491071,3.4999999999999982
2026-03-27 14:00:00,4.0344827586206895,29,30,False,24.0,83.36,8.0,6.21,-6.128355544951824,5.142300877492315
2026-03-27 15:00:00,3.8214285714285716,28,30,False,25.0,83.47,8.0,6.21,-6.128355544951824,5.142300877492315
2026-03-27 16:00:00,3.0,28,30,False,24.0,88.61,11.0,6.21,-8.426488874308758,7.070663706551933
2026-03-27 17:00:00,3.107142857142857,28,30,False,24.0,88.61,8.0,6.21,-6.92820323027551,3.9999999999999982
2026-03-27 18:00:00,3.9285714285714284,28,30,False,23.0,91.32,6.5,6.21,-5.324488287878446,3.7282468362818
2026-03-27 19:00:00,3.0,28,30,False,22.0,94.07,8.0,6.21,-6.92820323027551,3.9999999999999982
2026-03-27 20:00:00,3.3793103448275863,29,30,False,22.0,100.0,9.0,6.21,-8.457233587073176,3.0781812899310186
2026-03-27 21:00:00,4.115384615384615,26,30,False,22.0,100.0,9.0,6.21,-8.457233587073176,3.0781812899310186
2026-03-27 22:00:00,3.0,28,30,False,22.0,100.0,5.33,3.94,-4.895319212558655,2.108257528660603
2026-03-27 23:00:00,3.0,28,30,False,22.0,100.0,8.5,5.28,-7.987387276680222,2.907171218268184
2026-03-28 00:00:00,3.7241379310344827,29,30,False,22.0,100.0,7.0,6.21,-6.5778483455013586,2.394141003279681
2026-03-28 01:00:00,4.071428571428571,28,30,False,22.0,100.0,3.0,6.21,-2.598076211353316,-1.5000000000000004
2026-03-28 02:00:00,3.0,28,30,False,22.0,100.0,4.0,6.21,-3.939231012048832,0.6945927106677212
2026-03-28 03:00:00,4.2,30,30,False,22.0,100.0,4.0,5.59,-3.939231012048832,-0.6945927106677217
2026-03-28 04:00:00,9.142857142857142,28,30,False,22.0,100.0,5.0,4.97,-3.83022221559489,-3.2139380484326967
2026-03-28 05:00:00,4.285714285714286,28,30,False,22.0,100.0,0.0,3.73,0.0,0.0
2026-03-28 06:00:00,6.655172413793103,29,30,False,22.0,100.0,2.5,4.04,-1.6069690242163481,-1.915111107797445
2026-03-28 07:00:00,4.033333333333333,30,30,False,22.0,100.0,0.0,2.49,0.0,0.0
2026-03-28 08:00:00,6.571428571428571,28,30,False,22.0,100.0,0.0,2.49,0.0,0.0
2026-03-28 09:00:00,13.26923076923077,26,30,False,23.0,100.0,0.0,4.97,0.0,0.0
2026-03-28 10:00:00,15.428571428571429,28,30,False,23.0,100.0,0.0,5.59,0.0,0.0
2026-03-28 11:00:00,15.89655172413793,29,30,False,24.0,100.0,4.0,6.21,-3.464101615137755,1.9999999999999991
2026-03-28 12:00:00,17.466666666666665,30,30,False,24.0,100.0,0.0,6.21,0.0,0.0
2026-03-28 13:00:00,13.10344827586207,29,30,False,26.0,94.24,3.0,6.21,-2.298133329356934,-1.9283628290596182
2026-03-28 14:00:00,6.035714285714286,28,30,False,27.0,83.7,6.0,6.21,-4.596266658713868,-3.8567256581192364
2026-03-28 15:00:00,9.75,28,30,False,25.0,94.2,6.0,6.21,-5.196152422706632,2.9999999999999987
2026-03-28 16:00:00,9.642857142857142,28,30,False,25.0,94.2,6.0,6.21,-4.596266658713868,3.8567256581192364
2026-03-28 17:00:00,6.482758620689655,29,30,False,24.0,94.16,6.0,6.21,-5.908846518073248,1.0418890660015818
2026-03-28 18:00:00,5.571428571428571,28,30,False,23.0,100.0,5.0,6.21,-3.2139380484326976,3.8302222155948895
2026-03-28 19:00:00,8.413793103448276,29,30,False,23.0,100.0,8.0,6.21,-7.517540966287267,2.7361611466053497
2026-03-28 20:00:00,11.5,26,30,False,23.0,100.0,3.0,6.21,-3.0,-1.8369701987210297e-16
2026-03-28 21:00:00,15.714285714285714,28,30,False,23.0,100.0,5.0,6.21,-3.83022221559489,-3.2139380484326967
2026-03-28 22:00:00,18.571428571428573,28,30,False,23.0,100.0,5.0,6.21,-3.2139380484326963,-3.83022221559489
2026-03-28 23:00:00,20.724137931034484,29,30,False,23.0,100.0,7.0,6.21,-4.499513267805774,-5.362311101832846
2026-03-29 00:00:00,14.148148148148149,27,30,False,23.0,100.0,4.0,6.21,-2.571150438746157,-3.064177772475912
2026-03-29 01:00:00,4.107142857142857,28,30,False,23.0,100.0,4.0,6.21,-3.064177772475912,-2.5711504387461575
2026-03-29 02:00:00,10.758620689655173,29,30,False,23.0,100.0,2.0,6.21,-0.9999999999999999,-1.7320508075688774
2026-03-29 03:00:00,14.133333333333333,30,30,False,23.0,100.0,7.0,6.21,-3.4999999999999996,-6.062177826491071
2026-03-29 04:00:00,11.142857142857142,28,30,False,23.0,100.0,3.5,6.21,-3.4866814433211095,-0.3050450996168035
2026-03-29 05:00:00,6.793103448275862,29,30,False,23.0,100.0,2.0,6.21,-1.8793852415718169,0.6840402866513374
2026-03-29 06:00:00,9.357142857142858,28,30,False,22.5,100.0,7.5,6.21,-5.303300858899107,5.303300858899106
2026-03-29 07:00:00,3.392857142857143,28,30,False,22.0,100.0,9.0,6.21,-7.794228634059948,4.499999999999998
2026-03-29 08:00:00,3.925925925925926,27,30,False,22.0,100.0,11.33,2.59,-10.852128866597418,3.255794689897237
2026-03-29 09:00:00,3.103448275862069,29,30,False,21.33,100.0,14.67,0.6,-11.237871980555408,9.429694234101532
2026-03-29 10:00:00,3.0,29,30,False,20.5,100.0,16.0,0.81,-12.256711089903648,10.28460175498463
2026-03-29 11:00:00,3.0,28,30,False,21.0,100.0,14.0,1.24,-12.124355652982143,6.9999999999999964
2026-03-29 12:00:00,3.0,28,30,False,21.0,100.0,15.0,1.55,-12.99038105676658,7.4999999999999964
2026-03-29 13:00:00,3.0,28,30,False,21.0,100.0,11.5,2.95,-11.108147002324285,2.97641901867899
2026-03-29 14:00:00,3.0,28,30,False,21.0,100.0,9.33,0.95,-8.569104737931003,3.6904395389124622
2026-03-29 15:00:00,3.310344827586207,29,30,False,22.0,100.0,6.0,4.97,-4.596266658713868,-3.8567256581192364
2026-03-29 16:00:00,3.0,28,30,False,23.0,100.0,9.0,6.21,-7.794228634059947,-4.500000000000001
2026-03-29 17:00:00,3.107142857142857,28,30,False,23.0,100.0,8.0,6.21,-6.128355544951824,-5.142300877492315
2026-03-29 18:00:00,3.0,28,30,False,24.0,100.0,0.0,6.21,0.0,0.0
2026-03-29 19:00:00,3.0,30,30,False,23.0,100.0,0.0,6.21,0.0,0.0
2026-03-29 20:00:00,3.0,25,30,False,23.0,100.0,5.0,6.21,-2.4999999999999996,4.330127018922194
2026-03-29 21:00:00,3.892857142857143,28,30,False,22.0,100.0,5.0,6.21,-4.698463103929543,1.7101007166283435
2026-03-29 22:00:00,3.655172413793103,29,30,False,22.0,100.0,0.0,6.21,0.0,0.0
2026-03-29 23:00:00,3.655172413793103,29,30,False,23.0,100.0,7.0,6.21,-5.362311101832846,-4.499513267805775
2026-03-30 00:00:00,3.0,26,30,False,22.0,100.0,5.0,6.21,-4.330127018922194,2.499999999999999
2026-03-30 01:00:00,4.714285714285714,28,30,False,22.0,100.0,5.0,6.21,-4.698463103929543,1.7101007166283435
2026-03-30 02:00:00,5.172413793103448,29,30,False,22.0,100.0,0.0,6.21,0.0,0.0
2026-03-30 03:00:00,5.566666666666666,30,30,False,22.0,100.0,0.0,6.21,0.0,0.0
2026-03-30 04:00:00,6.0,27,30,False,22.0,100.0,0.0,4.97,0.0,0.0
2026-03-30 05:00:00,6.137931034482759,29,30,False,22.0,100.0,0.0,6.21,0.0,0.0
2026-03-30 06:00:00,3.0,28,30,False,22.0,100.0,5.0,6.21,-4.330127018922194,2.499999999999999
2026-03-30 07:00:00,7.928571428571429,28,30,False,22.0,100.0,5.0,6.21,-4.330127018922194,2.499999999999999
2026-03-30 08:00:00,9.192307692307692,26,30,False,23.0,100.0,5.0,6.21,-4.92403876506104,0.8682408883346515
2026-03-30 09:00:00,3.5,26,30,False,23.0,100.0,5.0,6.21,-4.698463103929543,1.7101007166283435
2026-03-30 10:00:00,7.925925925925926,27,30,False,23.0,100.0,7.0,6.21,-6.5778483455013586,2.394141003279681
2026-03-30 11:00:00,8.642857142857142,28,30,False,23.0,100.0,6.0,6.21,-5.638155724715451,2.0521208599540124
2026-03-30 12:00:00,7.928571428571429,28,30,False,25.0,94.2,8.0,6.21,-6.92820323027551,3.9999999999999982
2026-03-30 13:00:00,7.178571428571429,28,30,False,26.0,88.78,9.0,6.21,-7.794228634059948,4.499999999999998
2026-03-30 14:00:00,5.642857142857143,28,30,False,26.0,88.78,10.0,6.21,-8.660254037844387,4.999999999999998
2026-03-30 15:00:00,4.896551724137931,29,30,False,27.0,83.7,9.0,6.21,-7.794228634059948,4.499999999999998
2026-03-30 16:00:00,3.0,28,30,False,26.0,88.78,11.0,6.21,-9.526279441628827,5.499999999999997
2026-03-30 17:00:00,3.0,28,30,False,26.0,88.78,11.0,6.21,-9.526279441628827,5.499999999999997
2026-03-30 18:00:00,5.321428571428571,28,30,False,25.0,94.2,10.0,6.21,-9.396926207859085,3.420201433256687
2026-03-30 19:00:00,3.413793103448276,29,30,False,24.0,100.0,8.0,6.21,-7.878462024097664,1.3891854213354424
2026-03-30 20:00:00,6.821428571428571,28,30,False,24.0,100.0,9.0,6.21,-8.863269777109872,1.5628335990023727
2026-03-30 21:00:00,7.3076923076923075,26,30,False,24.0,100.0,8.0,6.21,-7.878462024097664,1.3891854213354424
2026-03-30 22:00:00,4.689655172413793,29,30,False,23.0,100.0,7.0,6.21,-6.5778483455013586,-2.3941410032796817
2026-03-30 23:00:00,3.0,29,30,False,23.0,100.0,8.0,6.21,-6.928203230275509,-4.000000000000001
2026-03-31 00:00:00,3.0,28,30,False,23.0,100.0,7.0,6.21,-6.06217782649107,-3.500000000000001
2026-03-31 01:00:00,3.0,28,30,False,22.0,100.0,7.0,6.21,-6.06217782649107,-3.500000000000001
2026-03-31 02:00:00,3.0,29,30,False,22.0,100.0,6.0,6.21,-5.63815572471545,-2.052120859954013
2026-03-31 03:00:00,3.0,30,30,False,22.0,100.0,5.0,6.21,-4.92403876506104,0.8682408883346515
2026-03-31 04:00:00,3.0,27,30,False,21.0,100.0,4.0,6.21,-4.0,-2.4492935982947064e-16
2026-03-31 05:00:00,3.0,28,30,False,21.0,100.0,4.0,6.21,-3.7587704831436333,-1.3680805733026753
2026-03-31 06:00:00,3.0,28,30,False,21.0,100.0,3.0,6.21,-2.954423259036624,-0.5209445330007912
2026-03-31 07:00:00,4.0,29,30,False,21.0,100.0,4.0,6.21,-3.7587704831436333,-1.3680805733026753
2026-03-31 08:00:00,3.0,28,30,False,22.0,100.0,5.0,6.21,-4.330127018922193,-2.5000000000000004
2026-03-31 09:00:00,4.230769230769231,26,30,False,24.0,94.16,9.0,6.21,-5.785088487178854,-6.894399988070802
2026-03-31 10:00:00,4.607142857142857,28,30,False,26.0,83.59,9.0,6.21,-5.785088487178854,-6.894399988070802
2026-03-31 11:00:00,4.0,28,30,False,27.0,78.81,8.0,6.21,-3.9999999999999996,-6.92820323027551
2026-03-31 12:00:00,3.107142857142857,28,30,False,28.0,74.34,9.0,6.21,-4.499999999999999,-7.794228634059948
2026-03-31 13:00:00,4.172413793103448,29,30,False,29.0,70.16,7.0,6.21,-2.394141003279681,-6.5778483455013586
2026-03-31 14:00:00,7.466666666666667,30,30,False,30.0,66.24,8.0,6.21,-2.7361611466053497,-7.517540966287267
2026-03-31 15:00:00,3.25,28,30,False,30.0,62.34,7.0,6.21,-3.4999999999999996,-6.062177826491071
2026-03-31 16:00:00,3.5517241379310347,29,30,False,31.0,55.39,7.0,6.21,-2.394141003279681,-6.5778483455013586
2026-03-31 17:00:00,3.1785714285714284,28,30,False,30.0,62.34,7.0,6.21,-3.4999999999999996,-6.062177826491071
2026-03-31 18:00:00,3.5,28,30,False,30.0,58.64,5.0,6.21,-3.2139380484326963,-3.83022221559489
2026-03-31 19:00:00,4.857142857142857,28,30,False,26.0,83.59,6.0,6.21,-5.638155724715451,2.0521208599540124
2026-03-31 20:00:00,5.653846153846154,26,30,False,25.0,88.7,5.0,6.21,-4.698463103929543,1.7101007166283435
2026-03-31 21:00:00,7.821428571428571,28,30,False,24.0,94.16,4.0,6.21,-4.0,-2.4492935982947064e-16
2026-03-31 22:00:00,7.857142857142857,28,30,False,24.0,88.61,8.0,6.21,-6.928203230275509,-4.000000000000001
2026-03-31 23:00:00,3.892857142857143,28,30,False,24.0,88.61,10.0,6.21,-7.66044443118978,-6.427876096865393
2026-04-01 00:00:00,3.2142857142857144,28,30,False,23.0,94.11,8.0,6.21,-5.142300877492314,-6.128355544951824
2026-04-01 01:00:00,4.814814814814815,27,30,False,23.0,94.11,7.0,6.21,-3.4999999999999996,-6.062177826491071
2026-04-01 02:00:00,3.0,29,30,False,22.0,100.0,6.0,6.21,-2.9999999999999996,-5.196152422706632
2026-04-01 03:00:00,3.0,30,30,False,22.0,100.0,6.0,6.21,-3.8567256581192355,-4.596266658713868
2026-04-01 04:00:00,3.310344827586207,29,30,False,22.0,100.0,6.0,6.21,-4.596266658713868,-3.8567256581192364
2026-04-01 05:00:00,3.0,28,30,False,21.0,100.0,4.0,6.21,-1.9999999999999998,-3.464101615137755
2026-04-01 06:00:00,3.0,29,30,False,21.0,100.0,6.0,6.21,-3.8567256581192355,-4.596266658713868
2026-04-01 07:00:00,6.142857142857143,28,30,False,21.0,100.0,6.0,6.21,-3.8567256581192355,-4.596266658713868
2026-04-01 08:00:00,6.72,25,30,False,22.0,94.07,8.0,6.21,-5.142300877492314,-6.128355544951824
2026-04-01 09:00:00,11.291666666666666,24,30,False,23.0,88.53,7.0,6.21,-3.4999999999999996,-6.062177826491071
2026-04-01 10:00:00,9.642857142857142,28,30,False,25.0,78.52,10.0,6.21,-3.420201433256687,-9.396926207859085
2026-04-01 11:00:00,9.107142857142858,28,30,False,26.0,74.0,12.0,6.21,2.0837781320031645,-11.817693036146496
2026-04-01 12:00:00,9.10344827586207,29,30,False,27.0,74.17,6.0,6.21,1.4695761589768238e-15,-6.0
2026-04-01 13:00:00,8.6,30,30,False,28.0,69.97,5.0,6.21,1.710100716628343,-4.698463103929543
2026-04-01 14:00:00,10.03448275862069,29,30,False,29.0,62.11,0.0,6.21,0.0,0.0
2026-04-01 15:00:00,8.678571428571429,28,30,False,28.0,69.97,6.0,6.21,-2.0521208599540133,5.63815572471545
2026-04-01 16:00:00,7.533333333333333,30,30,False,28.0,69.97,6.0,6.21,-2.0521208599540133,5.63815572471545
2026-04-01 17:00:00,8.285714285714286,28,30,False,27.0,78.81,7.0,6.21,-4.499513267805776,5.362311101832845
2026-04-01 18:00:00,9.285714285714286,28,30,False,25.0,83.47,8.0,6.21,-6.92820323027551,3.9999999999999982
2026-04-01 19:00:00,10.25,28,30,False,24.0,88.61,7.0,6.21,-6.893654271085456,1.2155372436685121
2026-04-01 20:00:00,11.75,28,30,False,24.0,83.36,6.0,6.21,-6.0,-3.6739403974420594e-16
2026-04-01 21:00:00,10.576923076923077,26,30,False,24.0,78.38,3.0,6.21,-1.9283628290596178,-2.298133329356934
2026-04-01 22:00:00,10.607142857142858,28,30,False,23.0,88.53,0.0,6.21,0.0,0.0
2026-04-01 23:00:00,3.9642857142857144,28,30,False,23.0,88.53,3.0,6.21,2.954423259036624,0.520944533000791
2026-04-02 00:00:00,4.214285714285714,28,30,False,23.0,100.0,4.0,6.21,1.3680805733026746,3.7587704831436337
2026-04-02 01:00:00,3.3793103448275863,29,30,False,22.0,100.0,2.0,6.21,1.732050807568877,1.0000000000000009
2026-04-02 02:00:00,8.11111111111111,27,30,False,22.0,100.0,5.0,6.21,-4.698463103929543,1.7101007166283435
2026-04-02 03:00:00,8.4,30,30,False,22.0,100.0,3.0,6.21,-2.819077862357725,-1.0260604299770064
2026-04-02 04:00:00,12.655172413793103,29,30,False,22.0,100.0,0.0,6.21,0.0,0.0
2026-04-02 05:00:00,17.857142857142858,28,30,False,21.0,100.0,0.0,2.41,0.0,0.0
2026-04-02 06:00:00,13.206896551724137,29,30,False,21.0,100.0,3.0,3.26,-2.988584094275237,0.2614672282429747
2026-04-02 07:00:00,8.857142857142858,28,30,False,21.0,100.0,4.0,6.21,-1.3680805733026749,-3.7587704831436337
2026-04-02 08:00:00,12.037037037037036,27,30,False,21.0,100.0,0.0,6.21,0.0,0.0
2026-04-02 09:00:00,15.148148148148149,27,30,False,22.0,100.0,0.0,6.21,0.0,0.0
2026-04-02 10:00:00,9.107142857142858,28,30,False,23.0,94.11,0.0,6.21,0.0,0.0
2026-04-02 11:00:00,9.862068965517242,29,30,False,24.0,88.61,0.0,6.21,0.0,0.0
2026-04-02 12:00:00,7.464285714285714,28,30,False,25.0,78.52,0.0,6.21,0.0,0.0
2026-04-02 13:00:00,4.413793103448276,29,30,False,26.0,74.0,3.0,6.21,2.819077862357725,-1.026060429977007
2026-04-02 14:00:00,5.931034482758621,29,30,False,28.0,69.97,3.0,6.21,3.0,5.51091059616309e-16
2026-04-02 15:00:00,4.103448275862069,29,30,False,26.0,78.67,7.0,6.21,-1.215537243668512,6.893654271085456
2026-04-02 16:00:00,4.857142857142857,28,30,False,25.0,78.52,7.0,6.21,1.2155372436685132,6.893654271085456
2026-04-02 17:00:00,6.185185185185185,27,30,False,26.0,74.0,6.0,6.21,-7.347880794884119e-16,6.0
2026-04-02 18:00:00,3.9310344827586206,29,30,False,25.0,83.47,5.0,6.21,-1.7101007166283444,4.698463103929542
2026-04-02 19:00:00,7.0,27,30,False,23.0,100.0,0.0,6.21,0.0,0.0
2026-04-02 20:00:00,10.84,25,30,False,22.0,100.0,0.0,6.21,0.0,0.0
2026-04-02 21:00:00,6.571428571428571,28,30,False,22.0,100.0,0.0,6.21,0.0,0.0
2026-04-02 22:00:00,10.785714285714286,28,30,False,22.0,100.0,0.0,6.21,0.0,0.0
2026-04-02 23:00:00,9.714285714285714,28,30,False,21.0,100.0,0.0,6.21,0.0,0.0
2026-04-03 00:00:00,9.392857142857142,28,30,False,19.5,100.0,0.0,3.68,0.0,0.0
2026-04-03 01:00:00,9.535714285714286,28,30,False,19.0,100.0,0.0,4.04,0.0,0.0
2026-04-03 02:00:00,14.275862068965518,29,30,False,19.0,100.0,0.0,3.54,0.0,0.0
2026-04-03 03:00:00,22.533333333333335,30,30,False,18.5,100.0,0.0,1.4,0.0,0.0
2026-04-03 04:00:00,21.642857142857142,28,30,False,19.0,100.0,0.0,3.11,0.0,0.0
2026-04-03 05:00:00,15.642857142857142,28,30,False,19.0,100.0,2.0,6.21,-1.2855752193730785,-1.532088886237956
2026-04-03 06:00:00,9.357142857142858,28,30,False,19.0,100.0,0.0,6.21,0.0,0.0
2026-04-03 07:00:00,11.551724137931034,29,30,False,19.0,100.0,0.0,3.11,0.0,0.0
2026-04-03 08:00:00,15.923076923076923,26,30,False,19.0,100.0,2.0,6.21,4.898587196589413e-16,-2.0
2026-04-03 09:00:00,5.833333333333333,24,30,False,22.0,100.0,0.0,6.21,0.0,0.0
2026-04-03 10:00:00,3.111111111111111,27,30,False,24.0,88.61,4.0,6.21,0.6945927106677215,-3.939231012048832
2026-04-03 11:00:00,3.107142857142857,28,30,False,27.0,74.17,6.0,6.21,1.0418890660015823,-5.908846518073248
2026-04-03 12:00:00,3.0,28,30,False,28.0,69.97,7.0,6.21,2.3941410032796804,-6.5778483455013586
2026-04-03 13:00:00,3.0,29,30,False,30.0,62.34,7.0,6.21,6.06217782649107,-3.500000000000001
2026-04-03 14:00:00,3.0,29,30,False,29.0,66.03,7.0,6.21,6.5778483455013586,-2.394141003279683
2026-04-03 15:00:00,3.0,30,30,False,29.0,66.03,6.0,6.21,5.908846518073248,1.041889066001582
2026-04-03 16:00:00,3.0,29,30,False,30.0,62.34,6.0,6.21,6.0,1.102182119232618e-15
2026-04-03 17:00:00,3.0,29,30,False,29.0,66.03,9.0,6.21,8.457233587073175,-3.078181289931021
2026-04-03 18:00:00,3.111111111111111,27,30,False,28.0,65.82,5.0,6.21,4.924038765061041,-0.8682408883346499
2026-04-03 19:00:00,5.428571428571429,28,30,False,25.0,78.52,0.0,6.21,0.0,0.0
2026-04-03 20:00:00,9.03448275862069,29,30,False,25.0,83.47,0.0,6.21,0.0,0.0
2026-04-03 21:00:00,14.384615384615385,26,30,False,24.5,97.1,0.0,6.21,0.0,0.0
2026-04-03 22:00:00,13.357142857142858,28,30,False,24.0,94.16,4.0,6.21,-3.464101615137755,1.9999999999999991
2026-04-03 23:00:00,7.655172413793103,29,30,False,22.75,100.0,7.5,2.67,3.4631145992627532,6.652581248836664
2026-04-04 00:00:00,3.3333333333333335,27,30,False,20.5,100.0,14.0,4.04,1.2201803984672113,13.946725773284438
2026-04-04 01:00:00,5.142857142857143,28,30,False,21.0,100.0,10.5,5.28,-2.717599973576471,10.142221176035216
2026-04-04 02:00:00,15.607142857142858,28,30,False,20.0,100.0,13.0,4.35,-6.499999999999999,11.258330249197703
2026-04-04 03:00:00,18.166666666666668,30,30,False,18.0,100.0,12.0,4.97,-2.083778132003163,11.817693036146496
2026-04-04 04:00:00,17.535714285714285,28,30,False,18.0,88.1,15.0,4.97,-2.6047226650039543,14.772116295183121
2026-04-04 05:00:00,14.857142857142858,28,30,False,18.0,88.1,11.0,6.21,-3.7622215765823577,10.336618828644992
2026-04-04 06:00:00,14.137931034482758,29,30,False,18.0,82.63,11.0,6.21,-3.7622215765823577,10.336618828644992
2026-04-04 07:00:00,13.62962962962963,27,30,False,18.0,82.63,12.0,6.21,-4.1042417199080266,11.2763114494309
2026-04-04 08:00:00,12.285714285714286,28,30,False,18.0,77.46,13.0,6.21,-4.446261863233696,12.216004070216808
2026-04-04 09:00:00,10.296296296296296,27,30,False,18.0,77.46,15.0,6.21,-5.130302149885033,14.095389311788624
2026-04-04 10:00:00,8.620689655172415,29,30,False,18.0,77.46,13.0,6.21,-4.446261863233696,12.216004070216808
2026-04-04 11:00:00,5.866666666666667,30,30,False,18.0,72.58,12.0,6.21,-2.083778132003163,11.817693036146496
2026-04-04 12:00:00,3.5925925925925926,27,30,False,19.0,68.18,12.0,6.21,-2.083778132003163,11.817693036146496
2026-04-04 13:00:00,3.142857142857143,28,30,False,18.0,72.58,13.0,6.21,-1.592040838891559e-15,13.0
2026-04-04 14:00:00,3.142857142857143,28,30,False,18.0,63.62,14.0,6.21,-2.431074487337024,13.787308542170912
2026-04-04 15:00:00,3.0,29,30,False,19.0,63.85,15.0,6.21,-2.6047226650039543,14.772116295183121
2026-04-04 16:00:00,3.0,30,30,False,19.0,55.91,13.0,6.21,-2.2574263096700937,12.802500789158705
2026-04-04 17:00:00,3.0,27,30,False,18.0,55.65,12.0,6.21,-1.4695761589768238e-15,12.0
2026-04-04 18:00:00,3.0,29,30,False,17.0,67.76,10.0,6.21,-3.420201433256689,9.396926207859083
2026-04-04 19:00:00,3.0,28,30,False,17.0,59.27,11.0,6.21,-1.9101299543362331,10.832885283134289
2026-04-04 20:00:00,3.0,26,30,False,16.0,72.21,11.0,6.21,-3.7622215765823577,10.336618828644992
2026-04-04 21:00:00,3.0,30,30,False,17.0,59.27,11.0,6.21,-1.9101299543362331,10.832885283134289
2026-04-04 22:00:00,3.0,28,30,False,16.0,55.13,12.0,6.21,-4.1042417199080266,11.2763114494309
2026-04-04 23:00:00,3.0,28,30,False,16.0,59.02,9.0,6.21,-4.499999999999999,7.794228634059948
2026-04-05 00:00:00,3.0,28,30,False,16.0,59.02,10.0,6.21,-4.999999999999999,8.660254037844387
2026-04-05 01:00:00,3.0,28,30,False,16.0,55.13,8.0,6.21,-3.9999999999999996,6.92820323027551
2026-04-05 02:00:00,3.0,29,30,False,16.0,63.16,8.0,6.21,-5.142300877492316,6.128355544951823
2026-04-05 03:00:00,3.0,30,30,False,17.0,59.27,11.0,6.21,-3.7622215765823577,10.336618828644992
2026-04-05 04:00:00,3.0,28,30,False,16.0,55.13,8.0,6.21,-1.3891854213354422,7.878462024097664
2026-04-05 05:00:00,3.0,29,30,False,16.0,55.13,2.0,6.21,-0.9999999999999999,1.7320508075688774
2026-04-05 06:00:00,3.0,28,30,False,16.0,59.02,2.0,6.21,-0.9999999999999999,1.7320508075688774
2026-04-05 07:00:00,3.0,28,30,False,17.0,55.39,7.0,6.21,-3.4999999999999996,6.062177826491071
2026-04-05 08:00:00,3.0,26,30,False,17.0,55.39,3.5,6.21,-1.197070501639841,3.2889241727506793
2026-04-05 09:00:00,3.2142857142857144,28,30,False,17.0,67.76,6.0,6.21,-2.0521208599540133,5.63815572471545
2026-04-05 10:00:00,3.0,29,30,False,18.0,63.62,8.0,6.21,-6.128355544951824,5.142300877492315
2026-04-05 11:00:00,3.0,28,30,False,17.0,67.76,7.0,6.21,-6.5778483455013586,-2.3941410032796817
2026-04-05 12:00:00,3.0,28,30,False,17.0,67.76,2.0,6.21,-1.7320508075688772,-1.0000000000000002
2026-04-05 13:00:00,3.0,29,30,False,18.0,59.52,8.0,6.21,-6.128355544951824,5.142300877492315
2026-04-05 14:00:00,3.0,28,30,False,18.0,59.52,7.0,6.21,-6.062177826491071,3.4999999999999982
2026-04-05 15:00:00,3.0,29,30,False,18.0,59.52,7.0,6.21,-6.062177826491071,3.4999999999999982
2026-04-05 16:00:00,3.0,28,30,False,17.5,57.46,8.0,6.21,-5.656854249492381,5.65685424949238
2026-04-05 17:00:00,3.0,29,30,False,17.0,59.27,7.0,6.21,-4.499513267805776,5.362311101832845
2026-04-05 18:00:00,3.0,28,30,False,17.0,59.27,7.0,6.21,-5.362311101832846,4.499513267805775
2026-04-05 19:00:00,3.0,28,30,False,16.0,63.16,6.0,6.21,-3.856725658119237,4.596266658713867
2026-04-05 20:00:00,3.0,26,30,False,15.0,67.34,7.0,6.21,-5.362311101832846,4.499513267805775
2026-04-05 21:00:00,3.0,28,30,False,16.0,67.55,7.0,6.21,-6.5778483455013586,2.394141003279681
2026-04-05 22:00:00,3.0,28,30,False,16.0,72.21,7.0,6.21,-6.893654271085456,-1.2155372436685128
2026-04-05 23:00:00,5.964285714285714,28,30,False,15.0,76.99,7.0,6.21,-6.893654271085456,-1.2155372436685128
2026-04-06 00:00:00,7.769230769230769,26,30,False,15.0,76.99,7.0,6.21,-6.5778483455013586,-2.3941410032796817
2026-04-06 01:00:00,3.0,28,30,False,15.0,76.99,9.0,6.21,-9.0,-5.51091059616309e-16
2026-04-06 02:00:00,3.0,28,30,False,15.0,82.26,9.0,6.21,-9.0,-5.51091059616309e-16
2026-04-06 03:00:00,3.0,30,30,False,16.0,77.15,9.0,6.21,-8.863269777109872,1.5628335990023727
2026-04-06 04:00:00,3.0,28,30,False,17.0,72.4,9.0,6.21,-8.863269777109872,1.5628335990023727
2026-04-06 05:00:00,3.8620689655172415,29,30,False,17.0,72.4,8.0,6.21,-7.878462024097664,1.3891854213354424
2026-04-06 06:00:00,3.0,28,30,False,17.0,72.4,8.0,6.21,-7.878462024097664,1.3891854213354424
2026-04-06 07:00:00,3.3333333333333335,27,30,False,17.0,77.31,10.0,6.21,-9.84807753012208,1.736481776669303
2026-04-06 08:00:00,6.0,24,30,False,18.0,77.46,10.0,6.21,-9.84807753012208,1.736481776669303
2026-04-06 09:00:00,7.130434782608695,23,30,False,19.0,72.76,10.0,6.21,-9.84807753012208,1.736481776669303
2026-04-06 10:00:00,7.142857142857143,28,30,False,19.0,72.76,10.0,6.21,-9.84807753012208,1.736481776669303
2026-04-06 11:00:00,6.068965517241379,29,30,False,20.0,72.95,12.0,6.21,-11.817693036146496,2.0837781320031636
2026-04-06 12:00:00,8.068965517241379,29,30,False,20.0,77.77,8.0,6.21,-7.878462024097664,1.3891854213354424
2026-04-06 13:00:00,8.310344827586206,29,30,False,21.0,73.13,10.0,6.21,-9.84807753012208,-1.7364817766693041
2026-04-06 14:00:00,4.5,28,30,False,22.0,68.79,10.0,6.21,-9.396926207859083,-3.4202014332566884
2026-04-06 15:00:00,4.821428571428571,28,30,False,22.0,68.79,12.0,6.21,-11.817693036146496,-2.083778132003165
2026-04-06 16:00:00,6.0344827586206895,29,30,False,21.0,77.93,10.0,6.21,-9.396926207859085,3.420201433256687
2026-04-06 17:00:00,6.75,28,30,False,20.0,82.88,9.0,5.59,-8.863269777109872,1.5628335990023727
2026-04-06 18:00:00,5.9655172413793105,29,30,False,20.0,88.28,12.0,6.21,-11.817693036146496,2.0837781320031636
2026-04-06 19:00:00,4.642857142857143,28,30,False,20.0,88.28,12.0,6.21,-11.817693036146496,2.0837781320031636
2026-04-06 20:00:00,4.964285714285714,28,30,False,20.0,93.98,10.0,6.21,-9.84807753012208,1.736481776669303
2026-04-06 21:00:00,3.1153846153846154,26,30,False,19.0,100.0,8.0,6.21,-8.0,-4.898587196589413e-16
2026-04-06 22:00:00,3.2142857142857144,28,30,False,19.0,100.0,7.0,6.21,-6.893654271085456,1.2155372436685121
2026-04-06 23:00:00,3.0,27,30,False,19.0,100.0,5.0,6.21,-4.92403876506104,0.8682408883346515
2026-04-07 00:00:00,3.0,28,30,False,19.0,100.0,7.0,6.21,-6.893654271085456,-1.2155372436685128
2026-04-07 01:00:00,3.0,28,30,False,19.0,100.0,6.0,5.59,-5.908846518073248,-1.0418890660015825
2026-04-07 02:00:00,3.0,27,30,False,19.0,100.0,3.0,6.21,-2.954423259036624,-0.5209445330007912
2026-04-07 03:00:00,3.0,30,30,False,19.0,100.0,0.0,6.21,0.0,0.0
2026-04-07 04:00:00,3.9642857142857144,28,30,False,19.0,100.0,0.0,6.21,0.0,0.0
2026-04-07 05:00:00,3.344827586206897,29,30,False,19.0,100.0,0.0,6.21,0.0,0.0
2026-04-07 06:00:00,3.206896551724138,29,30,False,19.0,100.0,0.0,6.21,0.0,0.0
2026-04-07 07:00:00,4.285714285714286,28,30,False,20.0,100.0,1.5,4.97,-1.4942920471376184,-0.1307336141214872
2026-04-07 08:00:00,4.185185185185185,27,30,False,20.0,100.0,4.0,1.55,0.3486229709906318,3.984778792366982
2026-04-07 09:00:00,3.0,27,30,False,20.0,100.0,6.0,1.24,-1.5529142706151262,5.795554957734409
2026-04-07 10:00:00,3.0,28,30,False,20.0,100.0,5.0,4.35,-2.4999999999999996,4.330127018922194
2026-04-07 11:00:00,8.214285714285714,28,30,False,21.0,100.0,6.0,6.21,1.0418890660015827,5.908846518073248
2026-04-07 12:00:00,3.0,29,30,False,21.0,100.0,10.0,6.21,-1.2246467991473533e-15,10.0
2026-04-07 13:00:00,3.1785714285714284,28,30,False,21.0,100.0,8.0,6.21,1.3891854213354438,7.878462024097664
2026-04-07 14:00:00,3.0,29,30,False,21.0,100.0,8.0,6.21,1.3891854213354438,7.878462024097664
2026-04-07 15:00:00,3.142857142857143,28,30,False,21.0,100.0,10.0,6.21,2.588190451025208,9.659258262890683
2026-04-07 16:00:00,3.0,28,30,False,21.0,100.0,10.0,6.21,3.4202014332566866,9.396926207859085
2026-04-07 17:00:00,3.0,27,30,False,20.0,100.0,15.0,2.56,8.603646545265692,12.287280664334878
2026-04-07 18:00:00,3.0,28,30,False,20.0,100.0,18.5,1.71,6.32737265152487,17.384313484539305
2026-04-07 19:00:00,3.0,28,30,False,19.33,100.0,21.33,2.49,8.436985569668048,19.590461314048046
2026-04-07 20:00:00,3.0,26,30,False,19.0,100.0,25.5,2.33,4.428028530506727,25.112597701811303
2026-04-07 21:00:00,3.0,30,30,False,18.67,100.0,28.67,2.9,-1.6503606529307968,28.622459882324193
2026-04-07 22:00:00,3.8620689655172415,29,30,False,18.5,100.0,24.5,2.02,4.254380352839797,24.127789948799098
2026-04-07 23:00:00,5.392857142857143,28,30,False,19.0,100.0,21.0,1.86,-2.5717582782094417e-15,21.0
2026-04-08 00:00:00,5.571428571428571,28,30,False,19.0,100.0,30.5,3.73,-12.889856983091335,27.642387504617822
2026-04-08 01:00:00,11.172413793103448,29,30,False,19.0,100.0,31.0,4.35,-15.499999999999998,26.8467875173176
2026-04-08 02:00:00,6.535714285714286,28,30,False,19.0,93.93,23.0,5.59,-7.866463296490384,21.61293027807589
2026-04-08 03:00:00,3.0,30,30,False,18.5,100.0,17.0,4.97,5.814342436536367,15.974774553360444
2026-04-08 04:00:00,3.4285714285714284,28,30,False,18.0,100.0,13.0,4.97,4.446261863233692,12.21600407021681
2026-04-08 05:00:00,8.344827586206897,29,30,False,19.0,100.0,17.0,6.21,5.814342436536367,15.974774553360444
2026-04-08 06:00:00,3.3793103448275863,29,30,False,19.0,100.0,17.0,6.21,8.500000000000002,14.722431864335457
2026-04-08 07:00:00,3.0,29,30,False,19.0,93.93,17.0,6.21,5.814342436536367,15.974774553360444
2026-04-08 08:00:00,8.115384615384615,26,30,False,19.0,93.93,16.0,6.21,5.4723222932106985,15.035081932574535
2026-04-08 09:00:00,8.36,25,30,False,20.0,88.28,16.0,6.21,5.4723222932106985,15.035081932574535
2026-04-08 10:00:00,8.892857142857142,28,30,False,21.0,83.0,16.0,6.21,5.4723222932106985,15.035081932574535
2026-04-08 11:00:00,8.620689655172415,29,30,False,22.0,78.08,16.0,6.21,5.4723222932106985,15.035081932574535
2026-04-08 12:00:00,9.482758620689655,29,30,False,22.0,83.12,14.0,6.21,7.000000000000002,12.12435565298214
2026-04-08 13:00:00,8.892857142857142,28,30,False,22.0,78.08,18.0,6.21,9.000000000000002,15.588457268119894
2026-04-08 14:00:00,5.821428571428571,28,30,False,22.5,75.78,16.0,4.35,6.761892187851188,14.5009245925864
2026-04-08 15:00:00,8.964285714285714,28,30,False,20.5,85.64,16.0,3.42,8.000000000000002,13.856406460551018
2026-04-08 16:00:00,9.068965517241379,29,30,False,21.0,83.0,13.0,6.21,4.446261863233692,12.21600407021681
2026-04-08 17:00:00,8.678571428571429,28,30,False,20.0,82.88,12.0,6.21,4.104241719908024,11.276311449430901
2026-04-08 18:00:00,8.107142857142858,28,30,False,20.0,82.88,14.0,6.21,4.788282006559362,13.155696691002717
2026-04-08 19:00:00,5.928571428571429,28,30,False,19.0,88.19,11.0,6.21,3.7622215765823555,10.336618828644992
2026-04-08 20:00:00,4.571428571428571,28,30,False,19.0,82.76,9.0,6.21,3.0781812899310177,8.457233587073176
2026-04-08 21:00:00,5.846153846153846,26,30,False,19.0,82.76,9.0,6.21,1.5628335990023743,8.863269777109872
2026-04-08 22:00:00,4.75,28,30,False,18.0,82.63,9.0,6.21,1.5628335990023743,8.863269777109872
2026-04-08 23:00:00,4.25,28,30,False,18.0,82.63,10.0,6.21,1.7364817766693048,9.84807753012208
2026-04-09 00:00:00,3.0,27,30,False,18.0,77.46,11.0,6.21,-1.3471114790620886e-15,11.0
2026-04-09 01:00:00,3.0,28,30,False,18.0,77.46,11.0,6.21,-1.3471114790620886e-15,11.0
2026-04-09 02:00:00,3.0,28,30,False,18.0,77.46,7.0,6.21,1.2155372436685132,6.893654271085456
2026-04-09 03:00:00,3.0,30,30,False,18.0,77.46,7.0,6.21,-8.572527594031472e-16,7.0
2026-04-09 04:00:00,3.0,28,30,False,17.0,82.51,7.0,6.21,-8.572527594031472e-16,7.0
2026-04-09 05:00:00,3.0,28,30,False,17.0,82.51,6.0,6.21,1.0418890660015827,5.908846518073248
2026-04-09 06:00:00,3.0,30,30,False,17.0,82.51,6.0,6.21,1.0418890660015827,5.908846518073248
2026-04-09 07:00:00,3.0,27,30,False,17.0,82.51,3.0,6.21,0.5209445330007914,2.954423259036624
2026-04-09 08:00:00,4.269230769230769,26,30,False,17.0,82.51,10.0,6.21,-1.2246467991473533e-15,10.0
2026-04-09 09:00:00,3.9285714285714284,28,30,False,19.0,77.62,8.0,6.21,-9.797174393178826e-16,8.0
2026-04-09 10:00:00,3.1379310344827585,29,30,False,20.0,77.77,10.0,6.21,3.4202014332566866,9.396926207859085
2026-04-09 11:00:00,3.4285714285714284,28,30,False,20.0,72.95,12.0,6.21,2.0837781320031654,11.817693036146496
2026-04-09 12:00:00,3.0,29,30,False,19.0,72.76,12.0,6.21,6.000000000000002,10.392304845413264
2026-04-09 13:00:00,3.103448275862069,29,30,False,21.0,68.59,10.0,6.21,6.4278760968653925,7.660444431189781
2026-04-09 14:00:00,6.321428571428571,28,30,False,20.0,68.38,10.0,6.21,5.000000000000001,8.660254037844386
2026-04-09 15:00:00,3.0,29,30,False,20.0,68.38,14.0,6.21,10.72462220366569,8.999026535611552
2026-04-09 16:00:00,3.0,29,30,False,20.0,68.38,14.0,6.21,8.999026535611549,10.724622203665694
2026-04-09 17:00:00,3.0,28,30,False,19.0,72.76,12.0,6.21,7.713451316238471,9.192533317427738
2026-04-09 18:00:00,3.0,28,30,False,17.0,77.31,10.0,6.21,6.4278760968653925,7.660444431189781
2026-04-09 19:00:00,3.0,28,30,False,16.0,77.15,10.0,6.21,6.4278760968653925,7.660444431189781
2026-04-09 20:00:00,3.0,28,30,False,15.0,82.26,2.0,6.21,1.8793852415718169,0.6840402866513371
2026-04-09 21:00:00,3.103448275862069,29,30,False,16.0,72.21,2.0,6.21,1.2855752193730785,1.5320888862379562
2026-04-09 22:00:00,3.25,28,30,False,14.0,82.13,0.0,6.21,0.0,0.0
2026-04-09 23:00:00,3.0,28,30,False,12.0,93.6,2.0,6.21,0.3472963553338608,-1.969615506024416
2026-04-10 00:00:00,3.0,28,30,False,12.0,93.6,1.0,6.21,2.4492935982947064e-16,-1.0
2026-04-10 01:00:00,44.333333333333336,30,30,False,11.0,100.0,3.0,4.97,1.0260604299770058,-2.8190778623577253
2026-04-10 02:00:00,35.86206896551724,29,30,False,11.0,100.0,2.0,4.97,0.6840402866513372,-1.8793852415718169
2026-04-10 03:00:00,33.6,30,30,False,11.0,100.0,0.0,4.97,0.0,0.0
2026-04-10 04:00:00,23.06896551724138,29,30,False,11.0,100.0,0.0,4.97,0.0,0.0
2026-04-10 05:00:00,20.448275862068964,29,30,False,10.0,100.0,4.0,4.97,2.5711504387461583,-3.064177772475911
2026-04-10 06:00:00,15.068965517241379,29,30,False,10.0,100.0,3.0,6.21,2.2981333293569346,-1.9283628290596178
2026-04-10 07:00:00,16.678571428571427,28,30,False,10.0,100.0,3.0,6.21,1.5000000000000013,-2.598076211353315
2026-04-10 08:00:00,12.25,28,30,False,11.0,100.0,3.0,6.21,2.2981333293569346,-1.9283628290596178
2026-04-10 09:00:00,12.478260869565217,23,30,False,14.0,100.0,0.0,6.21,0.0,0.0
2026-04-10 10:00:00,6.571428571428571,28,30,False,17.0,88.01,5.0,6.21,2.500000000000002,-4.330127018922192
2026-04-10 11:00:00,3.107142857142857,28,30,False,19.0,63.85,3.0,6.21,2.2981333293569346,-1.9283628290596178
2026-04-10 12:00:00,3.0,28,30,False,20.0,60.0,0.0,6.21,0.0,0.0
2026-04-10 13:00:00,3.0,29,30,False,21.0,52.81,2.0,6.21,1.2855752193730792,-1.5320888862379556
2026-04-10 14:00:00,3.0,28,30,False,21.0,52.81,0.0,6.21,0.0,0.0
2026-04-10 15:00:00,3.0,28,30,False,21.0,49.4,0.0,6.21,0.0,0.0
2026-04-10 16:00:00,3.0,28,30,False,21.0,60.24,5.0,6.21,-0.8682408883346514,4.92403876506104
2026-04-10 17:00:00,4.758620689655173,29,30,False,19.0,63.85,5.0,6.21,-0.8682408883346514,4.92403876506104
2026-04-10 18:00:00,4.071428571428571,28,30,False,19.0,68.18,0.0,6.21,0.0,0.0
2026-04-10 19:00:00,3.5714285714285716,28,30,False,18.0,72.58,0.0,6.21,0.0,0.0
2026-04-10 20:00:00,6.75,28,30,False,17.0,77.31,0.0,6.21,0.0,0.0
2026-04-10 21:00:00,9.407407407407407,27,30,False,17.0,77.31,0.0,6.21,0.0,0.0
2026-04-10 22:00:00,10.074074074074074,27,30,False,16.0,82.38,0.0,6.21,0.0,0.0
2026-04-10 23:00:00,17.214285714285715,28,30,False,15.0,87.84,4.0,6.21,-3.939231012048832,-0.6945927106677217
2026-04-11 00:00:00,13.185185185185185,27,30,False,14.0,93.7,3.0,6.21,-2.298133329356934,-1.9283628290596182
2026-04-11 01:00:00,11.172413793103448,29,30,False,14.0,93.7,2.0,6.21,-1.532088886237956,-1.2855752193730787
2026-04-11 02:00:00,7.035714285714286,28,30,False,13.0,93.65,3.0,6.21,-2.298133329356934,-1.9283628290596182
2026-04-11 03:00:00,5.433333333333334,30,30,False,13.0,93.65,4.0,6.21,-3.064177772475912,-2.5711504387461575
2026-04-11 04:00:00,13.074074074074074,27,30,False,13.0,93.65,4.0,6.21,-3.064177772475912,-2.5711504387461575
2026-04-11 05:00:00,13.071428571428571,28,30,False,12.0,93.6,0.0,6.21,0.0,0.0
2026-04-11 06:00:00,9.285714285714286,28,30,False,12.0,93.6,4.0,6.21,-2.571150438746157,-3.064177772475912
2026-04-11 07:00:00,9.333333333333334,30,30,False,11.0,100.0,4.0,6.21,-0.6945927106677213,-3.939231012048832
2026-04-11 08:00:00,8.586206896551724,29,30,False,13.0,93.65,3.0,6.21,-1.4999999999999998,-2.598076211353316
2026-04-11 09:00:00,8.814814814814815,27,30,False,15.0,87.84,6.0,6.21,-2.9999999999999996,-5.196152422706632
2026-04-11 10:00:00,8.0,28,30,False,18.0,72.58,3.0,6.21,-1.4999999999999998,-2.598076211353316
2026-04-11 11:00:00,4.357142857142857,28,30,False,20.0,68.38,6.0,6.21,-2.9999999999999996,-5.196152422706632
2026-04-11 12:00:00,3.3214285714285716,28,30,False,22.0,56.67,7.0,6.21,-4.499513267805774,-5.362311101832846
2026-04-11 13:00:00,3.642857142857143,28,30,False,22.0,49.67,6.0,6.21,-2.9999999999999996,-5.196152422706632
2026-04-11 14:00:00,3.206896551724138,29,30,False,23.0,46.75,7.0,6.21,-5.362311101832846,-4.499513267805775
2026-04-11 15:00:00,3.103448275862069,29,30,False,23.0,40.89,8.0,6.21,-7.5175409662872665,-2.7361611466053506
2026-04-11 16:00:00,3.2758620689655173,29,30,False,22.0,60.48,9.0,6.21,-8.863269777109872,1.5628335990023727
2026-04-11 17:00:00,3.2142857142857144,28,30,False,21.0,64.3,10.0,6.21,-7.66044443118978,6.427876096865393
2026-04-11 18:00:00,6.931034482758621,29,30,False,20.0,82.88,12.0,6.21,-10.392304845413264,5.999999999999997
2026-04-11 19:00:00,8.892857142857142,28,30,False,20.0,82.88,0.0,6.21,0.0,0.0
2026-04-11 20:00:00,15.5,26,30,False,18.0,93.89,0.0,6.21,0.0,0.0
2026-04-11 21:00:00,16.392857142857142,28,30,False,20.0,72.95,0.0,6.21,0.0,0.0
2026-04-11 22:00:00,19.964285714285715,28,30,False,19.0,88.19,0.0,6.21,0.0,0.0
2026-04-11 23:00:00,8.25,28,30,False,19.0,93.93,5.0,6.21,-4.92403876506104,0.8682408883346515
2026-04-12 00:00:00,6.518518518518518,27,30,False,19.0,93.93,1.0,6.21,-0.8660254037844387,0.4999999999999998
2026-04-12 01:00:00,4.758620689655173,29,30,False,19.0,93.93,0.0,6.21,0.0,0.0
2026-04-12 02:00:00,3.888888888888889,27,30,False,19.0,93.93,0.0,6.21,0.0,0.0
2026-04-12 03:00:00,5.4,30,30,False,18.0,100.0,0.0,6.21,0.0,0.0
2026-04-12 04:00:00,3.6333333333333333,30,30,False,18.0,100.0,5.0,6.21,-4.698463103929542,-1.7101007166283442
2026-04-12 05:00:00,3.0,29,30,False,18.0,100.0,3.0,6.21,-2.598076211353316,-1.5000000000000004
2026-04-12 06:00:00,3.892857142857143,28,30,False,18.0,100.0,5.0,6.21,-4.698463103929542,-1.7101007166283442
2026-04-12 07:00:00,4.655172413793103,29,30,False,18.0,100.0,0.0,6.21,0.0,0.0
2026-04-12 08:00:00,4.846153846153846,26,30,False,18.0,100.0,0.0,6.21,0.0,0.0
2026-04-12 09:00:00,6.321428571428571,28,30,False,20.0,100.0,0.0,6.21,0.0,0.0
2026-04-12 10:00:00,13.25,28,30,False,21.0,94.02,4.0,6.21,1.3680805733026744,-3.7587704831436337
2026-04-12 11:00:00,7.178571428571429,28,30,False,21.0,94.02,4.0,6.21,3.9392310120488325,-0.6945927106677199
2026-04-12 12:00:00,4.379310344827586,29,30,False,22.0,83.12,5.0,6.21,3.8302222155948895,3.2139380484326976
2026-04-12 13:00:00,4.0,28,30,False,24.0,73.66,5.0,6.21,4.330127018922193,2.500000000000002
2026-04-12 14:00:00,7.928571428571429,28,30,False,24.0,73.66,6.0,6.21,4.596266658713867,3.856725658119237
2026-04-12 15:00:00,7.642857142857143,28,30,False,24.0,73.66,5.0,6.21,2.5000000000000004,4.330127018922193
2026-04-12 16:00:00,3.892857142857143,28,30,False,23.0,78.23,7.0,6.21,4.499513267805774,5.362311101832847
2026-04-12 17:00:00,5.678571428571429,28,30,False,22.0,78.08,3.0,6.21,0.5209445330007914,2.954423259036624
2026-04-12 18:00:00,8.689655172413794,29,30,False,21.0,88.36,4.0,6.21,1.3680805733026746,3.7587704831436337
2026-04-12 19:00:00,5.407407407407407,27,30,False,20.0,93.98,2.0,6.21,0.6840402866513373,1.8793852415718169
2026-04-12 20:00:00,3.814814814814815,27,30,False,19.0,100.0,2.0,6.21,0.34729635533386094,1.969615506024416
2026-04-12 21:00:00,4.296296296296297,27,30,False,19.0,100.0,0.0,6.21,0.0,0.0
2026-04-12 22:00:00,8.296296296296296,27,30,False,19.0,100.0,2.0,6.21,-0.9999999999999999,1.7320508075688774
2026-04-12 23:00:00,14.10344827586207,29,30,False,17.67,100.0,0.0,4.14,0.0,0.0
2026-04-13 00:00:00,13.333333333333334,27,30,False,17.14,100.0,0.43,1.11,-0.010505836605640856,-0.4298716406059087
2026-04-13 01:00:00,19.178571428571427,28,30,False,14.2,100.0,1.6,0.39,1.5844289099865125,0.22267696153610533
2026-04-13 02:00:00,70.03448275862068,29,30,False,13.0,100.0,0.0,0.1,0.0,0.0
2026-04-13 03:00:00,101.46666666666667,30,30,False,13.25,100.0,0.0,0.06,0.0,0.0
2026-04-13 04:00:00,73.51724137931035,29,30,False,13.0,100.0,0.5,0.12,-0.4957224306869052,-0.06526309611002586
2026-04-13 05:00:00,52.892857142857146,28,30,False,13.5,100.0,1.0,0.28,-0.17364817766693028,0.984807753012208
2026-04-13 06:00:00,71.51724137931035,29,30,False,15.0,100.0,2.0,0.37,-0.34729635533386066,-1.969615506024416
2026-04-13 07:00:00,71.03333333333333,30,30,False,15.0,100.0,0.0,0.08,0.0,0.0
2026-04-13 08:00:00,25.11111111111111,27,30,False,16.33,100.0,0.0,0.56,0.0,0.0
2026-04-13 09:00:00,32.88,25,30,False,17.5,100.0,0.0,2.8,0.0,0.0
2026-04-13 10:00:00,23.107142857142858,28,30,False,18.0,100.0,0.0,6.21,0.0,0.0
2026-04-13 11:00:00,12.592592592592593,27,30,False,22.0,73.3,0.0,6.21,0.0,0.0
2026-04-13 12:00:00,4.344827586206897,29,30,False,22.0,68.79,5.0,6.21,-3.83022221559489,3.2139380484326967
2026-04-13 13:00:00,5.785714285714286,28,30,False,23.0,68.99,6.0,6.21,-3.856725658119237,4.596266658713867
2026-04-13 14:00:00,5.964285714285714,28,30,False,23.0,73.48,9.0,6.21,-4.499999999999999,7.794228634059948
2026-04-13 15:00:00,4.482758620689655,29,30,False,24.0,69.19,10.0,6.21,-6.427876096865395,7.660444431189779
2026-04-13 16:00:00,3.9655172413793105,29,30,False,23.0,64.74,11.0,6.21,-9.526279441628827,5.499999999999997
2026-04-13 17:00:00,4.344827586206897,29,30,False,22.0,73.3,10.0,6.21,-9.396926207859085,3.420201433256687
2026-04-13 18:00:00,6.678571428571429,28,30,False,21.0,77.93,8.0,6.21,-6.92820323027551,3.9999999999999982
2026-04-13 19:00:00,7.821428571428571,28,30,False,20.0,88.28,8.0,6.21,-7.517540966287267,2.7361611466053497
2026-04-13 20:00:00,8.758620689655173,29,30,False,20.0,88.28,10.0,6.21,-9.396926207859085,3.420201433256687
2026-04-13 21:00:00,9.428571428571429,28,30,False,20.0,82.88,8.0,6.21,-7.878462024097664,1.3891854213354424
2026-04-13 22:00:00,8.928571428571429,28,30,False,19.0,88.19,7.0,6.21,-6.893654271085456,-1.2155372436685128
2026-04-13 23:00:00,11.115384615384615,26,30,False,18.0,93.89,5.0,6.21,-4.698463103929542,-1.7101007166283442
2026-04-14 00:00:00,10.392857142857142,28,30,False,17.0,100.0,1.0,6.21,-0.49999999999999994,-0.8660254037844387
2026-04-14 01:00:00,7.642857142857143,28,30,False,17.0,100.0,2.0,6.21,-1.7320508075688772,-1.0000000000000002
2026-04-14 02:00:00,8.071428571428571,28,30,False,16.0,100.0,0.0,6.21,0.0,0.0
2026-04-14 03:00:00,7.366666666666667,30,30,False,16.0,100.0,3.0,6.21,-2.598076211353316,-1.5000000000000004
2026-04-14 04:00:00,3.206896551724138,29,30,False,15.0,100.0,4.0,6.21,-3.064177772475912,-2.5711504387461575
2026-04-14 05:00:00,3.2857142857142856,28,30,False,14.0,100.0,4.0,5.59,-4.0,-2.4492935982947064e-16
2026-04-14 06:00:00,4.214285714285714,28,30,False,14.0,100.0,5.0,5.59,-5.0,-3.061616997868383e-16
2026-04-14 07:00:00,3.607142857142857,28,30,False,15.0,100.0,6.0,6.21,-5.908846518073248,1.0418890660015818
2026-04-14 08:00:00,3.6206896551724137,29,30,False,16.0,100.0,7.0,6.21,-6.06217782649107,-3.500000000000001
2026-04-14 09:00:00,6.0625,16,30,False,18.5,100.0,7.5,6.21,-4.820907072649044,-5.745333323392335
2026-04-14 10:00:00,5.428571428571429,28,30,False,20.0,93.98,12.0,6.21,-4.104241719908025,-11.276311449430901
2026-04-14 11:00:00,5.678571428571429,28,30,False,23.0,78.23,12.0,6.21,-4.104241719908025,-11.276311449430901
2026-04-14 12:00:00,7.285714285714286,28,30,False,24.0,78.38,12.0,6.21,-5.999999999999999,-10.392304845413264
2026-04-14 13:00:00,6.071428571428571,28,30,False,25.0,69.38,10.0,6.21,-7.66044443118978,-6.427876096865393
2026-04-14 14:00:00,5.178571428571429,28,30,False,25.0,73.83,10.0,6.21,-4.999999999999999,-8.660254037844387
2026-04-14 15:00:00,5.724137931034483,29,30,False,25.0,73.83,8.0,6.21,-2.7361611466053497,-7.517540966287267
2026-04-14 16:00:00,5.821428571428571,28,30,False,25.0,69.38,10.0,6.21,-6.4278760968653925,-7.66044443118978
2026-04-14 17:00:00,3.9285714285714284,28,30,False,25.0,69.38,7.0,6.21,-6.06217782649107,-3.500000000000001
2026-04-14 18:00:00,6.733333333333333,30,30,False,24.0,78.38,7.0,6.21,-6.5778483455013586,-2.3941410032796817
2026-04-14 19:00:00,6.4,30,30,False,23.0,83.24,4.0,6.21,-3.464101615137755,1.9999999999999991
2026-04-14 20:00:00,7.551724137931035,29,30,False,22.0,94.07,5.0,6.21,-4.698463103929543,1.7101007166283435
2026-04-14 21:00:00,8.192307692307692,26,30,False,22.0,94.07,5.0,6.21,-4.698463103929543,1.7101007166283435
2026-04-14 22:00:00,6.392857142857143,28,30,False,22.0,94.07,7.0,6.21,-6.893654271085456,1.2155372436685121
2026-04-14 23:00:00,6.035714285714286,28,30,False,21.0,100.0,4.0,6.21,-3.939231012048832,0.6945927106677212
2026-04-15 00:00:00,5.8076923076923075,26,30,False,21.0,100.0,6.0,6.21,-5.63815572471545,-2.052120859954013
2026-04-15 01:00:00,6.25,28,30,False,21.0,100.0,4.0,6.21,-3.7587704831436333,-1.3680805733026753
2026-04-15 02:00:00,7.551724137931035,29,30,False,21.0,100.0,6.0,6.21,-5.63815572471545,-2.052120859954013
2026-04-15 03:00:00,6.3,30,30,False,21.0,100.0,6.0,6.21,-5.63815572471545,-2.052120859954013
2026-04-15 04:00:00,7.535714285714286,28,30,False,21.0,100.0,4.0,6.21,-3.064177772475912,-2.5711504387461575
2026-04-15 05:00:00,7.607142857142857,28,30,False,21.0,100.0,4.0,6.21,-3.939231012048832,-0.6945927106677217
2026-04-15 06:00:00,8.482758620689655,29,30,False,21.0,100.0,3.0,6.21,-2.8190778623577253,1.0260604299770062
2026-04-15 07:00:00,8.285714285714286,28,30,False,21.0,100.0,4.0,6.21,-3.064177772475912,2.5711504387461575
2026-04-15 08:00:00,8.3,30,30,False,21.0,94.02,6.0,6.21,-5.908846518073248,1.0418890660015818
2026-04-15 09:00:00,9.043478260869565,23,30,False,22.0,88.45,8.0,6.21,-7.878462024097664,-1.3891854213354433
2026-04-15 10:00:00,7.535714285714286,28,30,False,23.0,88.53,8.0,6.21,-8.0,-4.898587196589413e-16
2026-04-15 11:00:00,9.607142857142858,28,30,False,23.0,88.53,6.0,6.21,-5.638155724715451,2.0521208599540124
2026-04-15 12:00:00,8.928571428571429,28,30,False,23.0,88.53,8.0,6.21,-6.92820323027551,3.9999999999999982
2026-04-15 13:00:00,9.321428571428571,28,30,False,24.0,88.61,8.0,6.21,-7.517540966287267,2.7361611466053497
2026-04-15 14:00:00,8.892857142857142,28,30,False,24.0,83.36,6.0,6.21,-5.196152422706632,2.9999999999999987
2026-04-15 15:00:00,4.178571428571429,28,30,False,24.0,88.61,8.0,6.21,-5.142300877492316,6.128355544951823
2026-04-15 16:00:00,4.071428571428571,28,30,False,23.0,88.53,8.0,6.21,-8.0,-4.898587196589413e-16
2026-04-15 17:00:00,5.357142857142857,28,30,False,23.0,88.53,9.0,6.21,-7.794228634059948,4.499999999999998
2026-04-15 18:00:00,9.107142857142858,28,30,False,22.0,100.0,10.0,4.97,-8.660254037844387,4.999999999999998
2026-04-15 19:00:00,5.642857142857143,28,30,False,22.0,100.0,10.0,5.59,-9.396926207859085,3.420201433256687
2026-04-15 20:00:00,3.7,30,30,False,22.0,100.0,9.0,6.21,-7.794228634059948,4.499999999999998
2026-04-15 21:00:00,5.925925925925926,27,30,False,22.0,94.07,9.0,6.21,-8.457233587073176,3.0781812899310186
2026-04-15 22:00:00,7.428571428571429,28,30,False,22.0,94.07,9.0,6.21,-7.794228634059948,4.499999999999998
2026-04-15 23:00:00,7.275862068965517,29,30,False,22.0,88.45,8.0,6.21,-7.517540966287267,2.7361611466053497
2026-04-16 00:00:00,5.148148148148148,27,30,False,22.0,88.45,7.0,6.21,-6.5778483455013586,2.394141003279681
2026-04-16 01:00:00,4.428571428571429,28,30,False,21.0,100.0,7.0,6.21,-6.893654271085456,1.2155372436685121
2026-04-16 02:00:00,4.321428571428571,28,30,False,21.0,94.02,7.0,6.21,-7.0,-4.286263797015736e-16
2026-04-16 03:00:00,4.9,30,30,False,21.0,100.0,7.0,6.21,-6.5778483455013586,2.394141003279681
2026-04-16 04:00:00,3.0,28,30,False,21.0,100.0,7.0,3.11,-6.5778483455013586,2.394141003279681
2026-04-16 05:00:00,3.0,28,30,False,21.0,100.0,9.0,3.11,-7.794228634059948,4.499999999999998
2026-04-16 06:00:00,3.0,29,30,False,21.0,100.0,8.0,6.21,-6.92820323027551,3.9999999999999982
2026-04-16 07:00:00,3.25,28,30,False,21.0,100.0,9.0,2.55,-7.794228634059948,4.499999999999998
2026-04-16 08:00:00,3.0,28,30,False,21.0,100.0,9.0,2.8,-8.457233587073176,3.0781812899310186
2026-04-16 09:00:00,3.107142857142857,28,30,False,20.0,100.0,10.0,4.35,-9.659258262890683,2.5881904510252083
2026-04-16 10:00:00,3.0,28,30,False,20.0,100.0,9.0,5.59,-8.863269777109872,1.5628335990023727
2026-04-16 11:00:00,3.2758620689655173,29,30,False,22.0,100.0,10.0,6.21,-9.396926207859085,3.420201433256687
2026-04-16 12:00:00,3.5357142857142856,28,30,False,23.0,94.11,7.0,6.21,-6.5778483455013586,2.394141003279681
2026-04-16 13:00:00,3.962962962962963,27,30,False,22.0,100.0,6.0,6.21,-5.196152422706632,2.9999999999999987
2026-04-16 14:00:00,4.9655172413793105,29,30,False,24.0,88.61,6.0,6.21,-5.63815572471545,-2.052120859954013
2026-04-16 15:00:00,4.428571428571429,28,30,False,23.0,94.11,5.0,6.21,-3.83022221559489,3.2139380484326967
2026-04-16 16:00:00,3.0,30,30,False,23.0,100.0,0.0,4.97,0.0,0.0
2026-04-16 17:00:00,3.0,29,30,False,23.0,100.0,0.0,6.21,0.0,0.0
2026-04-16 18:00:00,3.0,28,30,False,22.0,100.0,0.0,6.21,0.0,0.0
2026-04-16 19:00:00,3.0,29,30,False,22.0,100.0,0.0,6.21,0.0,0.0
2026-04-16 20:00:00,3.0,28,30,False,21.0,100.0,0.0,6.21,0.0,0.0
2026-04-16 21:00:00,7.888888888888889,27,30,False,21.0,100.0,0.0,6.21,0.0,0.0
2026-04-16 22:00:00,12.518518518518519,27,30,False,21.0,100.0,0.0,6.21,0.0,0.0
2026-04-16 23:00:00,4.9655172413793105,29,30,False,21.0,100.0,0.0,4.97,0.0,0.0
2026-04-17 00:00:00,3.0,27,30,False,19.5,100.0,4.25,3.57,2.7318473411677933,-3.2556888832556554
2026-04-17 01:00:00,3.0,27,30,False,19.0,100.0,2.0,3.73,-1.9156449896906298,0.574721039699424
2026-04-17 02:00:00,3.0,28,30,False,19.0,100.0,0.0,1.4,0.0,0.0
2026-04-17 03:00:00,3.0,30,30,False,19.0,100.0,0.0,1.97,0.0,0.0
2026-04-17 04:00:00,3.0,29,30,False,19.25,100.0,2.25,6.21,-1.9485571585149868,-1.1250000000000002
2026-04-17 05:00:00,3.0,28,30,False,19.5,100.0,13.0,4.66,9.192388155425117,9.19238815542512
2026-04-17 06:00:00,3.0,28,30,False,19.0,100.0,15.5,4.04,7.750000000000002,13.423393758658799
2026-04-17 07:00:00,3.0,30,30,False,19.0,100.0,11.0,3.11,7.070663706551931,8.42648887430876
2026-04-17 08:00:00,4.241379310344827,29,30,False,20.0,100.0,14.67,3.52,9.42969423410153,11.23787198055541
2026-04-17 09:00:00,3.0,25,30,False,20.0,100.0,14.67,2.69,8.054164740032594,12.261293991272524
2026-04-17 10:00:00,6.178571428571429,28,30,False,20.0,100.0,13.5,5.28,8.67763273076828,10.341599982106205
2026-04-17 11:00:00,31.620689655172413,29,30,False,21.0,88.36,18.0,6.21,9.000000000000002,15.588457268119894
2026-04-17 12:00:00,11.678571428571429,28,30,False,21.0,88.36,15.5,6.21,12.69685668647937,8.890434763441219
2026-04-17 13:00:00,5.964285714285714,28,30,False,22.0,83.12,14.0,6.21,12.124355652982139,7.000000000000006
2026-04-17 14:00:00,3.8620689655172415,29,30,False,22.0,83.12,16.0,6.21,13.856406460551016,8.000000000000007
2026-04-17 15:00:00,3.0,28,30,False,22.0,83.12,14.5,6.21,11.877704642190379,8.316858327090172
2026-04-17 16:00:00,3.0,28,30,False,22.0,83.12,12.0,6.21,9.192533317427735,7.713451316238474
2026-04-17 17:00:00,6.642857142857143,28,30,False,21.0,94.02,11.0,6.21,7.070663706551931,8.42648887430876
2026-04-17 18:00:00,4.892857142857143,28,30,False,20.0,93.98,10.0,6.21,6.4278760968653925,7.660444431189781
2026-04-17 19:00:00,5.0,28,30,False,20.0,93.98,10.0,6.21,6.4278760968653925,7.660444431189781
2026-04-17 20:00:00,3.5357142857142856,28,30,False,20.0,93.98,12.0,6.21,6.000000000000002,10.392304845413264
2026-04-17 21:00:00,4.076923076923077,26,30,False,19.0,100.0,10.0,6.21,3.4202014332566866,9.396926207859085
2026-04-17 22:00:00,5.392857142857143,28,30,False,19.0,100.0,7.0,6.21,3.500000000000001,6.06217782649107
2026-04-17 23:00:00,5.75,28,30,False,19.0,100.0,3.0,6.21,2.2981333293569337,1.9283628290596184
2026-04-18 00:00:00,4.142857142857143,28,30,False,17.0,100.0,4.5,3.11,4.346666218300808,-1.1646857029613413
2026-04-18 01:00:00,3.0,28,30,False,16.0,100.0,4.0,2.49,3.7587704831436333,-1.368080573302676
2026-04-18 02:00:00,3.107142857142857,28,30,False,16.0,100.0,4.0,0.69,3.4641016151377544,-2.0000000000000004
2026-04-18 03:00:00,13.6,30,30,False,16.0,100.0,0.0,1.06,0.0,0.0
2026-04-18 04:00:00,10.392857142857142,28,30,False,16.0,100.0,0.0,0.27,0.0,0.0
2026-04-18 05:00:00,36.689655172413794,29,30,False,16.0,100.0,0.0,0.03,0.0,0.0
2026-04-18 06:00:00,34.67857142857143,28,30,False,16.0,100.0,0.0,0.06,0.0,0.0
2026-04-18 07:00:00,22.724137931034484,29,30,False,17.0,100.0,0.0,0.27,0.0,0.0
2026-04-18 08:00:00,9.172413793103448,29,30,False,17.67,100.0,0.0,2.28,0.0,0.0
2026-04-18 09:00:00,4.461538461538462,26,30,False,19.5,100.0,6.5,4.66,6.401250394579353,-1.1287131548350449
2026-04-18 10:00:00,3.5357142857142856,28,30,False,20.0,100.0,8.0,6.21,7.878462024097665,-1.3891854213354398
2026-04-18 11:00:00,4.5,28,30,False,23.0,83.24,10.0,6.21,9.396926207859085,3.4202014332566852
2026-04-18 12:00:00,3.392857142857143,28,30,False,24.0,78.38,8.0,6.21,7.878462024097664,1.3891854213354426
2026-04-18 13:00:00,3.103448275862069,29,30,False,24.0,73.66,8.0,6.21,7.517540966287267,2.7361611466053484
2026-04-18 14:00:00,4.214285714285714,28,30,False,24.0,73.66,10.0,6.21,9.396926207859085,3.4202014332566852
2026-04-18 15:00:00,3.413793103448276,29,30,False,25.0,65.17,8.0,6.21,7.517540966287267,2.7361611466053484
2026-04-18 16:00:00,3.4482758620689653,29,30,False,24.0,69.19,7.0,6.21,6.0621778264910695,3.500000000000003
2026-04-18 17:00:00,3.0,27,30,False,23.0,60.72,4.0,6.21,3.939231012048832,0.6945927106677213
2026-04-18 18:00:00,4.5,28,30,False,21.0,64.3,3.0,6.21,2.5980762113533156,1.5000000000000013
2026-04-18 19:00:00,9.607142857142858,28,30,False,21.0,73.13,0.0,6.21,0.0,0.0
2026-04-18 20:00:00,26.178571428571427,28,30,False,20.0,77.77,0.0,6.21,0.0,0.0
2026-04-18 21:00:00,55.26923076923077,26,30,False,19.0,82.76,0.0,6.21,0.0,0.0
2026-04-18 22:00:00,107.25,28,30,False,19.0,88.19,0.0,4.97,0.0,0.0
2026-04-18 23:00:00,83.14814814814815,27,30,False,18.0,93.89,0.0,4.97,0.0,0.0
2026-04-19 00:00:00,158.14285714285714,28,30,False,16.0,100.0,0.0,4.97,0.0,0.0
2026-04-19 01:00:00,90.03448275862068,29,30,False,16.0,100.0,0.0,6.21,0.0,0.0
2026-04-19 02:00:00,35.58620689655172,29,30,False,16.0,100.0,0.0,6.21,0.0,0.0
2026-04-19 03:00:00,21.833333333333332,30,30,False,16.0,100.0,4.0,6.21,-0.6945927106677213,-3.939231012048832
2026-04-19 04:00:00,21.214285714285715,28,30,False,15.0,100.0,3.0,6.21,0.5209445330007911,-2.954423259036624
2026-04-19 05:00:00,22.17241379310345,29,30,False,15.0,100.0,0.0,6.21,0.0,0.0
2026-04-19 06:00:00,11.892857142857142,28,30,False,15.0,100.0,4.0,6.21,1.3680805733026744,-3.7587704831436337
2026-04-19 07:00:00,13.517241379310345,29,30,False,15.0,100.0,4.0,6.21,1.3680805733026744,-3.7587704831436337
2026-04-19 08:00:00,13.76923076923077,26,30,False,16.0,100.0,0.0,6.21,0.0,0.0
2026-04-19 09:00:00,7.821428571428571,28,30,False,19.0,93.93,5.0,6.21,1.710100716628343,-4.698463103929543
2026-04-19 10:00:00,3.9642857142857144,28,30,False,21.0,83.0,3.0,6.21,1.0260604299770058,-2.8190778623577253
2026-04-19 11:00:00,3.0,28,30,False,24.0,64.96,8.0,6.21,4.0000000000000036,-6.928203230275507
2026-04-19 12:00:00,3.0,28,30,False,26.0,54.11,7.0,6.21,5.362311101832847,-4.499513267805774
2026-04-19 13:00:00,3.0,29,30,False,26.0,57.67,7.0,6.21,5.362311101832845,4.499513267805776
2026-04-19 14:00:00,3.0,29,30,False,25.0,61.19,10.0,6.21,8.660254037844386,5.000000000000004
2026-04-19 15:00:00,3.0,28,30,False,25.0,57.42,9.0,6.21,5.785088487178854,6.894399988070803
2026-04-19 16:00:00,3.9642857142857144,28,30,False,25.0,53.86,6.0,6.21,2.052120859954012,5.638155724715451
2026-04-19 17:00:00,3.0,30,30,False,25.0,53.86,2.0,6.21,0.34729635533386094,1.969615506024416
2026-04-19 18:00:00,3.0,27,30,False,24.0,57.17,0.0,6.21,0.0,0.0
2026-04-19 19:00:00,4.620689655172414,29,30,False,21.0,83.0,3.0,6.21,-1.4999999999999998,2.598076211353316
2026-04-19 20:00:00,6.769230769230769,26,30,False,21.0,94.02,5.0,6.21,-4.92403876506104,0.8682408883346515
2026-04-19 21:00:00,9.464285714285714,28,30,False,20.0,93.98,3.0,6.21,-1.4999999999999998,-2.598076211353316
2026-04-19 22:00:00,5.310344827586207,29,30,False,21.0,94.02,10.0,6.21,-6.427876096865395,7.660444431189779
2026-04-19 23:00:00,3.103448275862069,29,30,False,20.0,93.98,12.0,6.21,-10.392304845413264,5.999999999999997
2026-04-20 00:00:00,3.642857142857143,28,30,False,20.0,93.98,10.0,6.21,-7.66044443118978,6.427876096865393
2026-04-20 01:00:00,3.0,28,30,False,20.0,93.98,10.0,6.21,-7.66044443118978,6.427876096865393
2026-04-20 02:00:00,4.428571428571429,28,30,False,20.0,93.98,10.0,6.21,-7.66044443118978,6.427876096865393
2026-04-20 03:00:00,3.5,30,30,False,20.0,93.98,10.0,6.21,-8.660254037844387,4.999999999999998
2026-04-20 04:00:00,4.071428571428571,28,30,False,20.0,93.98,10.0,6.21,-7.66044443118978,6.427876096865393
2026-04-20 05:00:00,5.793103448275862,29,30,False,20.0,93.98,10.0,6.21,-8.660254037844387,4.999999999999998
2026-04-20 06:00:00,5.551724137931035,29,30,False,19.0,100.0,8.0,6.21,-7.878462024097664,1.3891854213354424
2026-04-20 07:00:00,6.133333333333333,30,30,False,20.0,93.98,10.0,6.21,-9.84807753012208,1.736481776669303
2026-04-20 08:00:00,7.592592592592593,27,30,False,19.0,100.0,8.0,6.21,-6.92820323027551,3.9999999999999982
2026-04-20 09:00:00,3.423076923076923,26,30,False,21.0,88.36,10.0,6.21,-8.660254037844387,4.999999999999998
2026-04-20 10:00:00,4.758620689655173,29,30,False,22.0,83.12,12.0,6.21,-11.276311449430901,4.104241719908025
2026-04-20 11:00:00,7.178571428571429,28,30,False,22.0,83.12,11.0,6.21,-9.526279441628827,5.499999999999997
2026-04-20 12:00:00,8.642857142857142,28,30,False,21.0,88.36,10.0,6.21,-8.660254037844387,4.999999999999998
2026-04-20 13:00:00,9.206896551724137,29,30,False,21.0,88.36,10.0,6.21,-7.66044443118978,6.427876096865393
2026-04-20 14:00:00,10.071428571428571,28,30,False,21.0,88.36,9.0,6.21,-6.894399988070802,5.785088487178855
2026-04-20 15:00:00,9.482758620689655,29,30,False,21.0,88.36,12.0,6.21,-10.392304845413264,5.999999999999997
2026-04-20 16:00:00,9.296296296296296,27,30,False,21.0,88.36,12.0,6.21,-7.713451316238474,9.192533317427735
2026-04-20 17:00:00,7.821428571428571,28,30,False,20.0,93.98,14.0,6.21,-8.999026535611552,10.72462220366569
2026-04-20 18:00:00,8.035714285714286,28,30,False,20.0,88.28,16.0,6.21,-12.256711089903648,10.28460175498463
2026-04-20 19:00:00,8.96551724137931,29,30,False,20.0,88.28,13.0,6.21,-12.21600407021681,4.446261863233693
2026-04-20 20:00:00,8.821428571428571,28,30,False,20.0,93.98,14.0,6.21,-14.0,-8.572527594031472e-16
2026-04-20 21:00:00,5.346153846153846,26,30,False,20.0,93.98,10.0,6.21,-9.396926207859085,3.420201433256687
2026-04-20 22:00:00,5.620689655172414,29,30,False,20.0,93.98,6.0,6.21,-5.638155724715451,2.0521208599540124
2026-04-20 23:00:00,7.724137931034483,29,30,False,19.0,100.0,8.0,6.21,-7.878462024097664,1.3891854213354424
2026-04-21 00:00:00,6.851851851851852,27,30,False,19.0,100.0,3.0,6.21,-2.954423259036624,0.5209445330007909
2026-04-21 01:00:00,6.551724137931035,29,30,False,19.0,100.0,4.0,6.21,-2.571150438746158,3.0641777724759116
2026-04-21 02:00:00,6.655172413793103,29,30,False,20.0,93.98,0.0,6.21,0.0,0.0
2026-04-21 03:00:00,5.133333333333333,30,30,False,19.5,96.99,4.5,4.66,-4.5,-2.755455298081545e-16
2026-04-21 04:00:00,3.0,28,30,False,19.0,100.0,3.0,6.21,-2.954423259036624,0.5209445330007909
2026-04-21 05:00:00,3.4482758620689653,29,30,False,19.0,100.0,3.0,6.21,-2.954423259036624,0.5209445330007909
2026-04-21 06:00:00,3.357142857142857,28,30,False,19.0,100.0,0.0,6.21,0.0,0.0
2026-04-21 07:00:00,3.5714285714285716,28,30,False,19.0,100.0,0.0,6.21,0.0,0.0
2026-04-21 08:00:00,6.777777777777778,27,30,False,19.0,100.0,0.0,6.21,0.0,0.0
2026-04-21 09:00:00,9.076923076923077,26,30,False,20.0,100.0,0.0,6.21,0.0,0.0
2026-04-21 10:00:00,8.862068965517242,29,30,False,20.0,93.98,0.0,6.21,0.0,0.0
2026-04-21 11:00:00,10.814814814814815,27,30,False,20.0,96.99,3.0,5.59,-2.1213203435596424,-2.121320343559643
2026-04-21 12:00:00,9.862068965517242,29,30,False,20.0,100.0,3.0,4.97,-2.8190778623577253,1.0260604299770062
2026-04-21 13:00:00,6.285714285714286,28,30,False,20.0,100.0,0.0,4.97,0.0,0.0
2026-04-21 14:00:00,7.535714285714286,28,30,False,20.5,100.0,6.0,2.33,-3.856725658119237,4.596266658713867
2026-04-21 15:00:00,9.448275862068966,29,30,False,21.0,100.0,6.0,6.21,-5.638155724715451,2.0521208599540124
2026-04-21 16:00:00,12.035714285714286,28,30,False,20.0,100.0,6.0,5.28,-4.914912265733951,-3.4414586181062763
2026-04-21 17:00:00,3.6666666666666665,27,30,False,19.5,100.0,8.0,3.42,-5.65685424949238,-5.656854249492381
2026-04-21 18:00:00,3.0,29,30,False,19.0,100.0,11.0,4.35,-8.426488874308758,-7.070663706551933
2026-04-21 19:00:00,4.214285714285714,28,30,False,18.0,100.0,10.0,6.21,-8.660254037844386,-5.000000000000001
2026-04-21 20:00:00,8.076923076923077,26,30,False,18.0,100.0,4.0,6.21,-3.064177772475912,2.5711504387461575
2026-04-21 21:00:00,7.321428571428571,28,30,False,19.0,100.0,7.0,6.21,-7.0,-4.286263797015736e-16
2026-04-21 22:00:00,9.392857142857142,28,30,False,19.0,100.0,5.0,6.21,-3.83022221559489,-3.2139380484326967
2026-04-21 23:00:00,11.285714285714286,28,30,False,18.0,100.0,2.0,6.21,4.898587196589413e-16,-2.0
2026-04-22 00:00:00,6.428571428571429,28,30,False,18.0,100.0,5.0,6.21,3.213938048432698,-3.830222215594889
2026-04-22 01:00:00,4.321428571428571,28,30,False,18.0,100.0,4.0,5.59,2.5711504387461583,-3.064177772475911
2026-04-22 02:00:00,3.0,29,30,False,18.0,100.0,8.0,5.59,6.128355544951825,-5.142300877492314
2026-04-22 03:00:00,3.5,30,30,False,18.0,100.0,9.0,6.21,8.863269777109874,-1.5628335990023698
2026-04-22 04:00:00,3.5,28,30,False,18.0,100.0,10.0,6.21,9.848077530122081,-1.7364817766692997
2026-04-22 05:00:00,3.0,29,30,False,17.0,100.0,11.0,6.21,10.832885283134289,-1.9101299543362296
2026-04-22 06:00:00,3.0,28,30,False,16.0,100.0,12.0,6.21,12.0,2.204364238465236e-15
2026-04-22 07:00:00,3.0,27,30,False,15.0,100.0,12.0,6.21,11.2763114494309,-4.104241719908028
2026-04-22 08:00:00,3.12,25,30,False,14.0,100.0,12.0,6.21,9.192533317427738,-7.713451316238471
2026-04-22 09:00:00,3.0,25,30,False,15.0,93.74,11.0,6.21,8.42648887430876,-7.070663706551931
2026-04-22 10:00:00,3.5357142857142856,28,30,False,15.0,93.74,12.0,6.21,12.0,2.204364238465236e-15
2026-04-22 11:00:00,3.0,28,30,False,15.0,93.74,13.0,6.21,12.216004070216808,-4.446261863233697
2026-04-22 12:00:00,3.0,27,30,False,16.0,87.93,12.0,6.21,12.0,2.204364238465236e-15
2026-04-22 13:00:00,3.0,30,30,False,17.0,88.01,10.0,6.21,10.0,1.8369701987210296e-15
2026-04-22 14:00:00,3.148148148148148,27,30,False,17.0,82.51,9.0,6.21,9.0,1.6532731788489267e-15
2026-04-22 15:00:00,3.0,29,30,False,17.0,88.01,10.0,6.21,10.0,1.8369701987210296e-15
2026-04-22 16:00:00,3.0,28,30,False,16.0,93.79,9.0,6.21,9.0,1.6532731788489267e-15
2026-04-22 17:00:00,3.0,28,30,False,16.0,93.79,8.0,6.21,8.0,1.4695761589768238e-15
2026-04-22 18:00:00,3.0,28,30,False,16.0,93.79,5.0,6.21,4.924038765061041,-0.8682408883346499
2026-04-22 19:00:00,3.392857142857143,28,30,False,16.0,87.93,5.0,6.21,4.924038765061041,-0.8682408883346499
2026-04-22 20:00:00,3.0,29,30,False,13.0,100.0,3.0,6.21,2.819077862357725,-1.026060429977007
2026-04-22 21:00:00,9.5,26,30,False,13.0,100.0,4.0,6.21,2.5711504387461583,-3.064177772475911
2026-04-22 22:00:00,23.285714285714285,28,30,False,13.0,100.0,4.0,6.21,2.0000000000000018,-3.4641016151377535
2026-04-22 23:00:00,29.724137931034484,29,30,False,12.0,100.0,3.0,6.21,1.5000000000000013,-2.598076211353315
2026-04-23 00:00:00,22.75,28,30,False,13.0,100.0,5.0,6.21,3.213938048432698,-3.830222215594889
2026-04-23 01:00:00,13.75,28,30,False,12.0,100.0,4.0,6.21,1.3680805733026744,-3.7587704831436337
2026-04-23 02:00:00,3.206896551724138,29,30,False,12.0,100.0,3.0,6.21,1.5000000000000013,-2.598076211353315
2026-04-23 03:00:00,5.4,30,30,False,11.0,100.0,4.0,5.59,0.6945927106677215,-3.939231012048832
2026-04-23 04:00:00,5.857142857142857,28,30,False,12.0,100.0,4.0,6.21,2.5711504387461583,-3.064177772475911
2026-04-23 05:00:00,6.535714285714286,28,30,False,12.0,100.0,4.0,6.21,1.3680805733026744,-3.7587704831436337
2026-04-23 06:00:00,5.9655172413793105,29,30,False,12.0,100.0,4.0,6.21,0.6945927106677215,-3.939231012048832
2026-04-23 07:00:00,6.666666666666667,27,30,False,12.0,100.0,4.0,6.21,-0.6945927106677213,-3.939231012048832
2026-04-23 08:00:00,7.111111111111111,27,30,False,12.0,100.0,3.0,6.21,-0.520944533000791,-2.954423259036624
2026-04-23 09:00:00,16.82758620689655,29,30,False,14.0,100.0,3.0,6.21,0.5209445330007911,-2.954423259036624
2026-04-23 10:00:00,18.285714285714285,28,30,False,17.0,93.84,4.0,6.21,0.6945927106677215,-3.939231012048832
2026-04-23 11:00:00,3.2142857142857144,28,30,False,20.0,60.0,2.0,6.21,1.7320508075688772,-1.0000000000000002
2026-04-23 12:00:00,3.0,28,30,False,21.0,52.81,6.0,6.21,3.000000000000001,5.196152422706632
2026-04-23 13:00:00,3.4814814814814814,27,30,False,22.0,35.4,6.0,6.21,3.8567256581192355,4.596266658713869
2026-04-23 14:00:00,3.9310344827586206,29,30,False,22.0,37.92,5.0,6.21,0.8682408883346524,4.92403876506104
2026-04-23 15:00:00,3.0,28,30,False,21.0,49.4,8.0,6.21,1.3891854213354438,7.878462024097664
2026-04-23 16:00:00,3.2413793103448274,29,30,False,21.0,46.19,7.0,6.21,2.394141003279681,6.5778483455013586
2026-04-23 17:00:00,3.3214285714285716,28,30,False,21.0,46.19,4.0,6.21,-4.898587196589413e-16,4.0
2026-04-23 18:00:00,5.103448275862069,29,30,False,19.0,55.91,4.0,6.21,-0.6945927106677211,3.939231012048832
2026-04-23 19:00:00,11.785714285714286,28,30,False,18.0,59.52,2.0,6.21,-1.285575219373079,1.5320888862379558
2026-04-23 20:00:00,19.185185185185187,27,30,False,17.0,67.76,3.0,6.21,-2.298133329356934,-1.9283628290596182
2026-04-23 21:00:00,26.571428571428573,28,30,False,16.0,72.21,4.0,6.21,-3.064177772475912,-2.5711504387461575
2026-04-23 22:00:00,27.535714285714285,28,30,False,14.0,82.13,3.0,6.21,-1.4999999999999998,-2.598076211353316
2026-04-23 23:00:00,20.535714285714285,28,30,False,13.0,82.0,3.0,6.21,-1.4999999999999998,-2.598076211353316
2026-04-24 00:00:00,18.928571428571427,28,30,False,13.0,87.65,5.0,6.21,-2.4999999999999996,-4.330127018922194
2026-04-24 01:00:00,13.172413793103448,29,30,False,12.0,87.56,4.0,6.21,-1.9999999999999998,-3.464101615137755
2026-04-24 02:00:00,10.333333333333334,27,30,False,12.0,93.6,4.0,6.21,-1.9999999999999998,-3.464101615137755
2026-04-24 03:00:00,11.8,30,30,False,12.0,93.6,4.0,6.21,-1.3680805733026749,-3.7587704831436337
2026-04-24 04:00:00,10.655172413793103,29,30,False,10.0,100.0,3.0,6.21,7.347880794884119e-16,-3.0
2026-04-24 05:00:00,9.96551724137931,29,30,False,11.0,100.0,3.0,6.21,-1.4999999999999998,-2.598076211353316
2026-04-24 06:00:00,10.5,28,30,False,11.0,100.0,0.0,6.21,0.0,0.0
2026-04-24 07:00:00,13.074074074074074,27,30,False,10.0,100.0,0.0,6.21,0.0,0.0
2026-04-24 08:00:00,14.653846153846153,26,30,False,10.0,100.0,3.0,6.21,0.5209445330007911,-2.954423259036624
2026-04-24 09:00:00,11.56,25,30,False,15.0,93.74,5.0,6.21,-2.4999999999999996,-4.330127018922194
2026-04-24 10:00:00,4.357142857142857,28,30,False,17.0,88.01,5.0,6.21,-0.8682408883346516,-4.92403876506104
2026-04-24 11:00:00,3.357142857142857,28,30,False,19.0,82.76,5.0,6.21,-1.7101007166283435,-4.698463103929543
2026-04-24 12:00:00,3.0,29,30,False,21.0,68.59,5.0,6.21,-2.4999999999999996,-4.330127018922194
2026-04-24 13:00:00,4.0344827586206895,29,30,False,22.0,60.48,4.0,6.21,-1.3680805733026749,-3.7587704831436337
2026-04-24 14:00:00,3.357142857142857,28,30,False,23.0,43.73,5.0,6.21,-3.2139380484326963,-3.83022221559489
2026-04-24 15:00:00,3.0,29,30,False,23.0,60.72,7.0,6.21,-4.499513267805776,5.362311101832845
2026-04-24 16:00:00,3.0,27,30,False,22.0,60.48,7.0,6.21,-5.362311101832846,4.499513267805775
2026-04-24 17:00:00,3.0,29,30,False,21.0,68.59,8.0,6.21,-8.0,-4.898587196589413e-16
2026-04-24 18:00:00,3.0,28,30,False,19.0,77.62,7.0,6.21,-6.5778483455013586,2.394141003279681
2026-04-24 19:00:00,3.0,29,30,False,18.0,82.63,6.0,6.21,-5.638155724715451,2.0521208599540124
2026-04-24 20:00:00,3.142857142857143,28,30,False,18.0,88.1,6.0,6.21,-5.908846518073248,1.0418890660015818
2026-04-24 21:00:00,13.5,26,30,False,18.0,93.89,6.0,6.21,-6.0,-3.6739403974420594e-16
2026-04-24 22:00:00,20.392857142857142,28,30,False,17.0,100.0,5.0,6.21,-4.92403876506104,-0.8682408883346521
2026-04-24 23:00:00,27.551724137931036,29,30,False,16.0,100.0,3.0,6.21,-2.298133329356934,-1.9283628290596182
2026-04-25 00:00:00,34.0,27,30,False,15.0,100.0,3.0,6.21,-1.9283628290596178,-2.298133329356934
2026-04-25 01:00:00,22.11111111111111,27,30,False,13.5,100.0,0.0,3.29,0.0,0.0
2026-04-25 02:00:00,23.642857142857142,28,30,False,13.0,100.0,0.0,0.06,0.0,0.0
2026-04-25 03:00:00,13.333333333333334,30,30,False,13.0,100.0,4.0,6.21,-0.6945927106677213,-3.939231012048832
2026-04-25 04:00:00,10.535714285714286,28,30,False,14.0,100.0,6.0,6.21,-1.041889066001582,-5.908846518073248
2026-04-25 05:00:00,15.448275862068966,29,30,False,15.0,100.0,3.5,0.31,0.3050450996168041,-3.4866814433211095
2026-04-25 06:00:00,10.74074074074074,27,30,False,15.0,100.0,5.0,0.31,-0.8682408883346516,-4.92403876506104
2026-04-25 07:00:00,8.357142857142858,28,30,False,16.0,100.0,5.0,0.37,1.2246467991473533e-15,-5.0
2026-04-25 08:00:00,9.482758620689655,29,30,False,16.0,100.0,6.67,0.34,1.7263230308338129,-6.442725261348086
2026-04-25 09:00:00,10.076923076923077,26,30,False,17.0,100.0,5.67,0.84,1.6293341475478664,-5.430853545772935
2026-04-25 10:00:00,26.103448275862068,29,30,False,17.5,100.0,4.0,4.1,1.6904730469627969,-3.6252311481466
2026-04-25 11:00:00,16.107142857142858,28,30,False,19.0,96.99,5.0,6.21,2.500000000000002,-4.330127018922192
2026-04-25 12:00:00,23.689655172413794,29,30,False,21.0,88.36,4.0,6.21,3.7587704831436333,-1.368080573302676
2026-04-25 13:00:00,11.206896551724137,29,30,False,23.0,78.23,10.0,6.21,3.4202014332566866,9.396926207859085
2026-04-25 14:00:00,4.185185185185185,27,30,False,22.0,83.12,8.0,5.59,-1.3891854213354422,7.878462024097664
2026-04-25 15:00:00,3.5714285714285716,28,30,False,21.0,83.0,10.0,6.21,1.7364817766693048,9.84807753012208
2026-04-25 16:00:00,9.0,29,30,False,19.0,88.19,6.0,6.21,-1.0418890660015816,5.908846518073248
2026-04-25 17:00:00,12.928571428571429,28,30,False,19.0,93.93,6.0,6.21,-2.0521208599540133,5.63815572471545
2026-04-25 18:00:00,18.862068965517242,29,30,False,18.0,94.1,3.5,4.97,-3.0310889132455356,1.7499999999999991
2026-04-25 19:00:00,39.357142857142854,28,30,False,17.0,100.0,5.0,3.11,-3.83022221559489,-3.2139380484326967
2026-04-25 20:00:00,74.92307692307692,26,30,False,17.0,100.0,3.0,3.11,-1.9283628290596178,-2.298133329356934
2026-04-25 21:00:00,103.25,28,30,False,17.0,100.0,0.0,2.49,0.0,0.0
2026-04-25 22:00:00,114.96428571428571,28,30,False,16.0,100.0,3.0,1.86,-0.520944533000791,-2.954423259036624
2026-04-25 23:00:00,72.5,28,30,False,16.0,100.0,3.0,2.49,7.347880794884119e-16,-3.0
2026-04-26 00:00:00,81.96296296296296,27,30,False,15.0,100.0,3.0,3.11,1.0260604299770058,-2.8190778623577253
2026-04-26 01:00:00,32.3448275862069,29,30,False,14.0,100.0,2.0,4.35,0.6840402866513372,-1.8793852415718169
2026-04-26 02:00:00,29.035714285714285,28,30,False,14.0,100.0,2.0,3.11,1.0000000000000009,-1.7320508075688767
2026-04-26 03:00:00,25.1,30,30,False,14.0,100.0,4.0,3.73,1.3680805733026744,-3.7587704831436337
2026-04-26 04:00:00,19.433333333333334,30,30,False,14.0,100.0,4.0,3.73,2.0000000000000018,-3.4641016151377535
2026-04-26 05:00:00,3.142857142857143,28,30,False,13.0,100.0,5.0,4.35,3.213938048432698,-3.830222215594889
2026-04-26 06:00:00,3.142857142857143,28,30,False,12.6,100.0,3.0,0.66,2.2981333293569346,-1.9283628290596178
2026-04-26 07:00:00,9.344827586206897,29,30,False,12.0,100.0,3.5,1.9,2.0075175272286625,-2.8670321550114704
2026-04-26 08:00:00,14.148148148148149,27,30,False,13.0,100.0,3.0,3.11,0.5209445330007911,-2.954423259036624
2026-04-26 09:00:00,6.344827586206897,29,30,False,14.0,100.0,3.0,6.21,1.9283628290596186,-2.2981333293569333
2026-04-26 10:00:00,3.5714285714285716,28,30,False,16.0,100.0,5.0,6.21,3.213938048432698,-3.830222215594889
2026-04-26 11:00:00,10.0,29,30,False,19.0,72.76,9.0,6.21,7.794228634059947,-4.500000000000001
2026-04-26 12:00:00,3.2857142857142856,28,30,False,18.0,66.11,16.5,6.21,16.249327924701433,-2.8651949315043446
2026-04-26 13:00:00,3.0,29,30,False,16.0,77.15,11.0,6.21,11.0,2.0206672185931327e-15
2026-04-26 14:00:00,3.103448275862069,29,30,False,14.0,93.7,9.0,6.21,8.863269777109872,1.562833599002373
2026-04-26 15:00:00,6.689655172413793,29,30,False,16.0,72.21,18.5,6.21,17.869627786347767,-4.788152334396625
2026-04-26 16:00:00,15.214285714285714,28,30,False,16.0,55.13,19.0,6.21,17.854159794932258,-6.498382723187711
2026-04-26 17:00:00,37.32142857142857,28,30,False,14.0,58.52,19.0,6.21,17.85415979493226,6.498382723187702
2026-04-26 18:00:00,39.5,28,30,False,13.0,61.15,23.67,6.21,23.310399513798966,4.110252365376241
2026-04-26 19:00:00,39.13793103448276,29,30,False,13.0,62.46,23.0,6.21,23.0,4.225031457058368e-15
2026-04-26 20:00:00,16.96153846153846,26,30,False,12.0,50.35,23.0,6.21,22.650578319280786,3.9939080863393976
2026-04-26 21:00:00,7.714285714285714,28,30,False,11.0,66.48,24.0,6.21,24.0,4.408728476930472e-15
2026-04-26 22:00:00,3.1379310344827585,29,30,False,11.0,66.48,23.0,6.21,23.0,4.225031457058368e-15
2026-04-26 23:00:00,3.0,28,30,False,11.0,66.48,20.0,6.21,20.0,3.673940397442059e-15
2026-04-27 00:00:00,3.0,29,30,False,11.0,76.34,22.0,6.21,21.665770566268577,-3.820259908672459
2026-04-27 01:00:00,3.107142857142857,28,30,False,11.0,81.74,20.0,6.21,20.0,3.673940397442059e-15
2026-04-27 02:00:00,3.2142857142857144,28,30,False,11.0,87.47,20.0,6.21,20.0,3.673940397442059e-15
2026-04-27 03:00:00,4.9,30,30,False,12.0,76.51,25.0,6.21,25.0,4.592425496802574e-15
2026-04-27 04:00:00,4.482758620689655,29,30,False,12.0,81.87,22.0,6.21,21.665770566268577,3.820259908672467
2026-04-27 05:00:00,3.0,28,30,False,12.0,81.87,20.0,6.21,19.69615506024416,3.4729635533386065
2026-04-27 06:00:00,3.0,29,30,False,12.0,76.51,16.0,6.21,15.035081932574535,5.472322293210697
2026-04-27 07:00:00,3.0,29,30,False,12.0,81.87,18.5,6.21,17.384313484539305,6.327372651524868
2026-04-27 08:00:00,3.28,25,30,False,12.0,81.87,17.0,6.21,15.974774553360444,5.814342436536365
2026-04-27 09:00:00,3.4583333333333335,24,30,False,12.0,81.87,17.0,6.21,16.741731801207536,2.952019020337816
2026-04-27 10:00:00,4.0,28,30,False,12.0,87.56,18.0,6.21,17.726539554219745,3.125667198004746
2026-04-27 11:00:00,4.866666666666667,30,30,False,13.0,82.0,16.0,6.21,15.756924048195328,2.7783708426708853
2026-04-27 12:00:00,6.733333333333333,30,30,False,13.0,87.65,15.0,6.21,14.772116295183121,2.6047226650039548
2026-04-27 13:00:00,7.896551724137931,29,30,False,14.0,82.13,16.0,6.21,15.756924048195328,2.7783708426708853
2026-04-27 14:00:00,8.357142857142858,28,30,False,16.0,72.21,14.0,6.21,13.787308542170912,2.4310744873370247
2026-04-27 15:00:00,6.896551724137931,29,30,False,16.0,67.55,13.0,6.21,12.21600407021681,4.446261863233691
2026-04-27 16:00:00,3.103448275862069,29,30,False,16.0,72.21,12.0,6.21,11.817693036146496,2.083778132003164
2026-04-27 17:00:00,3.0,27,30,False,15.0,72.02,12.0,6.21,11.817693036146496,2.083778132003164
2026-04-27 18:00:00,3.0,29,30,False,14.0,82.13,8.0,6.21,7.878462024097665,-1.3891854213354398
2026-04-27 19:00:00,3.0,29,30,False,13.0,87.65,6.0,6.21,3.0000000000000027,-5.19615242270663
2026-04-27 20:00:00,3.0,28,30,False,11.0,93.55,5.0,6.21,2.500000000000002,-4.330127018922192
2026-04-27 21:00:00,3.148148148148148,27,30,False,10.0,100.0,5.0,6.21,3.8302222155948904,-3.2139380484326963
2026-04-27 22:00:00,3.0,27,30,False,10.0,100.0,4.0,6.21,2.5711504387461583,-3.064177772475911
2026-04-27 23:00:00,3.0,28,30,False,10.0,100.0,5.0,6.21,3.8302222155948904,-3.2139380484326963
2026-04-28 00:00:00,3.0,28,30,False,8.0,100.0,5.0,6.21,3.213938048432698,-3.830222215594889
2026-04-28 01:00:00,3.0,29,30,False,8.0,100.0,5.0,6.21,3.8302222155948904,-3.2139380484326963
2026-04-28 02:00:00,4.75,28,30,False,8.0,100.0,5.0,6.21,2.500000000000002,-4.330127018922192
2026-04-28 03:00:00,15.9,30,30,False,7.0,100.0,4.0,6.21,1.3680805733026744,-3.7587704831436337
2026-04-28 04:00:00,9.321428571428571,28,30,False,7.0,100.0,3.0,6.21,1.5000000000000013,-2.598076211353315
2026-04-28 05:00:00,16.75862068965517,29,30,False,7.0,100.0,3.0,6.21,1.0260604299770058,-2.8190778623577253
2026-04-28 06:00:00,13.321428571428571,28,30,False,6.0,100.0,4.0,6.21,0.6945927106677215,-3.939231012048832
2026-04-28 07:00:00,15.178571428571429,28,30,False,6.0,100.0,4.0,6.21,0.6945927106677215,-3.939231012048832
2026-04-28 08:00:00,12.066666666666666,30,30,False,7.0,100.0,4.0,6.21,1.3680805733026744,-3.7587704831436337
2026-04-28 09:00:00,11.148148148148149,27,30,False,10.0,87.37,4.0,6.21,1.3680805733026744,-3.7587704831436337
2026-04-28 10:00:00,8.5,28,30,False,13.0,71.65,8.0,6.21,6.128355544951825,-5.142300877492314
2026-04-28 11:00:00,3.642857142857143,28,30,False,15.0,58.78,10.0,6.21,6.427876096865396,-7.660444431189778
2026-04-28 12:00:00,3.0,29,30,False,16.0,48.01,12.0,6.21,10.392304845413264,-6.000000000000002
2026-04-28 13:00:00,3.0,29,30,False,16.0,36.16,12.0,6.21,10.392304845413264,-6.000000000000002
2026-04-28 14:00:00,3.0,28,30,False,17.0,33.93,12.0,6.21,7.713451316238475,-9.192533317427733
2026-04-28 15:00:00,3.0,30,30,False,17.0,33.93,10.0,6.21,8.660254037844386,-5.000000000000001
2026-04-28 16:00:00,4.517241379310345,29,30,False,18.0,34.23,10.0,6.21,5.000000000000004,-8.660254037844384
2026-04-28 17:00:00,6.689655172413793,29,30,False,18.0,31.86,10.0,6.21,6.427876096865396,-7.660444431189778
2026-04-28 18:00:00,9.107142857142858,28,30,False,15.0,44.47,10.0,6.21,1.736481776669304,-9.84807753012208
2026-04-28 19:00:00,18.20689655172414,29,30,False,12.0,58.02,8.0,6.21,1.389185421335443,-7.878462024097664
2026-04-28 20:00:00,12.333333333333334,27,30,False,11.0,66.48,7.0,6.21,1.7145055188062944e-15,-7.0
2026-04-28 21:00:00,8.931034482758621,29,30,False,11.0,66.48,5.0,6.21,0.868240888334652,-4.92403876506104
2026-04-28 22:00:00,9.178571428571429,28,30,False,11.0,66.48,9.0,6.21,2.204364238465236e-15,-9.0
2026-04-28 23:00:00,5.75,28,30,False,10.0,71.06,9.0,6.21,2.204364238465236e-15,-9.0
2026-04-29 00:00:00,3.0,28,30,False,10.0,71.06,9.0,6.21,-1.562833599002373,-8.863269777109872
2026-04-29 01:00:00,3.107142857142857,28,30,False,10.0,76.17,7.0,6.21,1.2155372436685128,-6.893654271085456
2026-04-29 02:00:00,3.6296296296296298,27,30,False,10.0,76.17,7.0,6.21,1.2155372436685128,-6.893654271085456
2026-04-29 03:00:00,4.666666666666667,30,30,False,10.0,76.17,8.0,6.21,1.389185421335443,-7.878462024097664
2026-04-29 04:00:00,7.482758620689655,29,30,False,10.0,81.6,8.0,6.21,2.736161146605349,-7.517540966287267
2026-04-29 05:00:00,9.655172413793103,29,30,False,9.0,87.28,8.0,6.21,1.389185421335443,-7.878462024097664
2026-04-29 06:00:00,10.821428571428571,28,30,False,9.0,87.28,7.0,6.21,1.2155372436685128,-6.893654271085456
2026-04-29 07:00:00,11.448275862068966,29,30,False,9.0,87.28,8.0,6.21,2.736161146605349,-7.517540966287267
2026-04-29 08:00:00,9.08695652173913,23,30,False,10.0,81.6,8.0,6.21,1.389185421335443,-7.878462024097664
2026-04-29 09:00:00,9.2,25,30,False,13.0,71.65,10.0,6.21,1.736481776669304,-9.84807753012208
2026-04-29 10:00:00,10.071428571428571,28,30,False,14.0,67.13,13.0,6.21,2.257426309670095,-12.802500789158705
2026-04-29 11:00:00,9.178571428571429,28,30,False,17.0,55.39,13.0,6.21,8.356238925925014,-9.958577760546712
2026-04-29 12:00:00,10.678571428571429,28,30,False,19.0,45.62,14.0,6.21,8.999026535611554,-10.724622203665689
2026-04-29 13:00:00,8.071428571428571,28,30,False,20.0,49.12,16.5,6.21,11.667261889578036,-11.66726188957803
2026-04-29 14:00:00,5.928571428571429,28,30,False,20.0,52.54,14.0,6.21,8.999026535611554,-10.724622203665689
2026-04-29 15:00:00,4.896551724137931,29,30,False,21.0,52.81,15.0,6.21,11.490666646784671,-9.641814145298088
2026-04-29 16:00:00,6.481481481481482,27,30,False,21.0,49.4,14.0,6.21,10.724622203665694,-8.999026535611549
2026-04-29 17:00:00,3.793103448275862,29,30,False,20.0,56.16,12.0,6.21,11.817693036146498,-2.0837781320031596
2026-04-29 18:00:00,6.75,28,30,False,17.0,67.76,7.0,6.21,6.5778483455013586,-2.394141003279683
2026-04-29 19:00:00,4.966666666666667,30,30,False,14.0,82.13,5.0,6.21,4.330127018922193,-2.5000000000000004
2026-04-29 20:00:00,3.0,29,30,False,14.0,82.13,4.0,6.21,3.4641016151377544,-2.0000000000000004
2026-04-29 21:00:00,4.346153846153846,26,30,False,13.0,87.65,4.0,6.21,3.0641777724759125,-2.571150438746157
2026-04-29 22:00:00,3.5,28,30,False,13.0,87.65,3.0,6.21,1.9283628290596186,-2.2981333293569333
2026-04-29 23:00:00,3.0,29,30,False,12.0,93.6,3.0,6.21,1.5000000000000013,-2.598076211353315
2026-04-30 00:00:00,3.0,27,30,False,12.0,93.6,3.0,6.21,7.347880794884119e-16,-3.0
2026-04-30 01:00:00,3.0,29,30,False,11.0,93.55,4.0,6.21,0.6945927106677215,-3.939231012048832
2026-04-30 02:00:00,59.2962962962963,27,30,False,11.0,100.0,3.0,4.97,0.5209445330007911,-2.954423259036624
2026-04-30 03:00:00,110.03333333333333,30,30,False,11.0,100.0,2.0,4.97,0.3472963553338608,-1.969615506024416
2026-04-30 04:00:00,129.6206896551724,29,30,False,10.0,100.0,2.0,4.97,0.3472963553338608,-1.969615506024416
2026-04-30 05:00:00,101.0,28,30,False,10.0,100.0,0.0,4.35,0.0,0.0
2026-04-30 06:00:00,115.96428571428571,28,30,False,9.0,100.0,2.0,4.35,-0.9999999999999999,-1.7320508075688774
2026-04-30 07:00:00,117.64285714285714,28,30,False,9.0,100.0,3.0,3.11,-0.520944533000791,-2.954423259036624
2026-04-30 08:00:00,123.18518518518519,27,30,False,9.0,100.0,7.0,3.11,-1.2155372436685123,-6.893654271085456
2026-04-30 09:00:00,51.81481481481482,27,30,False,11.0,100.0,5.0,4.97,-0.8682408883346516,-4.92403876506104
2026-04-30 10:00:00,20.071428571428573,28,30,False,15.0,93.74,4.0,6.21,-0.6945927106677213,-3.939231012048832
2026-04-30 11:00:00,7.642857142857143,28,30,False,18.0,67.97,5.0,6.21,-1.7101007166283435,-4.698463103929543
2026-04-30 12:00:00,6.785714285714286,28,30,False,20.0,60.0,10.0,6.21,2.4492935982947065e-15,-10.0
2026-04-30 13:00:00,5.586206896551724,29,30,False,21.0,49.4,7.0,6.21,-3.4999999999999996,-6.062177826491071
2026-04-30 14:00:00,3.9285714285714284,28,30,False,22.0,43.45,8.0,6.21,1.389185421335443,-7.878462024097664
2026-04-30 15:00:00,3.2222222222222223,27,30,False,23.0,40.89,7.0,6.21,1.7145055188062944e-15,-7.0
2026-04-30 16:00:00,3.357142857142857,28,30,False,23.0,43.73,10.0,6.21,2.4492935982947065e-15,-10.0
2026-04-30 17:00:00,6.607142857142857,28,30,False,22.0,43.45,10.0,6.21,2.4492935982947065e-15,-10.0
2026-04-30 18:00:00,17.857142857142858,28,30,False,20.0,49.12,6.0,6.21,-2.0521208599540124,-5.638155724715451
2026-04-30 19:00:00,35.275862068965516,29,30,False,19.0,55.91,6.0,6.21,-4.596266658713868,-3.8567256581192364
2026-04-30 20:00:00,35.61538461538461,26,30,False,18.0,63.62,5.0,6.21,-3.83022221559489,-3.2139380484326967
2026-04-30 21:00:00,22.482758620689655,29,30,False,17.0,63.39,5.0,6.21,-3.2139380484326963,-3.83022221559489
2026-04-30 22:00:00,23.857142857142858,28,30,False,16.0,72.21,4.0,6.21,-3.064177772475912,-2.5711504387461575
2026-04-30 23:00:00,17.357142857142858,28,30,False,15.0,72.02,7.0,6.21,-4.499513267805774,-5.362311101832846
2026-05-01 00:00:00,16.357142857142858,28,30,False,14.0,76.83,7.0,6.21,-4.499513267805774,-5.362311101832846
2026-05-01 01:00:00,9.571428571428571,28,30,False,14.0,82.13,6.0,6.21,-2.9999999999999996,-5.196152422706632
2026-05-01 02:00:00,7.035714285714286,28,30,False,14.0,87.75,8.0,6.21,-3.9999999999999996,-6.92820323027551
2026-05-01 03:00:00,4.5,30,30,False,13.0,93.65,6.0,6.21,-2.0521208599540124,-5.638155724715451
2026-05-01 04:00:00,3.0,30,30,False,13.0,93.65,8.0,6.21,-3.9999999999999996,-6.92820323027551
2026-05-01 05:00:00,3.5,28,30,False,13.0,93.65,6.0,6.21,-2.9999999999999996,-5.196152422706632
2026-05-01 06:00:00,3.5,30,30,False,13.0,93.65,7.0,6.21,-3.4999999999999996,-6.062177826491071
2026-05-01 07:00:00,4.428571428571429,28,30,False,14.0,87.75,8.0,6.21,-6.128355544951824,-5.142300877492315
2026-05-01 08:00:00,5.142857142857143,28,30,False,14.0,87.75,10.0,6.21,-1.7364817766693033,-9.84807753012208
2026-05-01 09:00:00,8.375,24,30,False,16.0,77.15,9.0,6.21,-4.499999999999999,-7.794228634059948
2026-05-01 10:00:00,10.74074074074074,27,30,False,17.0,77.31,12.0,6.21,-4.104241719908025,-11.276311449430901
2026-05-01 11:00:00,15.96551724137931,29,30,False,17.0,77.31,8.0,6.21,-1.3891854213354426,-7.878462024097664
2026-05-01 12:00:00,41.0,29,30,False,18.0,72.58,10.0,6.21,2.4492935982947065e-15,-10.0
2026-05-01 13:00:00,54.206896551724135,29,30,False,19.0,72.76,6.0,6.21,1.4695761589768238e-15,-6.0
2026-05-01 14:00:00,46.41379310344828,29,30,False,20.0,72.95,8.0,6.21,-1.3891854213354426,-7.878462024097664
2026-05-01 15:00:00,44.0,28,30,False,22.0,64.52,4.0,6.21,9.797174393178826e-16,-4.0
2026-05-01 16:00:00,20.357142857142858,28,30,False,22.0,64.52,10.0,6.21,-1.7364817766693033,-9.84807753012208
2026-05-01 17:00:00,41.58620689655172,29,30,False,21.0,68.59,6.0,6.21,-1.041889066001582,-5.908846518073248
2026-05-01 18:00:00,41.827586206896555,29,30,False,18.0,82.63,5.0,6.21,1.710100716628343,-4.698463103929543
2026-05-01 19:00:00,55.035714285714285,28,30,False,18.0,88.1,2.0,6.21,4.898587196589413e-16,-2.0
2026-05-01 20:00:00,100.62962962962963,27,30,False,16.0,93.79,3.0,5.59,-1.4999999999999998,-2.598076211353316
2026-05-01 21:00:00,36.23076923076923,26,30,False,14.5,100.0,3.5,3.73,2.0075175272286625,-2.8670321550114704
2026-05-01 22:00:00,32.17857142857143,28,30,False,14.0,100.0,4.0,3.11,2.0000000000000018,-3.4641016151377535
2026-05-01 23:00:00,23.379310344827587,29,30,False,14.0,100.0,4.0,4.97,3.4641016151377544,-2.0000000000000004
2026-05-02 00:00:00,4.37037037037037,27,30,False,15.5,100.0,8.0,5.9,7.878462024097664,1.3891854213354426
2026-05-02 01:00:00,8.068965517241379,29,30,False,16.0,100.0,17.0,6.21,5.814342436536367,15.974774553360444
2026-05-02 02:00:00,9.428571428571429,28,30,False,16.0,87.93,12.0,6.21,4.104241719908024,11.276311449430901
2026-05-02 03:00:00,4.966666666666667,30,30,False,16.0,87.93,15.0,6.21,5.13030214988503,14.095389311788626
2026-05-02 04:00:00,3.0,30,30,False,16.0,72.21,14.0,6.21,4.788282006559362,13.155696691002717
2026-05-02 05:00:00,3.0,28,30,False,14.0,60.61,17.0,6.21,8.500000000000002,14.722431864335457
2026-05-02 06:00:00,3.0,28,30,False,14.0,58.52,11.0,6.21,7.070663706551931,8.42648887430876
2026-05-02 07:00:00,3.0,28,30,False,14.0,58.52,15.0,6.21,7.500000000000002,12.990381056766578
2026-05-02 08:00:00,3.0,28,30,False,14.0,54.6,11.0,6.21,9.526279441628823,5.500000000000005
2026-05-02 09:00:00,3.0,27,30,False,14.0,54.6,18.0,6.21,14.744736797201849,10.324375854318834
2026-05-02 10:00:00,3.0,27,30,False,14.0,54.6,20.0,6.21,15.320888862379558,12.85575219373079
2026-05-02 11:00:00,3.0,28,30,False,14.0,50.91,16.0,6.21,13.856406460551016,8.000000000000007
2026-05-02 12:00:00,3.0,29,30,False,14.0,54.6,16.0,6.21,13.856406460551016,8.000000000000007
2026-05-02 13:00:00,3.0,28,30,False,14.0,50.91,15.0,6.21,12.990381056766577,7.500000000000007
2026-05-02 14:00:00,3.0,28,30,False,15.0,51.18,13.0,6.21,9.958577760546714,8.356238925925012
2026-05-02 15:00:00,3.0,29,30,False,15.0,51.18,18.0,6.21,13.788799976141602,11.570176974357711
2026-05-02 16:00:00,3.0,28,30,False,14.5,51.05,13.5,6.21,11.058552597901386,7.7432818907391265
2026-05-02 17:00:00,3.0,28,30,False,14.0,54.6,12.0,6.21,11.276311449430901,4.104241719908023
2026-05-02 18:00:00,3.0,29,30,False,13.0,54.33,12.0,6.21,10.392304845413262,6.000000000000005
2026-05-02 19:00:00,3.107142857142857,28,30,False,13.0,54.33,12.0,6.21,9.192533317427735,7.713451316238474
2026-05-02 20:00:00,3.0,28,30,False,13.0,54.33,11.0,6.21,8.426488874308756,7.070663706551934
2026-05-02 21:00:00,3.0,28,30,False,14.0,50.91,7.0,6.21,6.5778483455013586,2.39414100327968
2026-05-02 22:00:00,3.0,27,30,False,14.0,50.91,13.0,6.21,9.958577760546714,8.356238925925012
2026-05-02 23:00:00,3.0,29,30,False,13.0,58.27,10.0,6.21,9.396926207859085,3.4202014332566852
2026-05-03 00:00:00,3.0,27,30,False,12.0,66.7,8.0,6.21,7.517540966287267,2.7361611466053484
2026-05-03 01:00:00,3.0,28,30,False,13.0,47.15,6.0,6.21,4.596266658713867,3.856725658119237
2026-05-03 02:00:00,3.0,28,30,False,12.0,50.35,5.0,6.21,3.8302222155948895,3.2139380484326976
2026-05-03 03:00:00,3.0,30,30,False,12.0,50.35,6.0,6.21,5.196152422706631,3.0000000000000027
2026-05-03 04:00:00,3.392857142857143,28,30,False,7.0,81.2,5.0,6.21,0.868240888334652,-4.92403876506104
2026-05-03 05:00:00,3.3793103448275863,29,30,False,7.0,100.0,4.0,6.21,0.6945927106677215,-3.939231012048832
2026-05-03 06:00:00,9.620689655172415,29,30,False,8.0,93.4,4.0,6.21,2.5711504387461583,-3.064177772475911
2026-05-03 07:00:00,16.333333333333332,27,30,False,6.0,100.0,3.0,6.21,1.9283628290596186,-2.2981333293569333
2026-05-03 08:00:00,22.0,27,30,False,6.0,100.0,4.0,6.21,2.0000000000000018,-3.4641016151377535
2026-05-03 09:00:00,19.724137931034484,29,30,False,10.0,87.37,4.0,6.21,2.0000000000000018,-3.4641016151377535
2026-05-03 10:00:00,5.821428571428571,28,30,False,13.0,66.91,5.0,6.21,4.698463103929542,-1.7101007166283448
2026-05-03 11:00:00,4.862068965517241,29,30,False,14.0,50.91,5.0,6.21,3.213938048432698,-3.830222215594889
2026-05-03 12:00:00,4.137931034482759,29,30,False,15.0,44.47,6.0,6.21,-1.041889066001582,-5.908846518073248
2026-05-03 13:00:00,6.75,28,30,False,16.0,38.85,6.0,6.21,1.0418890660015823,-5.908846518073248
2026-05-03 14:00:00,6.964285714285714,28,30,False,17.0,33.93,7.0,6.21,1.7145055188062944e-15,-7.0
2026-05-03 15:00:00,4.9655172413793105,29,30,False,18.0,36.75,8.0,6.21,1.959434878635765e-15,-8.0
2026-05-03 16:00:00,4.5,28,30,False,17.0,39.14,7.0,6.21,-1.2155372436685123,-6.893654271085456
2026-05-03 17:00:00,7.857142857142857,28,30,False,16.0,41.71,7.0,6.21,1.2155372436685128,-6.893654271085456
2026-05-03 18:00:00,13.206896551724137,29,30,False,13.0,54.33,4.0,6.21,-1.3680805733026749,-3.7587704831436337
2026-05-03 19:00:00,22.17241379310345,29,30,False,12.0,62.22,3.0,6.21,-1.4999999999999998,-2.598076211353316
2026-05-03 20:00:00,24.576923076923077,26,30,False,11.0,61.99,5.0,6.21,-0.8682408883346516,-4.92403876506104
2026-05-03 21:00:00,16.77777777777778,27,30,False,10.0,66.26,6.0,6.21,-1.041889066001582,-5.908846518073248
2026-05-03 22:00:00,12.25,28,30,False,10.0,71.06,6.0,6.21,-2.9999999999999996,-5.196152422706632
2026-05-03 23:00:00,7.925925925925926,27,30,False,9.0,76.01,6.0,6.21,1.0418890660015823,-5.908846518073248
2026-05-04 00:00:00,3.0,29,30,False,10.0,76.17,8.0,6.21,-1.3891854213354426,-7.878462024097664
2026-05-04 01:00:00,3.0,29,30,False,9.0,81.47,10.0,6.21,2.4492935982947065e-15,-10.0
2026-05-04 02:00:00,3.0,28,30,False,9.0,81.47,6.0,6.21,2.0521208599540115,-5.638155724715451
2026-05-04 03:00:00,3.0,30,30,False,8.0,87.18,8.0,6.21,-1.3891854213354426,-7.878462024097664
2026-05-04 04:00:00,3.0,29,30,False,9.0,81.47,15.0,6.21,3.67394039744206e-15,-15.0
2026-05-04 05:00:00,3.0,28,30,False,9.0,81.47,12.0,6.21,2.9391523179536475e-15,-12.0
2026-05-04 06:00:00,3.0,28,30,False,9.0,81.47,8.0,6.21,1.389185421335443,-7.878462024097664
2026-05-04 07:00:00,3.0,28,30,False,9.0,81.47,8.0,6.21,1.389185421335443,-7.878462024097664
2026-05-04 08:00:00,4.392857142857143,28,30,False,9.0,87.28,6.0,6.21,1.4695761589768238e-15,-6.0
2026-05-04 09:00:00,12.0,24,30,False,11.0,76.34,9.0,6.21,1.5628335990023734,-8.863269777109872
2026-05-04 10:00:00,9.333333333333334,27,30,False,12.0,76.51,7.0,6.21,2.3941410032796804,-6.5778483455013586
2026-05-04 11:00:00,6.321428571428571,28,30,False,14.0,71.84,9.0,6.21,3.0781812899310173,-8.457233587073176
2026-05-04 12:00:00,6.925925925925926,27,30,False,17.0,59.27,10.0,6.21,3.420201433256686,-9.396926207859085
2026-05-04 13:00:00,17.142857142857142,28,30,False,18.0,48.57,8.0,6.21,4.0000000000000036,-6.928203230275507
2026-05-04 14:00:00,8.37037037037037,27,30,False,19.0,45.62,7.0,6.21,4.499513267805777,-5.362311101832844
2026-05-04 15:00:00,3.4285714285714284,28,30,False,20.0,42.87,2.0,6.21,1.9696155060244163,-0.34729635533385994
2026-05-04 16:00:00,3.0,29,30,False,19.0,52.27,3.0,6.21,-0.5209445330007908,2.954423259036624
2026-05-04 17:00:00,5.0,28,30,False,18.0,59.52,6.0,6.21,-3.856725658119237,4.596266658713867
2026-05-04 18:00:00,20.17241379310345,29,30,False,15.0,76.99,3.0,6.21,-2.954423259036624,0.5209445330007909
2026-05-04 19:00:00,32.57142857142857,28,30,False,15.0,76.99,2.0,6.21,-1.2855752193730785,-1.532088886237956
2026-05-04 20:00:00,63.892857142857146,28,30,False,13.0,87.65,2.0,5.59,-0.9999999999999999,-1.7320508075688774
2026-05-04 21:00:00,70.82142857142857,28,30,False,14.0,76.83,5.0,6.21,-2.4999999999999996,-4.330127018922194
2026-05-04 22:00:00,48.857142857142854,28,30,False,13.0,82.0,4.0,6.21,-0.6945927106677213,-3.939231012048832
2026-05-04 23:00:00,46.67857142857143,28,30,False,13.0,82.0,0.0,6.21,0.0,0.0
2026-05-05 00:00:00,59.357142857142854,28,30,False,12.0,93.6,3.0,6.21,-0.520944533000791,-2.954423259036624
2026-05-05 01:00:00,31.107142857142858,28,30,False,11.0,93.55,2.0,4.35,0.6840402866513372,-1.8793852415718169
2026-05-05 02:00:00,28.185185185185187,27,30,False,10.0,100.0,4.0,6.21,0.6945927106677215,-3.939231012048832
2026-05-05 03:00:00,31.533333333333335,30,30,False,11.0,93.55,0.0,6.21,0.0,0.0
2026-05-05 04:00:00,24.79310344827586,29,30,False,11.0,93.55,5.0,6.21,-0.8682408883346516,-4.92403876506104
2026-05-05 05:00:00,25.321428571428573,28,30,False,11.0,93.55,5.0,6.21,-1.7101007166283435,-4.698463103929543
2026-05-05 06:00:00,30.75,28,30,False,12.0,93.6,5.0,6.21,-0.8682408883346516,-4.92403876506104
2026-05-05 07:00:00,35.107142857142854,28,30,False,12.0,100.0,5.0,6.21,-0.8682408883346516,-4.92403876506104
2026-05-05 08:00:00,57.68,25,30,False,14.0,87.75,3.0,6.21,7.347880794884119e-16,-3.0
2026-05-05 09:00:00,54.785714285714285,28,30,False,15.0,82.26,1.0,6.21,-0.984807753012208,-0.17364817766693041
2026-05-05 10:00:00,52.0,29,30,False,17.0,82.51,4.0,6.21,9.797174393178826e-16,-4.0
2026-05-05 11:00:00,47.07142857142857,28,30,False,18.0,77.46,4.0,6.21,9.797174393178826e-16,-4.0
2026-05-05 12:00:00,34.58620689655172,29,30,False,20.0,72.95,4.0,6.21,2.0000000000000018,-3.4641016151377535
2026-05-05 13:00:00,19.321428571428573,28,30,False,20.0,77.77,1.0,6.21,2.4492935982947064e-16,-1.0
2026-05-05 14:00:00,25.586206896551722,29,30,False,22.0,73.3,4.0,6.21,-2.571150438746157,-3.064177772475912
2026-05-05 15:00:00,20.035714285714285,28,30,False,22.0,78.08,2.0,6.21,0.6840402866513372,-1.8793852415718169
2026-05-05 16:00:00,25.17241379310345,29,30,False,22.0,73.3,6.0,6.21,-3.856725658119237,4.596266658713867
2026-05-05 17:00:00,38.785714285714285,28,30,False,21.0,73.13,3.0,6.21,-2.954423259036624,0.5209445330007909
2026-05-05 18:00:00,36.827586206896555,29,30,False,20.0,82.88,4.0,4.97,-3.939231012048832,0.6945927106677212
2026-05-05 19:00:00,27.03448275862069,29,30,False,19.0,88.19,5.0,6.21,-4.330127018922194,2.499999999999999
2026-05-05 20:00:00,25.32,25,30,False,19.0,88.19,4.0,6.21,-3.7587704831436337,1.3680805733026749
2026-05-05 21:00:00,37.07142857142857,28,30,False,19.0,88.19,3.0,6.21,-3.0,-1.8369701987210297e-16
2026-05-05 22:00:00,39.13793103448276,29,30,False,18.0,100.0,4.0,6.21,-3.939231012048832,-0.6945927106677217
2026-05-05 23:00:00,27.448275862068964,29,30,False,18.0,100.0,3.0,6.21,-0.5209445330007908,2.954423259036624
2026-05-06 00:00:00,25.423076923076923,26,30,False,18.0,93.89,3.0,6.21,-2.8190778623577253,1.0260604299770062
2026-05-06 01:00:00,16.79310344827586,29,30,False,18.0,100.0,5.0,6.21,-3.2139380484326963,-3.83022221559489
2026-05-06 02:00:00,27.964285714285715,28,30,False,18.0,100.0,3.0,6.21,-2.8190778623577253,1.0260604299770062
2026-05-06 03:00:00,16.6,30,30,False,19.0,100.0,4.0,6.21,-3.064177772475912,-2.5711504387461575
2026-05-06 04:00:00,8.074074074074074,27,30,False,18.0,100.0,0.0,6.21,0.0,0.0
2026-05-06 05:00:00,10.821428571428571,28,30,False,18.0,100.0,6.0,6.21,-5.908846518073248,-1.0418890660015825
2026-05-06 06:00:00,10.758620689655173,29,30,False,18.0,100.0,4.0,6.21,-3.939231012048832,-0.6945927106677217
2026-05-06 07:00:00,5.178571428571429,28,30,False,18.0,100.0,5.0,6.21,-4.330127018922193,-2.5000000000000004
2026-05-06 08:00:00,13.043478260869565,23,30,False,18.0,100.0,9.0,6.21,-8.863269777109872,1.5628335990023727
2026-05-06 09:00:00,17.875,24,30,False,19.0,100.0,6.0,6.21,-5.908846518073248,-1.0418890660015825
2026-05-06 10:00:00,21.571428571428573,28,30,False,19.0,100.0,5.0,6.21,-4.330127018922194,2.499999999999999
2026-05-06 11:00:00,22.933333333333334,30,30,False,19.0,100.0,5.0,6.21,-4.330127018922194,2.499999999999999
2026-05-06 12:00:00,20.482758620689655,29,30,False,21.0,100.0,8.0,6.21,-6.928203230275509,-4.000000000000001
2026-05-06 13:00:00,18.482758620689655,29,30,False,21.0,100.0,5.0,6.21,-5.0,-3.061616997868383e-16
2026-05-06 14:00:00,9.275862068965518,29,30,False,23.0,88.53,14.0,6.21,-10.724622203665692,-8.99902653561155
2026-05-06 15:00:00,9.413793103448276,29,30,False,26.0,74.0,10.0,6.21,-8.660254037844386,-5.000000000000001
2026-05-06 16:00:00,9.241379310344827,29,30,False,26.0,74.0,10.0,6.21,-7.66044443118978,-6.427876096865393
2026-05-06 17:00:00,8.464285714285714,28,30,False,26.0,74.0,11.0,6.21,-9.526279441628825,-5.500000000000001
2026-05-06 18:00:00,12.0,29,30,False,25.0,83.47,10.0,6.21,-8.660254037844386,-5.000000000000001
2026-05-06 19:00:00,11.75,28,30,False,24.0,88.61,10.0,6.21,-8.660254037844386,-5.000000000000001
2026-05-06 20:00:00,11.724137931034482,29,30,False,24.0,88.61,11.0,6.21,-8.426488874308758,-7.070663706551933
2026-05-06 21:00:00,8.961538461538462,26,30,False,23.0,94.11,11.0,6.21,-8.426488874308758,-7.070663706551933
2026-05-06 22:00:00,8.10344827586207,29,30,False,24.0,88.61,14.0,6.21,-8.999026535611549,-10.724622203665692
2026-05-06 23:00:00,9.310344827586206,29,30,False,24.0,88.61,12.0,6.21,-4.104241719908025,-11.276311449430901
2026-05-07 00:00:00,8.285714285714286,28,30,False,23.0,94.11,8.0,6.21,-1.3891854213354426,-7.878462024097664
2026-05-07 01:00:00,9.035714285714286,28,30,False,24.0,83.36,9.0,6.21,7.794228634059946,4.5000000000000036
2026-05-07 02:00:00,4.620689655172414,29,30,False,23.0,91.32,13.5,6.21,10.341599982106205,-8.67763273076828
2026-05-07 03:00:00,6.766666666666667,30,30,False,19.0,96.44,12.6,2.92,12.32465976924595,2.619687304303773
2026-05-07 04:00:00,3.0,27,30,False,18.0,100.0,12.0,6.21,11.276311449430901,4.104241719908023
2026-05-07 05:00:00,3.0,28,30,False,18.0,96.95,13.0,6.21,12.21600407021681,4.446261863233691
2026-05-07 06:00:00,4.241379310344827,29,30,False,17.33,97.96,8.33,6.21,-4.164999999999999,7.2139916135243745
2026-05-07 07:00:00,8.333333333333334,27,30,False,17.0,100.0,7.5,6.21,-7.3860581475915605,-1.302361332501978
2026-05-07 08:00:00,8.214285714285714,28,30,False,16.0,100.0,12.0,6.21,-11.2763114494309,-4.104241719908026
2026-05-07 09:00:00,3.107142857142857,28,30,False,16.0,100.0,11.5,5.59,9.959292143521044,-5.750000000000001
2026-05-07 10:00:00,7.142857142857143,28,30,False,16.0,100.0,13.0,4.97,12.802500789158707,-2.2574263096700897
2026-05-07 11:00:00,9.275862068965518,29,30,False,16.0,100.0,7.0,3.73,6.06217782649107,-3.500000000000001
2026-05-07 12:00:00,5.448275862068965,29,30,False,17.0,100.0,7.0,4.97,1.2155372436685128,-6.893654271085456
2026-05-07 13:00:00,6.392857142857143,28,30,False,17.0,100.0,7.0,5.59,4.499513267805777,-5.362311101832844
2026-05-07 14:00:00,13.142857142857142,28,30,False,17.0,100.0,8.0,6.21,4.0000000000000036,-6.928203230275507
2026-05-07 15:00:00,10.11111111111111,27,30,False,17.0,100.0,6.0,6.21,3.0000000000000027,-5.19615242270663
2026-05-07 16:00:00,9.689655172413794,29,30,False,17.0,100.0,10.0,6.21,9.848077530122081,-1.7364817766692997
2026-05-07 17:00:00,19.85185185185185,27,30,False,16.0,93.79,10.0,6.21,10.0,1.8369701987210296e-15
2026-05-07 18:00:00,6.642857142857143,28,30,False,15.0,100.0,10.5,5.59,10.340481406628186,-1.8233058655027647
2026-05-07 19:00:00,3.857142857142857,28,30,False,15.0,93.74,12.0,6.21,11.817693036146498,-2.0837781320031596
2026-05-07 20:00:00,3.0,27,30,False,15.0,87.84,15.0,6.21,14.772116295183121,-2.6047226650039494
2026-05-07 21:00:00,3.0,28,30,False,14.0,87.75,14.0,6.21,13.787308542170914,-2.4310744873370194
2026-05-07 22:00:00,3.0,29,30,False,13.0,82.13,9.0,6.21,7.794228634059947,-4.500000000000001
2026-05-07 23:00:00,4.285714285714286,28,30,False,,,,,,
2026-05-08 00:00:00,3.444444444444444,27,30,False,13.0,87.65,11.0,6.21,10.336618828644992,-3.762221576582359
2026-05-08 01:00:00,5.068965517241379,29,30,False,13.0,93.65,11.0,6.21,10.336618828644992,-3.762221576582359
2026-05-08 02:00:00,3.0,29,30,False,13.0,97.88,9.33,3.1,7.147194654300066,-5.997208398375411
2026-05-08 03:00:00,3.0,30,30,False,12.0,100.0,16.67,2.9,16.556154727806565,-1.9449011874458781
2026-05-08 04:00:00,3.0,29,30,False,11.5,100.0,17.0,2.8,17.0,3.1228493378257506e-15
2026-05-08 05:00:00,3.0,28,30,False,11.0,100.0,14.0,2.49,13.787308542170912,2.4310744873370247
2026-05-08 06:00:00,3.0,29,30,False,10.0,100.0,16.5,2.8,16.437212518513803,-1.438069755336355
2026-05-08 07:00:00,3.0,28,30,False,9.0,100.0,14.5,1.87,14.44482312233031,-1.2637582698410394
2026-05-08 08:00:00,3.0,27,30,False,9.0,100.0,17.0,1.12,16.74173180120754,-2.9520190203378096
2026-05-08 09:00:00,3.0,25,30,False,9.0,100.0,14.0,0.93,13.155696691002717,-4.788282006559366
2026-05-08 10:00:00,3.1785714285714284,28,30,False,10.0,100.0,16.0,0.93,15.75692404819533,-2.7783708426708795
2026-05-08 11:00:00,3.392857142857143,28,30,False,10.0,100.0,16.0,0.93,15.75692404819533,-2.7783708426708795
2026-05-08 12:00:00,3.148148148148148,27,30,False,10.0,100.0,18.0,0.93,17.726539554219748,-3.1256671980047397
2026-05-08 13:00:00,3.4827586206896552,29,30,False,10.0,100.0,16.0,1.4,15.454813220625095,-4.141104721640325
2026-05-08 14:00:00,4.148148148148148,27,30,False,10.0,100.0,15.0,2.17,14.772116295183121,-2.6047226650039494
2026-05-08 15:00:00,3.0,29,30,False,9.33,97.83,14.0,1.24,12.858249338803219,-5.537637035881512
2026-05-08 16:00:00,3.111111111111111,27,30,False,9.0,100.0,14.0,0.81,13.787308542170914,-2.4310744873370194
2026-05-08 17:00:00,3.2857142857142856,28,30,False,9.0,100.0,11.0,1.24,9.526279441628825,-5.500000000000001
2026-05-08 18:00:00,3.0,28,30,False,9.0,100.0,10.0,4.97,8.660254037844386,-5.000000000000001
2026-05-08 19:00:00,3.0,29,30,False,9.0,100.0,7.0,6.21,5.362311101832847,-4.499513267805774
2026-05-08 20:00:00,3.0,28,30,False,10.0,76.17,13.0,6.21,13.0,2.3880612583373385e-15
2026-05-08 21:00:00,3.0,27,30,False,10.0,64.01,16.0,6.21,15.939115169467929,-1.3944918839625262
2026-05-08 22:00:00,3.0,28,30,False,10.0,57.51,15.0,6.21,15.0,2.7554552980815444e-15
2026-05-08 23:00:00,3.0,28,30,False,10.0,57.51,15.0,6.21,15.0,2.7554552980815444e-15
2026-05-09 00:00:00,3.444444444444444,27,30,False,9.0,61.5,13.0,6.21,12.802500789158707,-2.2574263096700897
2026-05-09 01:00:00,3.0,27,30,False,9.0,61.5,12.0,6.21,11.817693036146498,-2.0837781320031596
2026-05-09 02:00:00,3.0,29,30,False,9.0,57.25,14.0,6.21,13.155696691002717,-4.788282006559366
2026-05-09 03:00:00,3.0,30,30,False,6.0,81.06,10.0,6.21,6.427876096865396,-7.660444431189778
2026-05-09 04:00:00,3.0,28,30,False,5.0,86.89,9.0,6.21,5.785088487178856,-6.8943999880708
2026-05-09 05:00:00,3.0,28,30,False,7.0,93.45,11.67,4.97,10.425644101785863,-5.243552713847515
2026-05-09 06:00:00,3.0,29,30,False,8.0,100.0,13.33,2.48,12.526102635076159,-4.559128510531168
2026-05-09 07:00:00,3.0,27,30,False,7.0,100.0,10.5,1.4,6.749269901708666,-8.043466652749267
2026-05-09 08:00:00,3.0,28,30,False,7.0,100.0,8.33,2.28,5.354420788688874,-6.381150211181085
2026-05-09 09:00:00,3.0,27,30,False,9.25,100.0,11.75,4.19,11.206174171291664,-3.533293144175213
2026-05-09 10:00:00,3.0,28,30,False,10.0,100.0,14.0,1.24,13.787308542170912,2.4310744873370247
2026-05-09 11:00:00,3.103448275862069,29,30,False,11.0,100.0,17.5,3.11,16.444620863753396,5.9853525081992
2026-05-09 12:00:00,3.1333333333333333,30,30,False,11.0,100.0,19.5,4.66,18.835553612636833,5.046971379499152
2026-05-09 13:00:00,3.0,28,30,False,11.0,93.55,18.5,2.49,17.869627786347763,4.7881523343966315
2026-05-09 14:00:00,3.8214285714285716,28,30,False,10.67,95.7,17.0,3.31,14.722431864335455,8.500000000000007
2026-05-09 15:00:00,14.214285714285714,28,30,False,10.0,100.0,12.0,4.97,11.276311449430901,4.104241719908023
2026-05-09 16:00:00,13.724137931034482,29,30,False,11.0,87.47,16.0,4.97,12.256711089903646,10.284601754984632
2026-05-09 17:00:00,8.962962962962964,27,30,False,11.0,81.74,14.0,6.21,13.155696691002717,4.78828200655936
2026-05-09 18:00:00,6.724137931034483,29,30,False,11.0,76.34,14.0,6.21,13.787308542170912,2.4310744873370247
2026-05-09 19:00:00,8.11111111111111,27,30,False,11.0,71.26,16.0,6.21,13.856406460551016,8.000000000000007
2026-05-09 20:00:00,8.222222222222221,27,30,False,11.0,66.48,16.0,6.21,12.256711089903646,10.284601754984632
2026-05-09 21:00:00,7.884615384615385,26,30,False,11.0,66.48,14.0,6.21,12.124355652982139,7.000000000000006
2026-05-09 22:00:00,6.392857142857143,28,30,False,11.0,71.26,15.0,6.21,14.095389311788626,5.130302149885028
2026-05-09 23:00:00,5.862068965517241,29,30,False,10.0,76.17,15.0,6.21,14.095389311788626,5.130302149885028
2026-05-10 00:00:00,6.214285714285714,28,30,False,10.0,76.17,17.0,6.21,15.974774553360444,5.814342436536365
2026-05-10 01:00:00,8.068965517241379,29,30,False,10.0,81.6,15.0,6.21,14.095389311788626,5.130302149885028
2026-05-10 02:00:00,9.035714285714286,28,30,False,10.0,81.6,15.0,6.21,14.095389311788626,5.130302149885028
2026-05-10 03:00:00,7.733333333333333,30,30,False,9.0,81.47,16.0,6.21,15.035081932574535,5.472322293210697
2026-05-10 04:00:00,6.285714285714286,28,30,False,9.0,81.47,16.0,6.21,15.035081932574535,5.472322293210697
2026-05-10 05:00:00,6.035714285714286,28,30,False,9.0,81.47,14.0,6.21,13.787308542170912,2.4310744873370247
2026-05-10 06:00:00,4.586206896551724,29,30,False,9.0,81.47,15.0,6.21,14.095389311788626,5.130302149885028
2026-05-10 07:00:00,3.0,29,30,False,8.0,81.33,16.0,6.21,15.035081932574535,5.472322293210697
2026-05-10 08:00:00,3.1923076923076925,26,30,False,8.0,81.33,12.0,6.21,12.0,2.204364238465236e-15
2026-05-10 09:00:00,3.0,29,30,False,9.0,76.01,12.0,6.21,11.817693036146498,-2.0837781320031596
2026-05-10 10:00:00,3.0,29,30,False,10.0,71.06,18.0,6.21,18.0,3.3065463576978533e-15
2026-05-10 11:00:00,4.185185185185185,27,30,False,11.0,61.99,18.0,6.21,17.726539554219748,-3.1256671980047397
2026-05-10 12:00:00,4.535714285714286,28,30,False,12.0,54.07,19.0,6.21,18.711347307231954,-3.2993153756716693
2026-05-10 13:00:00,3.7857142857142856,28,30,False,13.0,47.15,17.0,6.21,16.74173180120754,-2.9520190203378096
2026-05-10 14:00:00,3.2142857142857144,28,30,False,13.0,50.63,19.0,6.21,18.711347307231954,3.2993153756716764
2026-05-10 15:00:00,3.0,28,30,False,13.0,47.15,16.0,6.21,15.756924048195328,2.7783708426708853
2026-05-10 16:00:00,3.0,28,30,False,13.0,47.15,18.0,6.21,18.0,3.3065463576978533e-15
2026-05-10 17:00:00,3.0,28,30,False,12.0,50.35,16.0,6.21,16.0,2.9391523179536475e-15
2026-05-10 18:00:00,3.0,28,30,False,11.0,57.76,10.0,6.21,9.848077530122081,-1.7364817766692997
2026-05-10 19:00:00,3.0,29,30,False,8.0,81.33,6.0,6.21,4.596266658713869,-3.8567256581192355
2026-05-10 20:00:00,3.0,27,30,False,8.0,81.33,6.0,6.21,3.8567256581192373,-4.5962666587138665
2026-05-10 21:00:00,3.0,29,30,False,6.0,93.29,5.0,6.21,3.213938048432698,-3.830222215594889
2026-05-10 22:00:00,3.0,28,30,False,10.0,71.06,9.0,6.21,9.0,1.6532731788489267e-15
2026-05-10 23:00:00,3.0,28,30,False,10.0,76.17,9.0,6.21,8.863269777109872,1.562833599002373
2026-05-11 00:00:00,3.0,26,30,False,12.0,71.45,10.0,6.21,8.660254037844386,5.000000000000004
2026-05-11 01:00:00,3.0,28,30,False,11.0,81.74,10.0,6.21,9.396926207859085,3.4202014332566852
2026-05-11 02:00:00,3.0,28,30,False,10.0,87.37,8.0,6.21,7.878462024097664,1.3891854213354426
2026-05-11 03:00:00,3.0,30,30,False,10.0,81.6,9.0,6.21,8.457233587073176,3.078181289931017
2026-05-11 04:00:00,3.0,29,30,False,9.0,87.28,8.0,6.21,7.878462024097664,1.3891854213354426
2026-05-11 05:00:00,3.0,28,30,False,8.0,100.0,7.0,6.21,6.893654271085456,1.2155372436685123
2026-05-11 06:00:00,3.0,28,30,False,8.0,100.0,7.0,6.21,6.893654271085456,1.2155372436685123
2026-05-11 07:00:00,3.0,28,30,False,7.0,100.0,4.0,6.21,3.0641777724759125,-2.571150438746157
2026-05-11 08:00:00,3.0,26,30,False,6.0,100.0,5.0,6.21,3.213938048432698,-3.830222215594889
2026-05-11 09:00:00,4.043478260869565,23,30,False,9.0,100.0,5.0,6.21,4.330127018922193,-2.5000000000000004
2026-05-11 10:00:00,4.275862068965517,29,30,False,12.0,81.87,8.0,6.21,7.517540966287267,2.7361611466053484
2026-05-11 11:00:00,5.0,28,30,False,13.0,71.65,8.0,6.21,7.878462024097664,1.3891854213354426
2026-05-11 12:00:00,3.25,28,30,False,14.0,67.13,9.0,6.21,9.0,1.6532731788489267e-15
2026-05-11 13:00:00,3.851851851851852,27,30,False,15.0,54.86,6.0,6.21,5.908846518073248,1.041889066001582
2026-05-11 14:00:00,4.275862068965517,29,30,False,15.0,54.86,9.0,6.21,9.0,1.6532731788489267e-15
2026-05-11 15:00:00,3.814814814814815,27,30,False,15.0,47.72,10.0,6.21,9.848077530122081,-1.7364817766692997
2026-05-11 16:00:00,3.0,29,30,False,15.0,51.18,10.0,6.21,9.848077530122081,-1.7364817766692997
2026-05-11 17:00:00,5.0,28,30,False,14.0,58.52,7.0,6.21,6.5778483455013586,-2.394141003279683
2026-05-11 18:00:00,4.785714285714286,28,30,False,11.0,71.26,4.0,6.21,3.0641777724759125,-2.571150438746157
2026-05-11 19:00:00,14.321428571428571,28,30,False,9.0,87.28,6.0,6.21,4.596266658713869,-3.8567256581192355
2026-05-11 20:00:00,26.551724137931036,29,30,False,9.0,87.28,5.0,6.21,1.710100716628343,-4.698463103929543
2026-05-11 21:00:00,17.92,25,30,False,8.0,93.4,7.0,6.21,1.2155372436685128,-6.893654271085456
2026-05-11 22:00:00,15.0,28,30,False,9.0,87.28,7.0,6.21,1.2155372436685128,-6.893654271085456
2026-05-11 23:00:00,11.857142857142858,28,30,False,9.0,81.47,8.0,6.21,2.736161146605349,-7.517540966287267
2026-05-12 00:00:00,5.2592592592592595,27,30,False,9.0,81.47,9.0,6.21,4.5000000000000036,-7.794228634059945
2026-05-12 01:00:00,3.793103448275862,29,30,False,9.0,76.01,9.0,6.21,4.5000000000000036,-7.794228634059945
2026-05-12 02:00:00,3.107142857142857,28,30,False,9.0,76.01,11.0,6.21,5.500000000000005,-9.526279441628823
2026-05-12 03:00:00,5.5,30,30,False,9.0,76.01,11.0,6.21,7.070663706551936,-8.426488874308756
2026-05-12 04:00:00,6.321428571428571,28,30,False,8.0,81.33,10.0,6.21,6.427876096865396,-7.660444431189778
2026-05-12 05:00:00,7.137931034482759,29,30,False,8.0,87.18,10.0,6.21,6.427876096865396,-7.660444431189778
2026-05-12 06:00:00,8.607142857142858,28,30,False,9.0,81.47,12.0,6.21,9.192533317427738,-7.713451316238471
2026-05-12 07:00:00,7.928571428571429,28,30,False,9.0,81.47,12.0,6.21,9.192533317427738,-7.713451316238471
2026-05-12 08:00:00,12.03448275862069,29,30,False,9.0,87.28,12.0,6.21,9.192533317427738,-7.713451316238471
2026-05-12 09:00:00,10.0,26,30,False,11.0,76.34,13.0,6.21,9.958577760546715,-8.35623892592501
2026-05-12 10:00:00,7.464285714285714,28,30,False,13.0,71.65,16.0,6.21,12.25671108990365,-10.284601754984628
2026-05-12 11:00:00,5.142857142857143,28,30,False,16.0,63.16,14.0,6.21,12.12435565298214,-7.000000000000002
2026-05-12 12:00:00,4.392857142857143,28,30,False,17.0,51.73,17.0,6.21,15.974774553360442,-5.814342436536373
2026-05-12 13:00:00,8.206896551724137,29,30,False,18.0,48.57,14.0,6.21,13.155696691002717,-4.788282006559366
2026-05-12 14:00:00,9.827586206896552,29,30,False,19.0,48.85,14.0,6.21,12.12435565298214,-7.000000000000002
2026-05-12 15:00:00,11.482758620689655,29,30,False,19.0,48.85,12.0,6.21,11.817693036146498,-2.0837781320031596
2026-05-12 16:00:00,10.275862068965518,29,30,False,18.0,52.0,12.0,6.21,12.0,2.204364238465236e-15
2026-05-12 17:00:00,7.714285714285714,28,30,False,17.0,51.73,12.0,6.21,12.0,2.204364238465236e-15
2026-05-12 18:00:00,6.551724137931035,29,30,False,14.0,67.13,8.0,6.21,7.878462024097664,1.3891854213354426
2026-05-12 19:00:00,12.96551724137931,29,30,False,14.0,71.84,7.0,6.21,6.0621778264910695,3.500000000000003
2026-05-12 20:00:00,13.071428571428571,28,30,False,13.0,82.0,7.0,6.21,2.394141003279681,6.5778483455013586
2026-05-12 21:00:00,3.6923076923076925,26,30,False,13.0,93.65,6.0,6.21,-7.347880794884119e-16,6.0
2026-05-12 22:00:00,3.0,29,30,False,13.0,93.65,10.0,6.21,-1.2246467991473533e-15,10.0
2026-05-12 23:00:00,5.678571428571429,28,30,False,13.0,82.0,11.0,6.21,-1.3471114790620886e-15,11.0
2026-05-13 00:00:00,3.5172413793103448,29,30,False,13.0,76.67,10.0,6.21,1.7364817766693048,9.84807753012208
2026-05-13 01:00:00,3.0,28,30,False,12.0,71.45,10.0,6.21,1.7364817766693048,9.84807753012208
2026-05-13 02:00:00,3.0,28,30,False,12.0,66.7,9.0,6.21,3.0781812899310177,8.457233587073176
2026-05-13 03:00:00,3.0,30,30,False,11.0,71.26,9.0,6.21,3.0781812899310177,8.457233587073176
2026-05-13 04:00:00,3.0,29,30,False,12.0,66.7,12.0,6.21,6.000000000000002,10.392304845413264
2026-05-13 05:00:00,3.0,28,30,False,11.0,66.48,10.0,6.21,5.000000000000001,8.660254037844386
2026-05-13 06:00:00,3.0,29,30,False,10.0,71.06,9.0,6.21,4.500000000000001,7.794228634059947
2026-05-13 07:00:00,3.25,28,30,False,10.0,71.06,8.0,6.21,5.142300877492314,6.128355544951825
2026-05-13 08:00:00,7.777777777777778,27,30,False,10.0,66.26,5.0,6.21,3.2139380484326963,3.8302222155948904
2026-05-13 09:00:00,3.28,25,30,False,11.0,66.48,7.0,6.21,3.500000000000001,6.06217782649107
2026-05-13 10:00:00,3.0,29,30,False,12.0,62.22,9.0,6.21,6.894399988070801,5.7850884871788555
2026-05-13 11:00:00,3.0,28,30,False,13.0,58.27,10.0,6.21,6.4278760968653925,7.660444431189781
2026-05-13 12:00:00,3.0,28,30,False,14.0,58.52,6.0,6.21,5.196152422706631,3.0000000000000027
2026-05-13 13:00:00,3.0,28,30,False,12.0,66.7,10.0,6.21,7.660444431189779,6.427876096865395
2026-05-13 14:00:00,3.0,30,30,False,13.0,54.33,10.0,6.21,9.396926207859085,3.4202014332566852
2026-05-13 15:00:00,3.0,27,30,False,13.0,47.15,9.0,6.21,7.794228634059946,4.5000000000000036
2026-05-13 16:00:00,3.357142857142857,28,30,False,12.0,54.07,8.0,6.21,8.0,1.4695761589768238e-15
2026-05-13 17:00:00,3.6206896551724137,29,30,False,11.0,61.99,5.0,6.21,4.92403876506104,0.8682408883346516
2026-05-13 18:00:00,8.642857142857142,28,30,False,8.0,81.33,5.0,6.21,3.8302222155948904,-3.2139380484326963
2026-05-13 19:00:00,25.071428571428573,28,30,False,8.0,81.33,3.0,6.21,1.9283628290596186,-2.2981333293569333
2026-05-13 20:00:00,46.82142857142857,28,30,False,8.0,87.18,4.0,6.21,9.797174393178826e-16,-4.0
2026-05-13 21:00:00,47.07692307692308,26,30,False,8.0,81.33,5.0,6.21,3.213938048432698,-3.830222215594889
2026-05-13 22:00:00,36.07142857142857,28,30,False,9.0,76.01,4.0,6.21,2.5711504387461583,-3.064177772475911
2026-05-13 23:00:00,38.148148148148145,27,30,False,8.0,81.33,4.0,6.21,2.5711504387461583,-3.064177772475911
2026-05-14 00:00:00,35.0,28,30,False,8.0,87.18,6.0,6.21,3.8567256581192373,-4.5962666587138665
2026-05-14 01:00:00,38.13793103448276,29,30,False,8.0,87.18,5.0,6.21,3.213938048432698,-3.830222215594889
2026-05-14 02:00:00,11.25925925925926,27,30,False,8.0,87.18,4.0,6.21,2.5711504387461583,-3.064177772475911
2026-05-14 03:00:00,3.0,30,30,False,8.0,87.18,4.0,6.21,3.4641016151377544,-2.0000000000000004
2026-05-14 04:00:00,3.0,29,30,False,8.0,93.4,6.0,6.21,3.8567256581192373,-4.5962666587138665
2026-05-14 05:00:00,3.0,28,30,False,8.0,93.4,3.0,6.21,1.9283628290596186,-2.2981333293569333
2026-05-14 06:00:00,3.0,28,30,False,8.0,93.4,2.0,6.21,1.7320508075688772,-1.0000000000000002
2026-05-14 07:00:00,3.103448275862069,29,30,False,8.0,93.4,1.0,6.21,0.9848077530122081,-0.17364817766692997
2026-05-14 08:00:00,3.1724137931034484,29,30,False,8.0,93.4,2.0,6.21,1.9696155060244163,-0.34729635533385994
2026-05-14 09:00:00,3.0,25,30,False,10.0,87.37,3.0,6.21,2.9544232590366244,-0.5209445330007899
2026-05-14 10:00:00,3.0,28,30,False,13.0,71.65,9.0,6.21,4.500000000000001,7.794228634059947
2026-05-14 11:00:00,3.107142857142857,28,30,False,13.0,71.65,12.0,6.21,4.104241719908024,11.276311449430901
2026-05-14 12:00:00,3.0,29,30,False,14.0,71.84,12.0,6.21,4.104241719908024,11.276311449430901
2026-05-14 13:00:00,6.518518518518518,27,30,False,14.0,67.13,10.0,6.21,3.4202014332566866,9.396926207859085
2026-05-14 14:00:00,3.357142857142857,28,30,False,14.0,62.7,10.0,6.21,5.000000000000001,8.660254037844386
2026-05-14 15:00:00,3.7241379310344827,29,30,False,13.0,66.91,10.0,6.21,1.7364817766693048,9.84807753012208
2026-05-14 16:00:00,3.142857142857143,28,30,False,13.0,62.46,10.0,6.21,3.4202014332566866,9.396926207859085
2026-05-14 17:00:00,3.5357142857142856,28,30,False,13.0,62.46,9.0,6.21,3.0781812899310177,8.457233587073176
2026-05-14 18:00:00,3.0,28,30,False,11.0,71.26,6.0,6.21,2.052120859954012,5.638155724715451
2026-05-14 19:00:00,3.9310344827586206,29,30,False,11.0,71.26,4.0,0.0,1.3680805733026746,3.7587704831436337
2026-05-14 20:00:00,3.0,30,30,False,,,,,,
2026-05-14 21:00:00,40.607142857142854,28,30,False,8.0,87.18,2.0,6.21,0.6840402866513372,-1.8793852415718169
2026-05-14 22:00:00,238.31034482758622,29,30,False,6.33,91.24,3.0,2.69,2.183318272971631,2.057455058782129
2026-05-14 23:00:00,154.0,28,30,False,5.0,93.24,3.0,1.86,1.0260604299770058,-2.8190778623577253
2026-05-15 00:00:00,83.21428571428571,28,30,False,6.5,90.21,4.5,2.49,0.39220084236446073,4.482876141412855
2026-05-15 01:00:00,93.04,25,30,False,6.0,93.29,4.0,2.49,2.5711504387461583,-3.064177772475911
2026-05-15 02:00:00,85.03571428571429,28,30,False,6.0,93.29,3.0,3.11,1.0260604299770058,-2.8190778623577253
2026-05-15 03:00:00,102.03333333333333,30,30,False,6.0,93.29,5.0,3.73,1.710100716628343,-4.698463103929543
2026-05-15 04:00:00,86.14285714285714,28,30,False,5.0,93.24,5.0,3.73,0.868240888334652,-4.92403876506104
2026-05-15 05:00:00,48.62068965517241,29,30,False,4.0,93.19,5.0,3.11,2.500000000000002,-4.330127018922192
2026-05-15 06:00:00,38.214285714285715,28,30,False,5.0,93.24,5.0,4.35,0.868240888334652,-4.92403876506104
2026-05-15 07:00:00,28.03448275862069,29,30,False,4.0,97.73,5.33,2.07,1.8229673639258137,-5.008561668788892
2026-05-15 08:00:00,19.85185185185185,27,30,False,5.0,96.62,5.0,3.11,1.2940952255126035,-4.8296291314453415
2026-05-15 09:00:00,16.666666666666668,21,30,False,7.0,93.35,5.0,0.0,1.710100716628343,-4.698463103929543
2026-05-15 10:00:00,12.0,16,30,False,10.0,87.37,6.0,0.0,3.0000000000000027,-5.19615242270663
2026-05-15 11:00:00,6.724137931034483,29,30,False,12.0,71.45,6.0,0.0,3.8567256581192373,-4.5962666587138665
2026-05-15 12:00:00,4.413793103448276,29,30,False,14.0,67.13,5.0,6.21,0.868240888334652,-4.92403876506104
2026-05-15 13:00:00,3.8620689655172415,29,30,False,15.0,58.78,3.0,6.21,-0.520944533000791,-2.954423259036624
2026-05-15 14:00:00,3.0,29,30,False,15.0,54.86,4.0,6.21,2.0000000000000018,-3.4641016151377535
2026-05-15 15:00:00,3.0,29,30,False,15.0,54.86,4.0,6.21,2.5711504387461583,-3.064177772475911
2026-05-15 16:00:00,3.7037037037037037,27,30,False,14.0,67.13,8.0,6.21,-2.736161146605351,7.5175409662872665
2026-05-15 17:00:00,4.206896551724138,29,30,False,14.0,67.13,6.0,6.21,-2.0521208599540133,5.63815572471545
2026-05-15 18:00:00,11.851851851851851,27,30,False,12.0,76.51,4.0,5.59,-2.571150438746158,3.0641777724759116
2026-05-15 19:00:00,21.285714285714285,28,30,False,11.0,81.74,5.0,0.0,-4.92403876506104,0.8682408883346515
2026-05-15 20:00:00,21.857142857142858,28,30,False,10.0,87.37,2.0,0.0,-2.0,-1.2246467991473532e-16
2026-05-15 21:00:00,18.464285714285715,28,30,False,9.0,87.28,0.0,6.21,0.0,0.0
2026-05-15 22:00:00,34.73076923076923,26,30,False,7.0,93.35,2.0,1.55,1.8793852415718166,-0.684040286651338
2026-05-15 23:00:00,54.666666666666664,27,30,False,7.0,100.0,2.0,1.24,1.5320888862379562,-1.2855752193730785
2026-05-16 00:00:00,55.57142857142857,28,30,False,7.5,90.27,5.0,2.18,-1.7101007166283435,-4.698463103929543
2026-05-16 01:00:00,51.81481481481482,27,30,False,7.0,93.35,3.0,3.11,0.5209445330007911,-2.954423259036624
2026-05-16 02:00:00,24.142857142857142,28,30,False,8.0,87.18,8.0,6.21,-2.7361611466053497,-7.517540966287267
2026-05-16 03:00:00,12.566666666666666,30,30,False,8.0,81.33,9.0,6.21,-3.0781812899310186,-8.457233587073176
2026-05-16 04:00:00,6.857142857142857,28,30,False,8.0,81.33,8.0,6.21,1.389185421335443,-7.878462024097664
2026-05-16 05:00:00,6.689655172413793,29,30,False,8.0,81.33,6.0,6.21,2.0521208599540115,-5.638155724715451
2026-05-16 06:00:00,5.285714285714286,28,30,False,7.0,87.08,4.0,6.21,0.6945927106677215,-3.939231012048832
2026-05-16 07:00:00,9.1,30,30,False,7.0,87.08,4.0,6.21,1.3680805733026744,-3.7587704831436337
2026-05-16 08:00:00,9.62962962962963,27,30,False,7.0,93.35,5.0,0.0,-0.8682408883346516,-4.92403876506104
2026-05-16 09:00:00,12.275862068965518,29,30,False,8.0,87.18,5.0,6.21,1.710100716628343,-4.698463103929543
2026-05-16 10:00:00,8.962962962962964,27,30,False,9.0,87.28,5.0,0.0,0.868240888334652,-4.92403876506104
2026-05-16 11:00:00,4.931034482758621,29,30,False,13.0,71.65,7.0,6.21,3.500000000000003,-6.062177826491069
2026-05-16 12:00:00,3.259259259259259,27,30,False,14.0,62.7,8.0,6.21,6.128355544951825,-5.142300877492314
2026-05-16 13:00:00,4.827586206896552,29,30,False,15.0,62.93,9.0,6.21,8.457233587073175,-3.078181289931021
2026-05-16 14:00:00,4.071428571428571,28,30,False,15.0,62.93,7.0,6.21,7.0,1.2858791391047208e-15
2026-05-16 15:00:00,3.0,28,30,False,15.0,58.78,6.0,6.21,3.000000000000001,5.196152422706632
2026-05-16 16:00:00,3.0,29,30,False,14.0,71.84,7.0,6.21,6.5778483455013586,2.39414100327968
2026-05-16 17:00:00,4.678571428571429,28,30,False,14.0,76.83,7.0,6.21,6.0621778264910695,3.500000000000003
2026-05-16 18:00:00,11.107142857142858,28,30,False,13.0,82.0,4.0,6.21,2.0000000000000004,3.4641016151377544
2026-05-16 19:00:00,15.428571428571429,28,30,False,12.0,87.56,6.0,5.28,3.8567256581192355,4.596266658713869
2026-05-16 20:00:00,12.0,28,30,False,12.0,93.6,4.0,4.35,2.0000000000000004,3.4641016151377544
2026-05-16 21:00:00,5.551724137931035,29,30,False,12.0,93.6,5.0,6.21,0.8682408883346524,4.92403876506104
2026-05-16 22:00:00,3.8,25,30,False,13.0,87.65,8.0,6.21,-3.9999999999999996,6.92820323027551
2026-05-16 23:00:00,3.107142857142857,28,30,False,13.0,87.65,10.0,6.21,-3.420201433256689,9.396926207859083
2026-05-17 00:00:00,4.678571428571429,28,30,False,13.0,87.65,9.0,6.21,-3.07818128993102,8.457233587073175
2026-05-17 01:00:00,4.5,28,30,False,13.0,82.0,10.0,6.21,-1.7364817766693028,9.84807753012208
2026-05-17 02:00:00,3.5172413793103448,29,30,False,13.0,82.0,12.0,3.73,-2.083778132003163,11.817693036146496
2026-05-17 03:00:00,4.266666666666667,30,30,False,12.0,81.87,11.0,6.21,-1.9101299543362331,10.832885283134289
2026-05-17 04:00:00,3.0,28,30,False,12.0,76.51,11.0,6.21,-3.7622215765823577,10.336618828644992
2026-05-17 05:00:00,3.0,28,30,False,12.0,76.51,9.0,6.21,-3.07818128993102,8.457233587073175
2026-05-17 06:00:00,3.0,28,30,False,12.0,71.45,12.0,6.21,-2.083778132003163,11.817693036146496
2026-05-17 07:00:00,3.0,28,30,False,12.0,66.7,10.0,6.21,-1.7364817766693028,9.84807753012208
2026-05-17 08:00:00,3.0,28,30,False,11.0,71.26,12.0,6.21,-1.4695761589768238e-15,12.0
2026-05-17 09:00:00,3.0,30,30,False,12.0,66.7,10.0,6.21,-1.2246467991473533e-15,10.0
2026-05-17 10:00:00,3.0,26,30,False,12.0,62.22,12.0,6.21,2.0837781320031654,11.817693036146496
2026-05-17 11:00:00,3.0,28,30,False,13.0,62.46,11.0,6.21,-1.9101299543362331,10.832885283134289
2026-05-17 12:00:00,3.0,28,30,False,13.0,62.46,13.0,6.21,2.257426309670096,12.802500789158705
2026-05-17 13:00:00,3.0,30,30,False,12.0,58.02,12.0,6.21,2.0837781320031654,11.817693036146496
2026-05-17 14:00:00,3.0,28,30,False,12.0,58.02,12.0,6.21,4.104241719908024,11.276311449430901
2026-05-17 15:00:00,3.0,28,30,False,12.0,58.02,10.0,6.21,3.4202014332566866,9.396926207859085
2026-05-17 16:00:00,3.0,28,30,False,12.0,58.02,9.0,6.21,3.0781812899310177,8.457233587073176
2026-05-17 17:00:00,3.0,29,30,False,11.0,66.48,11.0,6.21,5.500000000000001,9.526279441628825
2026-05-17 18:00:00,3.2222222222222223,27,30,False,10.0,66.26,6.0,6.21,3.000000000000001,5.196152422706632
2026-05-17 19:00:00,3.9642857142857144,28,30,False,8.0,81.33,4.0,6.21,4.0,7.347880794884119e-16
2026-05-17 20:00:00,3.0,29,30,False,8.0,81.33,4.0,6.21,4.0,7.347880794884119e-16
2026-05-17 21:00:00,3.0,28,30,False,7.0,87.08,3.0,6.21,1.9283628290596186,-2.2981333293569333
2026-05-17 22:00:00,3.0,26,30,False,7.0,87.08,3.0,4.35,1.9283628290596186,-2.2981333293569333
2026-05-17 23:00:00,3.0,29,30,False,7.0,87.08,5.0,6.21,3.8302222155948904,-3.2139380484326963
2026-05-18 00:00:00,3.0,28,30,False,6.0,93.29,5.0,0.0,4.330127018922193,-2.5000000000000004
2026-05-18 01:00:00,3.0,28,30,False,6.0,86.99,5.0,6.21,4.330127018922193,-2.5000000000000004
2026-05-18 02:00:00,3.0,29,30,False,6.0,86.99,5.0,6.21,4.330127018922193,-2.5000000000000004
2026-05-18 03:00:00,3.0,30,30,False,5.0,93.24,5.0,6.21,3.213938048432698,-3.830222215594889
2026-05-18 04:00:00,3.0,29,30,False,5.0,86.89,4.0,6.21,3.4641016151377544,-2.0000000000000004
2026-05-18 05:00:00,3.0,28,30,False,5.0,86.89,5.0,6.21,4.330127018922193,-2.5000000000000004
2026-05-18 06:00:00,3.0,28,30,False,4.0,93.19,4.0,6.21,3.4641016151377544,-2.0000000000000004
2026-05-18 07:00:00,5.310344827586207,29,30,False,4.0,93.19,5.0,6.21,3.213938048432698,-3.830222215594889
2026-05-18 08:00:00,21.517241379310345,29,30,False,4.0,93.19,4.0,6.21,2.5711504387461583,-3.064177772475911
2026-05-18 09:00:00,23.36,25,30,False,6.0,86.99,4.0,6.21,2.5711504387461583,-3.064177772475911
2026-05-18 10:00:00,13.89655172413793,29,30,False,9.0,87.28,6.0,6.21,5.63815572471545,-2.052120859954014
2026-05-18 11:00:00,3.0,29,30,False,13.0,66.91,8.0,6.21,7.878462024097665,-1.3891854213354398
2026-05-18 12:00:00,3.0,29,30,False,14.0,50.91,11.0,6.21,10.832885283134289,-1.9101299543362296
2026-05-18 13:00:00,3.4827586206896552,29,30,False,15.0,51.18,12.0,6.21,12.0,2.204364238465236e-15
2026-05-18 14:00:00,3.0,27,30,False,15.0,44.47,13.0,6.21,13.0,2.3880612583373385e-15
2026-05-18 15:00:00,4.379310344827586,29,30,False,14.0,47.44,14.0,6.21,13.787308542170912,2.4310744873370247
2026-05-18 16:00:00,3.5517241379310347,29,30,False,14.0,41.12,13.0,6.21,13.0,2.3880612583373385e-15
2026-05-18 17:00:00,9.678571428571429,28,30,False,13.0,50.63,10.0,6.21,9.848077530122081,-1.7364817766692997
2026-05-18 18:00:00,27.6,30,30,False,10.0,66.26,6.0,6.21,5.63815572471545,-2.052120859954014
2026-05-18 19:00:00,32.333333333333336,27,30,False,9.0,76.01,5.0,6.21,4.330127018922193,-2.5000000000000004
2026-05-18 20:00:00,44.535714285714285,28,30,False,9.0,76.01,5.0,6.21,2.500000000000002,-4.330127018922192
2026-05-18 21:00:00,57.407407407407405,27,30,False,8.0,75.84,4.0,6.21,2.5711504387461583,-3.064177772475911
2026-05-18 22:00:00,54.857142857142854,28,30,False,8.0,75.84,5.0,6.21,3.213938048432698,-3.830222215594889
2026-05-18 23:00:00,40.17857142857143,28,30,False,7.0,75.67,4.0,6.21,2.5711504387461583,-3.064177772475911
2026-05-19 00:00:00,35.214285714285715,28,30,False,7.0,75.67,5.0,6.21,3.213938048432698,-3.830222215594889
2026-05-19 01:00:00,32.67857142857143,28,30,False,7.0,75.67,5.0,6.21,3.8302222155948904,-3.2139380484326963
2026-05-19 02:00:00,19.655172413793103,29,30,False,6.0,75.49,4.0,6.21,2.0000000000000018,-3.4641016151377535
2026-05-19 03:00:00,17.7,30,30,False,5.0,80.92,5.0,6.21,2.500000000000002,-4.330127018922192
2026-05-19 04:00:00,12.285714285714286,28,30,False,5.0,80.92,6.0,6.21,3.8567256581192373,-4.5962666587138665
2026-05-19 05:00:00,12.827586206896552,29,30,False,5.0,80.92,5.0,6.21,2.500000000000002,-4.330127018922192
2026-05-19 06:00:00,18.17241379310345,29,30,False,4.0,86.79,5.0,6.21,3.213938048432698,-3.830222215594889
2026-05-19 07:00:00,10.03448275862069,29,30,False,4.0,86.79,6.0,6.21,3.0000000000000027,-5.19615242270663
2026-05-19 08:00:00,14.851851851851851,27,30,False,4.0,93.19,5.0,6.21,3.213938048432698,-3.830222215594889
2026-05-19 09:00:00,19.192307692307693,26,30,False,7.0,87.08,7.0,6.21,5.362311101832847,-4.499513267805774
2026-05-19 10:00:00,12.73076923076923,26,30,False,10.0,87.37,9.0,6.21,7.794228634059947,-4.500000000000001
2026-05-19 11:00:00,9.428571428571429,28,30,False,13.5,67.18,16.0,6.21,15.454813220625095,-4.141104721640325
2026-05-19 12:00:00,10.785714285714286,28,30,False,14.0,62.7,15.0,6.21,14.772116295183121,-2.6047226650039494
2026-05-19 13:00:00,12.178571428571429,28,30,False,15.0,54.86,15.0,6.21,15.0,2.7554552980815444e-15
2026-05-19 14:00:00,13.071428571428571,28,30,False,15.0,54.86,18.0,6.21,17.726539554219748,-3.1256671980047397
2026-05-19 15:00:00,16.214285714285715,28,30,False,15.0,54.86,15.0,6.21,14.772116295183121,-2.6047226650039494
2026-05-19 16:00:00,16.464285714285715,28,30,False,15.0,54.86,13.0,6.21,12.802500789158707,-2.2574263096700897
2026-05-19 17:00:00,17.448275862068964,29,30,False,14.0,54.6,12.0,6.21,11.817693036146498,-2.0837781320031596
2026-05-19 18:00:00,16.413793103448278,29,30,False,11.0,66.48,9.0,6.21,8.457233587073175,-3.078181289931021
2026-05-19 19:00:00,14.5,28,30,False,10.0,71.06,5.0,6.21,3.8302222155948904,-3.2139380484326963
2026-05-19 20:00:00,11.678571428571429,28,30,False,10.0,76.17,7.0,6.21,5.362311101832847,-4.499513267805774
2026-05-19 21:00:00,8.655172413793103,29,30,False,8.0,81.33,7.0,6.21,6.06217782649107,-3.500000000000001
2026-05-19 22:00:00,11.846153846153847,26,30,False,8.0,81.33,7.0,6.21,6.06217782649107,-3.500000000000001
2026-05-19 23:00:00,3.4482758620689653,29,30,False,8.0,81.33,7.0,6.21,6.06217782649107,-3.500000000000001
2026-05-20 00:00:00,4.185185185185185,27,30,False,8.0,81.33,6.0,6.21,5.63815572471545,-2.052120859954014
2026-05-20 01:00:00,5.142857142857143,28,30,False,8.0,87.18,6.0,6.21,5.196152422706632,-3.000000000000001
2026-05-20 02:00:00,3.0,28,30,False,8.0,93.4,6.0,6.21,5.196152422706632,-3.000000000000001
2026-05-20 03:00:00,3.566666666666667,30,30,False,7.5,96.7,4.0,5.28,3.6252311481465993,-1.6904730469627984
2026-05-20 04:00:00,4.862068965517241,29,30,False,10.0,93.5,10.0,6.21,5.000000000000001,8.660254037844386
2026-05-20 05:00:00,3.3214285714285716,28,30,False,10.0,87.37,9.0,6.21,5.785088487178854,6.894399988070803
2026-05-20 06:00:00,3.2,30,30,False,11.0,76.34,13.0,6.21,4.446261863233692,12.21600407021681
2026-05-20 07:00:00,3.2142857142857144,28,30,False,11.0,76.34,10.0,6.21,5.000000000000001,8.660254037844386
2026-05-20 08:00:00,4.724137931034483,29,30,False,11.0,81.74,10.0,6.21,6.4278760968653925,7.660444431189781
2026-05-20 09:00:00,6.285714285714286,21,30,False,12.0,76.51,10.0,6.21,6.4278760968653925,7.660444431189781
2026-05-20 10:00:00,6.344827586206897,29,30,False,13.0,71.65,13.0,6.21,6.500000000000002,11.258330249197702
2026-05-20 11:00:00,7.535714285714286,28,30,False,13.0,66.91,17.0,6.21,8.500000000000002,14.722431864335457
2026-05-20 12:00:00,3.4482758620689653,29,30,False,13.0,71.65,18.0,6.21,11.570176974357707,13.788799976141606
2026-05-20 13:00:00,3.0,27,30,False,13.0,66.91,17.0,6.21,8.500000000000002,14.722431864335457
2026-05-20 14:00:00,3.107142857142857,28,30,False,12.0,71.45,18.0,6.21,9.000000000000002,15.588457268119894
2026-05-20 15:00:00,3.103448275862069,29,30,False,12.0,71.45,17.0,6.21,8.500000000000002,14.722431864335457
2026-05-20 16:00:00,6.0,28,30,False,12.0,62.22,12.0,6.21,6.000000000000002,10.392304845413264
2026-05-20 17:00:00,3.7857142857142856,28,30,False,12.0,66.7,12.0,6.21,2.0837781320031654,11.817693036146496
2026-05-20 18:00:00,3.0,29,30,False,12.0,62.22,12.0,6.21,2.0837781320031654,11.817693036146496
2026-05-20 19:00:00,3.0,28,30,False,12.0,50.35,15.0,6.21,2.604722665003957,14.772116295183121
2026-05-20 20:00:00,3.0,28,30,False,11.5,68.98,16.0,6.21,-1.959434878635765e-15,16.0
2026-05-20 21:00:00,3.12,25,30,False,11.0,61.99,14.0,6.21,-1.7145055188062944e-15,14.0
2026-05-20 22:00:00,3.0,28,30,False,11.0,53.8,13.0,6.21,4.446261863233692,12.21600407021681
2026-05-20 23:00:00,3.0,28,30,False,11.0,61.99,11.0,6.21,3.7622215765823555,10.336618828644992
2026-05-21 00:00:00,3.0,28,30,False,11.0,66.48,12.0,6.21,2.0837781320031654,11.817693036146496
2026-05-21 01:00:00,3.0,28,30,False,10.0,71.06,8.0,6.21,2.7361611466053493,7.517540966287267
2026-05-21 02:00:00,3.0,27,30,False,10.0,71.06,13.0,6.21,4.446261863233692,12.21600407021681
2026-05-21 03:00:00,3.0,30,30,False,11.0,50.07,12.0,6.21,-1.4695761589768238e-15,12.0
2026-05-21 04:00:00,3.0,28,30,False,11.0,53.8,10.0,6.21,-1.2246467991473533e-15,10.0
2026-05-21 05:00:00,3.0,29,30,False,11.0,53.8,8.0,6.21,1.3891854213354438,7.878462024097664
2026-05-21 06:00:00,3.0,29,30,False,10.0,57.51,7.0,6.21,-8.572527594031472e-16,7.0
2026-05-21 07:00:00,3.0,27,30,False,11.0,53.8,10.0,6.21,-1.7364817766693028,9.84807753012208
2026-05-21 08:00:00,3.0,27,30,False,10.0,61.75,8.0,6.21,-2.736161146605351,7.5175409662872665
2026-05-21 09:00:00,3.0,27,30,False,11.0,57.76,8.0,6.21,2.7361611466053493,7.517540966287267
2026-05-21 10:00:00,3.0,28,30,False,11.0,57.76,8.0,6.21,-2.736161146605351,7.5175409662872665
2026-05-21 11:00:00,3.142857142857143,28,30,False,11.0,53.8,8.0,6.21,-9.797174393178826e-16,8.0
2026-05-21 12:00:00,3.0,28,30,False,11.0,57.76,9.0,6.21,-1.5628335990023725,8.863269777109872
2026-05-21 13:00:00,3.0,29,30,False,11.0,53.8,8.0,6.21,-9.797174393178826e-16,8.0
2026-05-21 14:00:00,3.0,29,30,False,12.0,54.07,7.0,6.21,-8.572527594031472e-16,7.0
2026-05-21 15:00:00,3.0,29,30,False,12.0,54.07,5.0,6.21,-2.4999999999999996,4.330127018922194
2026-05-21 16:00:00,3.642857142857143,28,30,False,11.0,57.76,7.0,6.21,-8.572527594031472e-16,7.0
2026-05-21 17:00:00,3.0,28,30,False,11.0,57.76,5.0,6.21,3.2139380484326963,3.8302222155948904
2026-05-21 18:00:00,3.103448275862069,29,30,False,10.0,61.75,4.0,6.21,0.6945927106677219,3.939231012048832
2026-05-21 19:00:00,3.107142857142857,28,30,False,10.0,61.75,4.0,6.21,2.571150438746157,3.0641777724759125
2026-05-21 20:00:00,3.0,29,30,False,10.0,61.75,6.0,6.21,-1.0418890660015816,5.908846518073248
2026-05-21 21:00:00,3.0,26,30,False,10.0,61.75,3.0,6.21,-0.5209445330007908,2.954423259036624
2026-05-21 22:00:00,3.0,28,30,False,9.0,66.04,5.0,6.21,-2.4999999999999996,4.330127018922194
2026-05-21 23:00:00,3.0,28,30,False,9.0,66.04,5.0,6.21,-2.4999999999999996,4.330127018922194
2026-05-22 00:00:00,3.0,28,30,False,10.0,66.26,6.0,6.21,-2.9999999999999996,5.196152422706632
2026-05-22 01:00:00,3.0,28,30,False,11.0,61.99,7.0,6.21,-1.215537243668512,6.893654271085456
2026-05-22 02:00:00,3.0,28,30,False,11.0,61.99,7.0,6.21,-4.499513267805776,5.362311101832845
2026-05-22 03:00:00,3.0,30,30,False,11.0,66.48,5.0,6.21,-1.7101007166283444,4.698463103929542
2026-05-22 04:00:00,3.0,29,30,False,11.0,66.48,5.0,6.21,-1.7101007166283444,4.698463103929542
2026-05-22 05:00:00,3.0,28,30,False,10.0,71.06,2.0,6.21,1.9696155060244163,-0.34729635533385994
2026-05-22 06:00:00,3.1,30,30,False,9.0,81.47,3.0,6.21,2.598076211353316,-1.5000000000000004
2026-05-22 07:00:00,3.107142857142857,28,30,False,10.0,76.17,2.0,6.21,0.3472963553338608,-1.969615506024416
2026-05-22 08:00:00,3.9655172413793105,29,30,False,9.0,81.47,2.0,6.21,1.5320888862379562,-1.2855752193730785
2026-05-22 09:00:00,5.6521739130434785,23,30,False,11.0,71.26,3.0,6.21,-1.4999999999999998,2.598076211353316
2026-05-22 10:00:00,6.133333333333333,30,30,False,11.0,76.34,4.0,6.21,-4.898587196589413e-16,4.0
2026-05-22 11:00:00,13.703703703703704,27,30,False,11.0,81.74,4.0,6.21,0.6945927106677219,3.939231012048832
2026-05-22 12:00:00,3.0,28,30,False,13.0,71.65,8.0,6.21,-2.736161146605351,7.5175409662872665
2026-05-22 13:00:00,3.0,29,30,False,12.0,71.45,7.0,6.21,-2.394141003279682,6.5778483455013586
2026-05-22 14:00:00,3.0,28,30,False,12.0,71.45,7.0,6.21,-2.394141003279682,6.5778483455013586
2026-05-22 15:00:00,3.0,29,30,False,11.0,81.74,8.0,6.21,-5.142300877492316,6.128355544951823
2026-05-22 16:00:00,3.5172413793103448,29,30,False,12.0,71.45,3.0,6.21,-3.6739403974420594e-16,3.0
2026-05-22 17:00:00,4.571428571428571,28,30,False,12.0,71.45,4.0,6.21,-3.464101615137755,1.9999999999999991
2026-05-22 18:00:00,5.0344827586206895,29,30,False,11.0,81.74,3.0,6.21,-2.8190778623577253,1.0260604299770062
2026-05-22 19:00:00,3.7037037037037037,27,30,False,11.0,87.47,5.0,6.21,-2.4999999999999996,4.330127018922194
2026-05-22 20:00:00,3.0,30,30,False,11.0,90.51,3.5,6.21,-1.7499999999999998,3.0310889132455356
2026-05-22 21:00:00,3.0,25,30,False,11.0,87.47,4.0,6.21,-1.3680805733026755,3.7587704831436333
2026-05-22 22:00:00,7.678571428571429,28,30,False,11.0,87.47,3.0,6.21,-1.4999999999999998,2.598076211353316
2026-05-22 23:00:00,11.10344827586207,29,30,False,11.0,81.74,2.0,6.21,0.6840402866513372,-1.8793852415718169
2026-05-23 00:00:00,12.518518518518519,27,30,False,11.0,81.74,3.0,6.21,-1.0260604299770062,-2.8190778623577253
2026-05-23 01:00:00,8.25,28,30,False,10.0,81.6,2.0,6.21,4.898587196589413e-16,-2.0
2026-05-23 02:00:00,3.0,29,30,False,10.0,87.37,2.0,6.21,1.8793852415718169,0.6840402866513371
2026-05-23 03:00:00,3.0,30,30,False,10.0,87.37,2.0,6.21,1.969615506024416,0.34729635533386066
2026-05-23 04:00:00,3.0,28,30,False,,,,,,
2026-05-23 05:00:00,3.0,29,30,False,8.0,93.4,4.0,5.59,0.6945927106677215,-3.939231012048832
2026-05-23 06:00:00,3.0,27,30,False,,,,,,
2026-05-23 07:00:00,14.89655172413793,29,30,False,5.5,93.27,2.5,1.46,1.250000000000001,-2.165063509461096
2026-05-23 08:00:00,47.2,30,30,False,5.5,93.27,4.0,1.09,0.3486229709906318,3.984778792366982
2026-05-23 09:00:00,58.16,25,30,False,8.0,93.4,3.0,3.73,-0.520944533000791,-2.954423259036624
2026-05-23 10:00:00,5.821428571428571,28,30,False,11.0,81.74,2.0,6.21,-1.2855752193730785,-1.532088886237956
2026-05-23 11:00:00,3.0,28,30,False,13.0,76.67,3.0,6.21,-2.598076211353316,1.4999999999999993
2026-05-23 12:00:00,3.206896551724138,29,30,False,13.0,66.91,6.0,6.21,-5.196152422706632,2.9999999999999987
2026-05-23 13:00:00,3.392857142857143,28,30,False,14.0,67.13,7.0,6.21,-6.893654271085456,1.2155372436685121
2026-05-23 14:00:00,3.0,28,30,False,14.0,71.84,8.0,6.21,-6.128355544951824,5.142300877492315
2026-05-23 15:00:00,3.0,28,30,False,13.0,76.67,9.0,6.21,-6.894399988070802,5.785088487178855
2026-05-23 16:00:00,3.0,28,30,False,13.0,76.67,9.0,6.21,-6.894399988070802,5.785088487178855
2026-05-23 17:00:00,3.357142857142857,28,30,False,13.0,76.67,9.0,6.21,-7.794228634059948,4.499999999999998
2026-05-23 18:00:00,3.3703703703703702,27,30,False,12.0,87.56,7.0,6.21,-6.5778483455013586,2.394141003279681
2026-05-23 19:00:00,4.689655172413793,29,30,False,12.0,87.56,7.0,6.21,-6.062177826491071,3.4999999999999982
2026-05-23 20:00:00,10.827586206896552,29,30,False,12.0,87.56,8.0,6.21,-7.517540966287267,2.7361611466053497
2026-05-23 21:00:00,3.8076923076923075,26,30,False,12.0,87.56,9.0,6.21,-8.457233587073176,3.0781812899310186
2026-05-23 22:00:00,4.25,28,30,False,12.0,87.56,9.0,6.21,-8.863269777109872,1.5628335990023727
2026-05-23 23:00:00,6.464285714285714,28,30,False,12.0,87.56,9.0,6.21,-9.0,-5.51091059616309e-16
2026-05-24 00:00:00,7.714285714285714,28,30,False,12.0,87.56,7.0,6.21,-6.893654271085456,-1.2155372436685128
2026-05-24 01:00:00,7.851851851851852,27,30,False,11.0,93.55,4.0,6.21,-3.939231012048832,-0.6945927106677217
2026-05-24 02:00:00,9.172413793103448,29,30,False,9.0,93.45,0.0,4.97,0.0,0.0
2026-05-24 03:00:00,7.366666666666667,30,30,False,10.0,93.5,2.0,6.21,-0.6840402866513374,-1.8793852415718169
2026-05-24 04:00:00,4.571428571428571,28,30,False,11.0,93.55,4.0,6.21,-4.0,-2.4492935982947064e-16
2026-05-24 05:00:00,3.5172413793103448,29,30,False,10.5,93.53,5.5,4.66,-5.416442641567144,-0.9550649771681172
2026-05-24 06:00:00,3.6206896551724137,29,30,False,10.0,93.5,4.0,1.86,-3.939231012048832,-0.6945927106677217
2026-05-24 07:00:00,3.9642857142857144,28,30,False,8.0,100.0,0.0,0.19,0.0,0.0
2026-05-24 08:00:00,11.64,25,30,False,8.0,100.0,4.0,0.31,-1.3680805733026749,-3.7587704831436337
2026-05-24 09:00:00,8.428571428571429,28,30,False,10.0,93.5,2.0,0.47,-0.17431148549531633,-1.992389396183491
2026-05-24 10:00:00,9.464285714285714,28,30,False,11.0,98.39,5.25,1.46,1.13630797317504,-5.12555403737965
2026-05-24 11:00:00,7.444444444444445,27,30,False,11.5,96.8,8.0,6.21,2.0705523608201655,-7.7274066103125465
2026-05-24 12:00:00,7.068965517241379,29,30,False,13.0,93.65,6.0,6.21,1.0418890660015823,-5.908846518073248
2026-05-24 13:00:00,6.642857142857143,28,30,False,15.0,82.26,6.0,6.21,1.0418890660015823,-5.908846518073248
2026-05-24 14:00:00,26.107142857142858,28,30,False,16.0,77.15,6.0,6.21,-2.0521208599540124,-5.638155724715451
2026-05-24 15:00:00,31.79310344827586,29,30,False,16.0,77.15,5.0,6.21,-3.83022221559489,-3.2139380484326967
2026-05-24 16:00:00,23.25,28,30,False,14.0,87.75,10.0,6.21,-9.396926207859085,3.420201433256687
2026-05-24 17:00:00,15.321428571428571,28,30,False,13.0,93.65,10.0,6.21,-9.84807753012208,1.736481776669303
2026-05-24 18:00:00,24.88888888888889,27,30,False,12.0,93.6,9.0,6.21,-8.457233587073176,3.0781812899310186
2026-05-24 19:00:00,23.517241379310345,29,30,False,12.0,100.0,6.0,6.21,-5.638155724715451,2.0521208599540124
2026-05-24 20:00:00,24.51851851851852,27,30,False,12.0,100.0,3.0,6.21,-1.9283628290596184,2.2981333293569337
2026-05-24 21:00:00,18.03448275862069,29,30,False,13.0,93.65,6.5,4.04,-6.278517870878944,1.6823237931663855
2026-05-24 22:00:00,25.678571428571427,28,30,False,12.0,100.0,4.0,0.42,-3.8148678029929077,1.2028231980170925
2026-05-24 23:00:00,38.172413793103445,29,30,False,,,,,,
2026-05-25 00:00:00,29.357142857142858,28,30,False,12.0,93.6,3.0,1.86,-2.954423259036624,0.5209445330007909
2026-05-25 01:00:00,40.724137931034484,29,30,False,11.0,97.85,4.33,5.18,-2.9695934681755394,-3.1512560406557215
2026-05-25 02:00:00,52.86206896551724,29,30,False,8.33,95.62,2.33,0.37,1.9474311519880696,-1.2792231659356472
2026-05-25 03:00:00,66.63333333333334,30,30,False,9.0,100.0,2.0,0.62,1.5320888862379562,-1.2855752193730785
2026-05-25 04:00:00,42.03703703703704,27,30,False,8.5,100.0,2.0,1.18,0.5176380902050414,-1.9318516525781366
2026-05-25 05:00:00,13.821428571428571,28,30,False,9.5,93.48,3.5,1.37,0.9058666578588224,-3.380740392011739
2026-05-25 06:00:00,13.241379310344827,29,30,False,9.0,97.82,2.67,1.45,0.9131937826795351,-2.5089792974983753
2026-05-25 07:00:00,18.071428571428573,28,30,False,10.0,95.67,3.67,1.82,0.8442825354803433,-3.571566463091914
2026-05-25 08:00:00,13.185185185185185,27,30,False,9.0,100.0,2.5,2.74,0.434120444167326,-2.46201938253052
2026-05-25 09:00:00,8.541666666666666,24,30,False,10.0,93.5,3.0,1.86,1.5000000000000013,-2.598076211353315
2026-05-25 10:00:00,7.357142857142857,28,30,False,13.0,93.65,5.0,4.97,1.2246467991473533e-15,-5.0
2026-05-25 11:00:00,3.3333333333333335,27,30,False,15.0,87.84,7.0,6.21,1.7145055188062944e-15,-7.0
2026-05-25 12:00:00,3.642857142857143,28,30,False,16.0,77.15,7.0,6.21,1.2155372436685128,-6.893654271085456
2026-05-25 13:00:00,4.285714285714286,28,30,False,16.0,82.38,4.0,6.21,9.797174393178826e-16,-4.0
2026-05-25 14:00:00,11.428571428571429,28,30,False,18.0,72.58,5.0,6.21,-1.7101007166283435,-4.698463103929543
2026-05-25 15:00:00,9.285714285714286,28,30,False,18.0,72.58,4.0,6.21,9.797174393178826e-16,-4.0
2026-05-25 16:00:00,8.642857142857142,28,30,False,18.0,72.58,4.0,6.21,-2.571150438746157,-3.064177772475912
2026-05-25 17:00:00,6.866666666666667,30,30,False,15.0,82.26,8.0,6.21,-7.517540966287267,2.7361611466053497
2026-05-25 18:00:00,8.678571428571429,28,30,False,14.0,87.75,9.0,6.21,-8.457233587073176,3.0781812899310186
2026-05-25 19:00:00,6.75,28,30,False,14.0,87.75,7.0,6.21,-6.893654271085456,1.2155372436685121
2026-05-25 20:00:00,7.482758620689655,29,30,False,13.0,93.65,3.0,6.21,-2.8190778623577253,1.0260604299770062
2026-05-25 21:00:00,11.307692307692308,26,30,False,13.0,93.65,3.0,6.21,-1.4999999999999998,2.598076211353316
2026-05-25 22:00:00,12.392857142857142,28,30,False,10.5,96.83,4.0,3.73,-3.064177772475912,2.5711504387461575
2026-05-25 23:00:00,13.535714285714286,28,30,False,9.5,96.8,2.5,0.87,-2.0478801107224793,1.4339410908776153
